generated_at_utc,file_date,submit_datetime,filer_name,edinet_code,sec_code,doc_description,doc_type_code,form_code,doc_id,priority_section,matched_keyword,matched_file,matched_row_index,matched_columns,source_type,text_length,extracted_text,error
2026-07-24T21:02:01+00:00,2026-07-23,2026-07-23 17:13,山本裕治,E41330,,変更報告書,350,010002,S100YS3G,大量保有：保有割合・増減,保有割合,XBRL_TO_CSV/jplvh010000-lvh-001_E41330-000_2026-07-22_11_2026-07-23.csv,52,"要素ID,項目名,コンテキストID,相対年度,連結・個別,期間・時点,ユニットID,値",edinet_csv_zip,217,要素ID: jplvh_cor:HoldingRatioOfShareCertificatesEtc | 項目名: 株券等保有割合 | コンテキストID: FilingDateInstant_jplvh010000-lvh_E41330-000FilerLargeVolumeHolder1Member | 相対年度: 提出日時点 | 連結・個別: その他 | 期間・時点: 時点 | ユニットID: pure | 値: 0.1559,
2026-07-24T21:02:01+00:00,2026-07-23,2026-07-23 17:13,山本裕治,E41330,,変更報告書,350,010002,S100YS3G,大量保有：保有割合・増減,保有割合,XBRL_TO_CSV/jplvh010000-lvh-001_E41330-000_2026-07-22_11_2026-07-23.csv,53,"要素ID,項目名,コンテキストID,相対年度,連結・個別,期間・時点,ユニットID,値",edinet_csv_zip,242,要素ID: jplvh_cor:HoldingRatioOfShareCertificatesEtcPerLastReport | 項目名: 直前の報告書に記載された株券等保有割合 | コンテキストID: FilingDateInstant_jplvh010000-lvh_E41330-000FilerLargeVolumeHolder1Member | 相対年度: 提出日時点 | 連結・個別: その他 | 期間・時点: 時点 | ユニットID: pure | 値: 0.1455,
2026-07-24T21:02:01+00:00,2026-07-23,2026-07-23 17:13,山本裕治,E41330,,変更報告書,350,010002,S100YS3G,大量保有：保有割合・増減,保有割合,XBRL_TO_CSV/jplvh010000-lvh-001_E41330-000_2026-07-22_11_2026-07-23.csv,66,"要素ID,項目名,コンテキストID,相対年度,連結・個別,期間・時点,ユニットID,単位,値",edinet_csv_zip,203,要素ID: jplvh_cor:ReasonForFilingChangeReportCoverPage | 項目名: 変更報告書提出事由、表紙 | コンテキストID: FilingDateInstant | 相対年度: 提出日時点 | 連結・個別: その他 | 期間・時点: 時点 | ユニットID: － | 単位: － | 値: ・株式等保有割合が１％以上増加したこと・担保契約等重要な契約に関する変更,
2026-07-24T21:02:01+00:00,2026-07-23,2026-07-23 17:13,山本裕治,E41330,,変更報告書,350,010002,S100YS3G,臨時報告書：提出事由・発生事実,提出事由,XBRL_TO_CSV/jplvh010000-lvh-001_E41330-000_2026-07-22_11_2026-07-23.csv,66,"要素ID,項目名,コンテキストID,相対年度,連結・個別,期間・時点,ユニットID,単位,値",edinet_csv_zip,203,要素ID: jplvh_cor:ReasonForFilingChangeReportCoverPage | 項目名: 変更報告書提出事由、表紙 | コンテキストID: FilingDateInstant | 相対年度: 提出日時点 | 連結・個別: その他 | 期間・時点: 時点 | ユニットID: － | 単位: － | 値: ・株式等保有割合が１％以上増加したこと・担保契約等重要な契約に関する変更,
2026-07-24T21:02:01+00:00,2026-07-23,2026-07-23 17:13,山本裕治,E41330,,変更報告書,350,010002,S100YS3G,大量保有：保有目的,保有目的,XBRL_TO_CSV/jplvh010000-lvh-001_E41330-000_2026-07-22_11_2026-07-23.csv,116,"要素ID,項目名,コンテキストID,相対年度,連結・個別,期間・時点,ユニットID,単位,値",edinet_csv_zip,198,要素ID: jplvh_cor:PurposeOfHolding | 項目名: 保有目的 | コンテキストID: FilingDateInstant_jplvh010000-lvh_E41330-000FilerLargeVolumeHolder1Member | 相対年度: 提出日時点 | 連結・個別: その他 | 期間・時点: 時点 | ユニットID: － | 単位: － | 値: 純投資,
2026-07-24T21:02:01+00:00,2026-07-23,2026-07-23 17:13,山本裕治,E41330,,変更報告書,350,010002,S100YS3G,大量保有：保有割合・増減,保有割合,XBRL_TO_CSV/jplvh010000-lvh-001_E41330-000_2026-07-22_11_2026-07-23.csv,120,"要素ID,項目名,コンテキストID,相対年度,連結・個別,期間・時点,ユニットID,単位,値",edinet_csv_zip,247,要素ID: jplvh_cor:NotesHoldingRatioOfShareCertificatesEtcTextBlock | 項目名: 欄外注記、株券等保有割合 [テキストブロック] | コンテキストID: FilingDateInstant_jplvh010000-lvh_E41330-000FilerLargeVolumeHolder1Member | 相対年度: 提出日時点 | 連結・個別: その他 | 期間・時点: 時点 | ユニットID: － | 単位: － | 値: －,
2026-07-24T21:02:01+00:00,2026-07-23,2026-07-23 17:12,株式会社イリュウ商事,E07535,,訂正報告書（大量保有報告書・変更報告書）,360,090001,S100YS39,大量保有：保有割合・増減,保有割合,XBRL_TO_CSV/jplvh010000-lvh-001_E07535-000_2026-06-30_02_2026-07-23.csv,52,"要素ID,項目名,コンテキストID,相対年度,連結・個別,期間・時点,ユニットID,値",edinet_csv_zip,217,要素ID: jplvh_cor:HoldingRatioOfShareCertificatesEtc | 項目名: 株券等保有割合 | コンテキストID: FilingDateInstant_jplvh010000-lvh_E07535-000FilerLargeVolumeHolder1Member | 相対年度: 提出日時点 | 連結・個別: その他 | 期間・時点: 時点 | ユニットID: pure | 値: 0.3668,
2026-07-24T21:02:01+00:00,2026-07-23,2026-07-23 17:12,株式会社イリュウ商事,E07535,,訂正報告書（大量保有報告書・変更報告書）,360,090001,S100YS39,大量保有：保有割合・増減,保有割合,XBRL_TO_CSV/jplvh010000-lvh-001_E07535-000_2026-06-30_02_2026-07-23.csv,53,"要素ID,項目名,コンテキストID,相対年度,連結・個別,期間・時点,ユニットID,値",edinet_csv_zip,242,要素ID: jplvh_cor:HoldingRatioOfShareCertificatesEtcPerLastReport | 項目名: 直前の報告書に記載された株券等保有割合 | コンテキストID: FilingDateInstant_jplvh010000-lvh_E07535-000FilerLargeVolumeHolder1Member | 相対年度: 提出日時点 | 連結・個別: その他 | 期間・時点: 時点 | ユニットID: pure | 値: 0.3668,
2026-07-24T21:02:01+00:00,2026-07-23,2026-07-23 17:12,株式会社イリュウ商事,E07535,,訂正報告書（大量保有報告書・変更報告書）,360,090001,S100YS39,大量保有：保有割合・増減,保有割合,XBRL_TO_CSV/jplvh010000-lvh-001_E07535-000_2026-06-30_02_2026-07-23.csv,108,"要素ID,項目名,コンテキストID,相対年度,連結・個別,期間・時点,ユニットID,値",edinet_csv_zip,217,要素ID: jplvh_cor:HoldingRatioOfShareCertificatesEtc | 項目名: 株券等保有割合 | コンテキストID: FilingDateInstant_jplvh010000-lvh_E07535-000FilerLargeVolumeHolder2Member | 相対年度: 提出日時点 | 連結・個別: その他 | 期間・時点: 時点 | ユニットID: pure | 値: 0.0261,
2026-07-24T21:02:01+00:00,2026-07-23,2026-07-23 17:12,株式会社イリュウ商事,E07535,,訂正報告書（大量保有報告書・変更報告書）,360,090001,S100YS39,大量保有：保有割合・増減,保有割合,XBRL_TO_CSV/jplvh010000-lvh-001_E07535-000_2026-06-30_02_2026-07-23.csv,109,"要素ID,項目名,コンテキストID,相対年度,連結・個別,期間・時点,ユニットID,値",edinet_csv_zip,242,要素ID: jplvh_cor:HoldingRatioOfShareCertificatesEtcPerLastReport | 項目名: 直前の報告書に記載された株券等保有割合 | コンテキストID: FilingDateInstant_jplvh010000-lvh_E07535-000FilerLargeVolumeHolder2Member | 相対年度: 提出日時点 | 連結・個別: その他 | 期間・時点: 時点 | ユニットID: pure | 値: 0.0261,
2026-07-24T21:02:01+00:00,2026-07-23,2026-07-23 17:12,株式会社イリュウ商事,E07535,,訂正報告書（大量保有報告書・変更報告書）,360,090001,S100YS39,大量保有：保有割合・増減,保有割合,XBRL_TO_CSV/jplvh010000-lvh-001_E07535-000_2026-06-30_02_2026-07-23.csv,164,"要素ID,項目名,コンテキストID,相対年度,連結・個別,期間・時点,ユニットID,値",edinet_csv_zip,161,要素ID: jplvh_cor:HoldingRatioOfShareCertificatesEtc | 項目名: 株券等保有割合 | コンテキストID: FilingDateInstant | 相対年度: 提出日時点 | 連結・個別: その他 | 期間・時点: 時点 | ユニットID: pure | 値: 0.3929,
2026-07-24T21:02:01+00:00,2026-07-23,2026-07-23 17:12,株式会社イリュウ商事,E07535,,訂正報告書（大量保有報告書・変更報告書）,360,090001,S100YS39,大量保有：保有割合・増減,保有割合,XBRL_TO_CSV/jplvh010000-lvh-001_E07535-000_2026-06-30_02_2026-07-23.csv,165,"要素ID,項目名,コンテキストID,相対年度,連結・個別,期間・時点,ユニットID,値",edinet_csv_zip,186,要素ID: jplvh_cor:HoldingRatioOfShareCertificatesEtcPerLastReport | 項目名: 直前の報告書に記載された株券等保有割合 | コンテキストID: FilingDateInstant | 相対年度: 提出日時点 | 連結・個別: その他 | 期間・時点: 時点 | ユニットID: pure | 値: 0.3929,
2026-07-24T21:02:01+00:00,2026-07-23,2026-07-23 17:12,株式会社イリュウ商事,E07535,,訂正報告書（大量保有報告書・変更報告書）,360,090001,S100YS39,大量保有：保有割合・増減,保有割合,XBRL_TO_CSV/jplvh010000-lvh-001_E07535-000_2026-06-30_02_2026-07-23.csv,167,"要素ID,項目名,コンテキストID,相対年度,連結・個別,期間・時点,ユニットID,値",edinet_csv_zip,217,要素ID: jplvh_cor:HoldingRatioOfShareCertificatesEtc | 項目名: 株券等保有割合 | コンテキストID: FilingDateInstant_jplvh010000-lvh_E07535-000FilerLargeVolumeHolder1Member | 相対年度: 提出日時点 | 連結・個別: その他 | 期間・時点: 時点 | ユニットID: pure | 値: 0.3668,
2026-07-24T21:02:01+00:00,2026-07-23,2026-07-23 17:12,株式会社イリュウ商事,E07535,,訂正報告書（大量保有報告書・変更報告書）,360,090001,S100YS39,大量保有：保有割合・増減,保有割合,XBRL_TO_CSV/jplvh010000-lvh-001_E07535-000_2026-06-30_02_2026-07-23.csv,169,"要素ID,項目名,コンテキストID,相対年度,連結・個別,期間・時点,ユニットID,値",edinet_csv_zip,217,要素ID: jplvh_cor:HoldingRatioOfShareCertificatesEtc | 項目名: 株券等保有割合 | コンテキストID: FilingDateInstant_jplvh010000-lvh_E07535-000FilerLargeVolumeHolder2Member | 相対年度: 提出日時点 | 連結・個別: その他 | 期間・時点: 時点 | ユニットID: pure | 値: 0.0261,
2026-07-24T21:02:01+00:00,2026-07-23,2026-07-23 17:12,株式会社イリュウ商事,E07535,,訂正報告書（大量保有報告書・変更報告書）,360,090001,S100YS39,大量保有：保有割合・増減,保有割合,XBRL_TO_CSV/jplvh010000-lvh-001_E07535-000_2026-06-30_02_2026-07-23.csv,171,"要素ID,項目名,コンテキストID,相対年度,連結・個別,期間・時点,ユニットID,値",edinet_csv_zip,161,要素ID: jplvh_cor:HoldingRatioOfShareCertificatesEtc | 項目名: 株券等保有割合 | コンテキストID: FilingDateInstant | 相対年度: 提出日時点 | 連結・個別: その他 | 期間・時点: 時点 | ユニットID: pure | 値: 0.3929,
2026-07-24T21:02:01+00:00,2026-07-23,2026-07-23 17:12,株式会社イリュウ商事,E07535,,訂正報告書（大量保有報告書・変更報告書）,360,090001,S100YS39,臨時報告書：提出事由・発生事実,提出事由,XBRL_TO_CSV/jplvh010000-lvh-001_E07535-000_2026-06-30_02_2026-07-23.csv,180,"要素ID,項目名,コンテキストID,相対年度,連結・個別,期間・時点,ユニットID,単位,値",edinet_csv_zip,183,要素ID: jplvh_cor:ReasonForFilingChangeReportCoverPage | 項目名: 変更報告書提出事由、表紙 | コンテキストID: FilingDateInstant | 相対年度: 提出日時点 | 連結・個別: その他 | 期間・時点: 時点 | ユニットID: － | 単位: － | 値: 担保契約等重要な契約に関する変更,
2026-07-24T21:02:01+00:00,2026-07-23,2026-07-23 17:12,株式会社イリュウ商事,E07535,,訂正報告書（大量保有報告書・変更報告書）,360,090001,S100YS39,大量保有：保有目的,保有目的,XBRL_TO_CSV/jplvh010000-lvh-001_E07535-000_2026-06-30_02_2026-07-23.csv,234,"要素ID,項目名,コンテキストID,相対年度,連結・個別,期間・時点,ユニットID,単位,値",edinet_csv_zip,218,要素ID: jplvh_cor:PurposeOfHolding | 項目名: 保有目的 | コンテキストID: FilingDateInstant_jplvh010000-lvh_E07535-000FilerLargeVolumeHolder1Member | 相対年度: 提出日時点 | 連結・個別: その他 | 期間・時点: 時点 | ユニットID: － | 単位: － | 値: 発行会社の持株会社として経営安定のための保有。,
2026-07-24T21:02:01+00:00,2026-07-23,2026-07-23 17:12,株式会社イリュウ商事,E07535,,訂正報告書（大量保有報告書・変更報告書）,360,090001,S100YS39,大量保有：保有割合・増減,保有割合,XBRL_TO_CSV/jplvh010000-lvh-001_E07535-000_2026-06-30_02_2026-07-23.csv,238,"要素ID,項目名,コンテキストID,相対年度,連結・個別,期間・時点,ユニットID,単位,値",edinet_csv_zip,247,要素ID: jplvh_cor:NotesHoldingRatioOfShareCertificatesEtcTextBlock | 項目名: 欄外注記、株券等保有割合 [テキストブロック] | コンテキストID: FilingDateInstant_jplvh010000-lvh_E07535-000FilerLargeVolumeHolder1Member | 相対年度: 提出日時点 | 連結・個別: その他 | 期間・時点: 時点 | ユニットID: － | 単位: － | 値: －,
2026-07-24T21:02:01+00:00,2026-07-23,2026-07-23 17:12,株式会社イリュウ商事,E07535,,訂正報告書（大量保有報告書・変更報告書）,360,090001,S100YS39,大量保有：保有目的,保有目的,XBRL_TO_CSV/jplvh010000-lvh-001_E07535-000_2026-06-30_02_2026-07-23.csv,260,"要素ID,項目名,コンテキストID,相対年度,連結・個別,期間・時点,ユニットID,単位,値",edinet_csv_zip,221,要素ID: jplvh_cor:PurposeOfHolding | 項目名: 保有目的 | コンテキストID: FilingDateInstant_jplvh010000-lvh_E07535-000FilerLargeVolumeHolder2Member | 相対年度: 提出日時点 | 連結・個別: その他 | 期間・時点: 時点 | ユニットID: － | 単位: － | 値: 発行会社の持株会社の代表者として経営安定の為の保有。,
2026-07-24T21:02:01+00:00,2026-07-23,2026-07-23 17:12,株式会社イリュウ商事,E07535,,訂正報告書（大量保有報告書・変更報告書）,360,090001,S100YS39,大量保有：保有割合・増減,保有割合,XBRL_TO_CSV/jplvh010000-lvh-001_E07535-000_2026-06-30_02_2026-07-23.csv,264,"要素ID,項目名,コンテキストID,相対年度,連結・個別,期間・時点,ユニットID,単位,値",edinet_csv_zip,247,要素ID: jplvh_cor:NotesHoldingRatioOfShareCertificatesEtcTextBlock | 項目名: 欄外注記、株券等保有割合 [テキストブロック] | コンテキストID: FilingDateInstant_jplvh010000-lvh_E07535-000FilerLargeVolumeHolder2Member | 相対年度: 提出日時点 | 連結・個別: その他 | 期間・時点: 時点 | ユニットID: － | 単位: － | 値: －,
2026-07-24T21:02:01+00:00,2026-07-23,2026-07-23 17:12,株式会社イリュウ商事,E07535,,訂正報告書（大量保有報告書・変更報告書）,360,090001,S100YS39,大量保有：保有割合・増減,減少,XBRL_TO_CSV/jplvh010000-lvh-001_E07535-000_2026-06-30_02_2026-07-23.csv,267,"要素ID,項目名,コンテキストID,相対年度,連結・個別,期間・時点,ユニットID,単位,値",edinet_csv_zip,492,"要素ID: jplvh_cor:BreakdownOfTotalAmountFromOtherSources | 項目名: 上記（その他金額計）の内訳 | コンテキストID: FilingDateInstant_jplvh010000-lvh_E07535-000FilerLargeVolumeHolder2Member | 相対年度: 提出日時点 | 連結・個別: その他 | 期間・時点: 時点 | ユニットID: － | 単位: － | 値: 2004年11月29日411,500株を株式分割により取得2006年4月1日733,000株を株式分割により取得2017年3月31日1,556,000株を株式分割により取得2019年8月9日ストックオプションにより300株取得2020年8月12日ストックオプションにより300株取得2021年8月12日ストックオプションにより300株取得2022年8月12日ストックオプションにより300株取得2023年7月20日ストックオプション行使により新株予約権1,200株が減少2025年7月18日譲渡制限付株式報酬の付与により100株取得",
2026-07-24T21:02:01+00:00,2026-07-23,2026-07-23 17:12,株式会社イリュウ商事,E07535,,訂正報告書（大量保有報告書・変更報告書）,360,090001,S100YS39,大量保有：保有割合・増減,保有割合,XBRL_TO_CSV/jplvh010000-lvh-001_E07535-000_2026-06-30_02_2026-07-23.csv,276,"要素ID,項目名,コンテキストID,相対年度,連結・個別,期間・時点,ユニットID,単位,値",edinet_csv_zip,191,要素ID: jplvh_cor:NotesHoldingRatioOfShareCertificatesEtcTextBlock | 項目名: 欄外注記、株券等保有割合 [テキストブロック] | コンテキストID: FilingDateInstant | 相対年度: 提出日時点 | 連結・個別: その他 | 期間・時点: 時点 | ユニットID: － | 単位: － | 値: －,
2026-07-24T21:02:01+00:00,2026-07-23,2026-07-23 17:12,ＮＥ株式会社,E40979,441A0,内部統制報告書－第4期(2025/05/01－2026/04/30),235,010000,S100YS3X,臨時報告書：提出事由・発生事実,決定,XBRL_TO_CSV/jpctl010000-icr-001_E40979-000_2026-04-30_01_2026-07-23.csv,38,"要素ID,項目名,コンテキストID,相対年度,連結・個別,期間・時点,ユニットID,単位,値",edinet_csv_zip,1042,要素ID: jpctl_cor:ScopeDateAndProceduresForEvaluationTextBlock | 項目名: 評価の範囲、基準日及び評価手続に関する事項 [テキストブロック] | コンテキストID: FilingDateInstant | 相対年度: 提出日時点 | 連結・個別: その他 | 期間・時点: 時点 | ユニットID: － | 単位: － | 値: 財務報告に係る内部統制の評価は、当事業年度の末日である2026年4月30日を基準日として行われており、評価に当たっては、一般に公正妥当と認められる財務報告に係る内部統制の評価の基準に準拠いたしました。本評価においては、財務報告全体に重要な影響を及ぼす内部統制（全社的な内部統制）の評価を行った上で、その結果を踏まえて、評価対象とする業務プロセスを選定しております。当該業務プロセスの評価においては、選定された業務プロセスを分析した上で、財務報告の信頼性に重要な影響を及ぼす統制上の要点を識別し、当該統制上の要点について整備及び運用状況を評価することによって、内部統制の有効性に関する評価を行いました。財務報告に係る内部統制の評価の範囲は、財務報告の信頼性に及ぼす影響の重要性の観点から必要な範囲を対象として決定いたしました。財務報告の信頼性に及ぼす影響の重要性は、金額的及び質的影響の重要性を考慮して決定しており、全社的な内部統制の評価結果を踏まえ、業務プロセスに係る内部統制の評価範囲を合理的に決定いたしました。評価対象とする重要な事業拠点の選定においては、当社は子会社がないことから、会社全体を単一の事業拠点と捉えて評価の対象といたしました。業務プロセスに係る内部統制の評価範囲については、当社のネクストエンジン事業及びロカルコ事業並びにコンサルティング事業等のサービス提供から対価の回収までの主たる業務を勘案し 、事業目的に大きく関わる勘定科目として売上高及び売掛金に至る業務プロセスを評価対象といたしました。なお、棚卸資産については金額的重要性が僅少であるため、業務プロセスの評価対象には含めておりません。さらに、重要な虚偽記載の発生可能性が高く、見積りや予測を伴う重要な勘定科目に係る業務プロセスについても、財務報告への影響を勘案し重要性の大きい業務プロセスとして評価対象に含めております。具体的には、税効果会計、貸倒引当金及び税金に係る業務プロセスを個別に評価対象に加えております。,
2026-07-24T21:02:01+00:00,2026-07-23,2026-07-23 17:09,大豊建設株式会社,E00095,18220,訂正臨時報告書,190,053001,S100YS3W,臨時報告書：提出事由・発生事実,ReasonForFiling,XBRL_TO_CSV/jpcrp050300-esr-001_E00095-000_2026-06-29_02_2026-07-23.csv,40,"要素ID,項目名,コンテキストID,相対年度,連結・個別,期間・時点,ユニットID,単位,値",edinet_csv_zip,288,要素ID: jpcrp-esr_cor:ReasonForFilingTextBlock | 項目名: 提出理由 [テキストブロック] | コンテキストID: FilingDateInstant | 相対年度: 提出日時点 | 連結・個別: その他 | 期間・時点: 時点 | ユニットID: － | 単位: － | 値: １【提出理由】 2026年６月26日開催の当社第77回定時株主総会において、決議事項が決議されましたので、金融商品取引法第24条の５第４項及び企業内容等の開示に関する内閣府令第19条第２項第９号の２の規定に基づき、本臨時報告書を提出するものであります。,
2026-07-24T21:02:01+00:00,2026-07-23,2026-07-23 17:06,ＷＯＷＯＯ　ＰＴＥ．　ＬＴＤ．,E41164,,変更報告書,350,010002,S100YS3J,大量保有：保有割合・増減,保有割合,XBRL_TO_CSV/jplvh010000-lvh-001_E41164-000_2026-07-16_01_2026-07-23.csv,52,"要素ID,項目名,コンテキストID,相対年度,連結・個別,期間・時点,ユニットID,値",edinet_csv_zip,217,要素ID: jplvh_cor:HoldingRatioOfShareCertificatesEtc | 項目名: 株券等保有割合 | コンテキストID: FilingDateInstant_jplvh010000-lvh_E41164-000FilerLargeVolumeHolder1Member | 相対年度: 提出日時点 | 連結・個別: その他 | 期間・時点: 時点 | ユニットID: pure | 値: 0.3516,
2026-07-24T21:02:01+00:00,2026-07-23,2026-07-23 17:06,ＷＯＷＯＯ　ＰＴＥ．　ＬＴＤ．,E41164,,変更報告書,350,010002,S100YS3J,大量保有：保有割合・増減,保有割合,XBRL_TO_CSV/jplvh010000-lvh-001_E41164-000_2026-07-16_01_2026-07-23.csv,53,"要素ID,項目名,コンテキストID,相対年度,連結・個別,期間・時点,ユニットID,値",edinet_csv_zip,242,要素ID: jplvh_cor:HoldingRatioOfShareCertificatesEtcPerLastReport | 項目名: 直前の報告書に記載された株券等保有割合 | コンテキストID: FilingDateInstant_jplvh010000-lvh_E41164-000FilerLargeVolumeHolder1Member | 相対年度: 提出日時点 | 連結・個別: その他 | 期間・時点: 時点 | ユニットID: pure | 値: 0.3697,
2026-07-24T21:02:01+00:00,2026-07-23,2026-07-23 17:06,ＷＯＷＯＯ　ＰＴＥ．　ＬＴＤ．,E41164,,変更報告書,350,010002,S100YS3J,大量保有：保有割合・増減,保有割合,XBRL_TO_CSV/jplvh010000-lvh-001_E41164-000_2026-07-16_01_2026-07-23.csv,66,"要素ID,項目名,コンテキストID,相対年度,連結・個別,期間・時点,ユニットID,単位,値",edinet_csv_zip,195,要素ID: jplvh_cor:ReasonForFilingChangeReportCoverPage | 項目名: 変更報告書提出事由、表紙 | コンテキストID: FilingDateInstant | 相対年度: 提出日時点 | 連結・個別: その他 | 期間・時点: 時点 | ユニットID: － | 単位: － | 値: 株券等の処分により、株券等保有割合が1％以上変動したため,
2026-07-24T21:02:01+00:00,2026-07-23,2026-07-23 17:06,ＷＯＷＯＯ　ＰＴＥ．　ＬＴＤ．,E41164,,変更報告書,350,010002,S100YS3J,臨時報告書：提出事由・発生事実,提出事由,XBRL_TO_CSV/jplvh010000-lvh-001_E41164-000_2026-07-16_01_2026-07-23.csv,66,"要素ID,項目名,コンテキストID,相対年度,連結・個別,期間・時点,ユニットID,単位,値",edinet_csv_zip,195,要素ID: jplvh_cor:ReasonForFilingChangeReportCoverPage | 項目名: 変更報告書提出事由、表紙 | コンテキストID: FilingDateInstant | 相対年度: 提出日時点 | 連結・個別: その他 | 期間・時点: 時点 | ユニットID: － | 単位: － | 値: 株券等の処分により、株券等保有割合が1％以上変動したため,
2026-07-24T21:02:01+00:00,2026-07-23,2026-07-23 17:06,ＷＯＷＯＯ　ＰＴＥ．　ＬＴＤ．,E41164,,変更報告書,350,010002,S100YS3J,大量保有：保有目的,保有目的,XBRL_TO_CSV/jplvh010000-lvh-001_E41164-000_2026-07-16_01_2026-07-23.csv,116,"要素ID,項目名,コンテキストID,相対年度,連結・個別,期間・時点,ユニットID,単位,値",edinet_csv_zip,201,要素ID: jplvh_cor:PurposeOfHolding | 項目名: 保有目的 | コンテキストID: FilingDateInstant_jplvh010000-lvh_E41164-000FilerLargeVolumeHolder1Member | 相対年度: 提出日時点 | 連結・個別: その他 | 期間・時点: 時点 | ユニットID: － | 単位: － | 値: 資本業務提携,
2026-07-24T21:02:01+00:00,2026-07-23,2026-07-23 17:06,ＷＯＷＯＯ　ＰＴＥ．　ＬＴＤ．,E41164,,変更報告書,350,010002,S100YS3J,大量保有：保有割合・増減,保有割合,XBRL_TO_CSV/jplvh010000-lvh-001_E41164-000_2026-07-16_01_2026-07-23.csv,120,"要素ID,項目名,コンテキストID,相対年度,連結・個別,期間・時点,ユニットID,単位,値",edinet_csv_zip,247,要素ID: jplvh_cor:NotesHoldingRatioOfShareCertificatesEtcTextBlock | 項目名: 欄外注記、株券等保有割合 [テキストブロック] | コンテキストID: FilingDateInstant_jplvh010000-lvh_E41164-000FilerLargeVolumeHolder1Member | 相対年度: 提出日時点 | 連結・個別: その他 | 期間・時点: 時点 | ユニットID: － | 単位: － | 値: －,
2026-07-24T21:02:01+00:00,2026-07-23,2026-07-23 17:01,ＳＨＩＮ　ＪＵＮＧＨＯ,E42010,,大量保有報告書,350,010000,S100YRKK,大量保有：保有割合・増減,保有割合,XBRL_TO_CSV/jplvh010000-lvh-001_E42010-000_2026-07-16_01_2026-07-23.csv,52,"要素ID,項目名,コンテキストID,相対年度,連結・個別,期間・時点,ユニットID,値",edinet_csv_zip,217,要素ID: jplvh_cor:HoldingRatioOfShareCertificatesEtc | 項目名: 株券等保有割合 | コンテキストID: FilingDateInstant_jplvh010000-lvh_E42010-000FilerLargeVolumeHolder1Member | 相対年度: 提出日時点 | 連結・個別: その他 | 期間・時点: 時点 | ユニットID: pure | 値: 0.0518,
2026-07-24T21:02:01+00:00,2026-07-23,2026-07-23 17:01,ＳＨＩＮ　ＪＵＮＧＨＯ,E42010,,大量保有報告書,350,010000,S100YRKK,大量保有：保有割合・増減,保有割合,XBRL_TO_CSV/jplvh010000-lvh-001_E42010-000_2026-07-16_01_2026-07-23.csv,53,"要素ID,項目名,コンテキストID,相対年度,連結・個別,期間・時点,ユニットID,値",edinet_csv_zip,237,要素ID: jplvh_cor:HoldingRatioOfShareCertificatesEtcPerLastReport | 項目名: 直前の報告書に記載された株券等保有割合 | コンテキストID: FilingDateInstant_jplvh010000-lvh_E42010-000FilerLargeVolumeHolder1Member | 相対年度: 提出日時点 | 連結・個別: その他 | 期間・時点: 時点 | ユニットID: pure | 値: －,
2026-07-24T21:02:01+00:00,2026-07-23,2026-07-23 17:01,ＳＨＩＮ　ＪＵＮＧＨＯ,E42010,,大量保有報告書,350,010000,S100YRKK,臨時報告書：提出事由・発生事実,提出事由,XBRL_TO_CSV/jplvh010000-lvh-001_E42010-000_2026-07-16_01_2026-07-23.csv,66,"要素ID,項目名,コンテキストID,相対年度,連結・個別,期間・時点,ユニットID,単位,値",edinet_csv_zip,168,要素ID: jplvh_cor:ReasonForFilingChangeReportCoverPage | 項目名: 変更報告書提出事由、表紙 | コンテキストID: FilingDateInstant | 相対年度: 提出日時点 | 連結・個別: その他 | 期間・時点: 時点 | ユニットID: － | 単位: － | 値: －,
2026-07-24T21:02:01+00:00,2026-07-23,2026-07-23 17:01,ＳＨＩＮ　ＪＵＮＧＨＯ,E42010,,大量保有報告書,350,010000,S100YRKK,大量保有：保有目的,保有目的,XBRL_TO_CSV/jplvh010000-lvh-001_E42010-000_2026-07-16_01_2026-07-23.csv,116,"要素ID,項目名,コンテキストID,相対年度,連結・個別,期間・時点,ユニットID,単位,値",edinet_csv_zip,248,要素ID: jplvh_cor:PurposeOfHolding | 項目名: 保有目的 | コンテキストID: FilingDateInstant_jplvh010000-lvh_E42010-000FilerLargeVolumeHolder1Member | 相対年度: 提出日時点 | 連結・個別: その他 | 期間・時点: 時点 | ユニットID: － | 単位: － | 値: 中長期的な資産の保有を目的とするものであり、発行会社に対して重要提案行為等を行うことは予定しておりません。,
2026-07-24T21:02:01+00:00,2026-07-23,2026-07-23 17:01,ＳＨＩＮ　ＪＵＮＧＨＯ,E42010,,大量保有報告書,350,010000,S100YRKK,大量保有：保有割合・増減,保有割合,XBRL_TO_CSV/jplvh010000-lvh-001_E42010-000_2026-07-16_01_2026-07-23.csv,120,"要素ID,項目名,コンテキストID,相対年度,連結・個別,期間・時点,ユニットID,単位,値",edinet_csv_zip,247,要素ID: jplvh_cor:NotesHoldingRatioOfShareCertificatesEtcTextBlock | 項目名: 欄外注記、株券等保有割合 [テキストブロック] | コンテキストID: FilingDateInstant_jplvh010000-lvh_E42010-000FilerLargeVolumeHolder1Member | 相対年度: 提出日時点 | 連結・個別: その他 | 期間・時点: 時点 | ユニットID: － | 単位: － | 値: －,
2026-07-24T21:02:01+00:00,2026-07-23,2026-07-23 17:00,新沼　吾史,E40424,,変更報告書,350,010002,S100YS3N,大量保有：保有割合・増減,保有割合,XBRL_TO_CSV/jplvh010000-lvh-001_E40424-000_2026-07-22_01_2026-07-23.csv,52,"要素ID,項目名,コンテキストID,相対年度,連結・個別,期間・時点,ユニットID,値",edinet_csv_zip,217,要素ID: jplvh_cor:HoldingRatioOfShareCertificatesEtc | 項目名: 株券等保有割合 | コンテキストID: FilingDateInstant_jplvh010000-lvh_E40424-000FilerLargeVolumeHolder1Member | 相対年度: 提出日時点 | 連結・個別: その他 | 期間・時点: 時点 | ユニットID: pure | 値: 0.0424,
2026-07-24T21:02:01+00:00,2026-07-23,2026-07-23 17:00,新沼　吾史,E40424,,変更報告書,350,010002,S100YS3N,大量保有：保有割合・増減,保有割合,XBRL_TO_CSV/jplvh010000-lvh-001_E40424-000_2026-07-22_01_2026-07-23.csv,53,"要素ID,項目名,コンテキストID,相対年度,連結・個別,期間・時点,ユニットID,値",edinet_csv_zip,242,要素ID: jplvh_cor:HoldingRatioOfShareCertificatesEtcPerLastReport | 項目名: 直前の報告書に記載された株券等保有割合 | コンテキストID: FilingDateInstant_jplvh010000-lvh_E40424-000FilerLargeVolumeHolder1Member | 相対年度: 提出日時点 | 連結・個別: その他 | 期間・時点: 時点 | ユニットID: pure | 値: 0.0526,
2026-07-24T21:02:01+00:00,2026-07-23,2026-07-23 17:00,新沼　吾史,E40424,,変更報告書,350,010002,S100YS3N,大量保有：保有割合・増減,保有割合,XBRL_TO_CSV/jplvh010000-lvh-001_E40424-000_2026-07-22_01_2026-07-23.csv,66,"要素ID,項目名,コンテキストID,相対年度,連結・個別,期間・時点,ユニットID,単位,値",edinet_csv_zip,185,要素ID: jplvh_cor:ReasonForFilingChangeReportCoverPage | 項目名: 変更報告書提出事由、表紙 | コンテキストID: FilingDateInstant | 相対年度: 提出日時点 | 連結・個別: その他 | 期間・時点: 時点 | ユニットID: － | 単位: － | 値: 株式等保有割合が１％以上減少したこと,
2026-07-24T21:02:01+00:00,2026-07-23,2026-07-23 17:00,新沼　吾史,E40424,,変更報告書,350,010002,S100YS3N,臨時報告書：提出事由・発生事実,提出事由,XBRL_TO_CSV/jplvh010000-lvh-001_E40424-000_2026-07-22_01_2026-07-23.csv,66,"要素ID,項目名,コンテキストID,相対年度,連結・個別,期間・時点,ユニットID,単位,値",edinet_csv_zip,185,要素ID: jplvh_cor:ReasonForFilingChangeReportCoverPage | 項目名: 変更報告書提出事由、表紙 | コンテキストID: FilingDateInstant | 相対年度: 提出日時点 | 連結・個別: その他 | 期間・時点: 時点 | ユニットID: － | 単位: － | 値: 株式等保有割合が１％以上減少したこと,
2026-07-24T21:02:01+00:00,2026-07-23,2026-07-23 17:00,新沼　吾史,E40424,,変更報告書,350,010002,S100YS3N,大量保有：保有目的,保有目的,XBRL_TO_CSV/jplvh010000-lvh-001_E40424-000_2026-07-22_01_2026-07-23.csv,116,"要素ID,項目名,コンテキストID,相対年度,連結・個別,期間・時点,ユニットID,単位,値",edinet_csv_zip,198,要素ID: jplvh_cor:PurposeOfHolding | 項目名: 保有目的 | コンテキストID: FilingDateInstant_jplvh010000-lvh_E40424-000FilerLargeVolumeHolder1Member | 相対年度: 提出日時点 | 連結・個別: その他 | 期間・時点: 時点 | ユニットID: － | 単位: － | 値: 純投資,
2026-07-24T21:02:01+00:00,2026-07-23,2026-07-23 17:00,新沼　吾史,E40424,,変更報告書,350,010002,S100YS3N,大量保有：保有割合・増減,保有割合,XBRL_TO_CSV/jplvh010000-lvh-001_E40424-000_2026-07-22_01_2026-07-23.csv,120,"要素ID,項目名,コンテキストID,相対年度,連結・個別,期間・時点,ユニットID,単位,値",edinet_csv_zip,247,要素ID: jplvh_cor:NotesHoldingRatioOfShareCertificatesEtcTextBlock | 項目名: 欄外注記、株券等保有割合 [テキストブロック] | コンテキストID: FilingDateInstant_jplvh010000-lvh_E40424-000FilerLargeVolumeHolder1Member | 相対年度: 提出日時点 | 連結・個別: その他 | 期間・時点: 時点 | ユニットID: － | 単位: － | 値: －,
2026-07-24T21:02:01+00:00,2026-07-23,2026-07-23 16:57,東日本旅客鉄道株式会社,E04147,90200,変更報告書,350,010002,S100YR6S,大量保有：保有割合・増減,保有割合,XBRL_TO_CSV/jplvh010000-lvh-003_E04147-000_2026-07-16_01_2026-07-23.csv,52,"要素ID,項目名,コンテキストID,相対年度,連結・個別,期間・時点,ユニットID,値",edinet_csv_zip,217,要素ID: jplvh_cor:HoldingRatioOfShareCertificatesEtc | 項目名: 株券等保有割合 | コンテキストID: FilingDateInstant_jplvh010000-lvh_E04147-000FilerLargeVolumeHolder1Member | 相対年度: 提出日時点 | 連結・個別: その他 | 期間・時点: 時点 | ユニットID: pure | 値: 0.1395,
2026-07-24T21:02:01+00:00,2026-07-23,2026-07-23 16:57,東日本旅客鉄道株式会社,E04147,90200,変更報告書,350,010002,S100YR6S,大量保有：保有割合・増減,保有割合,XBRL_TO_CSV/jplvh010000-lvh-003_E04147-000_2026-07-16_01_2026-07-23.csv,53,"要素ID,項目名,コンテキストID,相対年度,連結・個別,期間・時点,ユニットID,値",edinet_csv_zip,242,要素ID: jplvh_cor:HoldingRatioOfShareCertificatesEtcPerLastReport | 項目名: 直前の報告書に記載された株券等保有割合 | コンテキストID: FilingDateInstant_jplvh010000-lvh_E04147-000FilerLargeVolumeHolder1Member | 相対年度: 提出日時点 | 連結・個別: その他 | 期間・時点: 時点 | ユニットID: pure | 値: 0.1000,
2026-07-24T21:02:01+00:00,2026-07-23,2026-07-23 16:57,東日本旅客鉄道株式会社,E04147,90200,変更報告書,350,010002,S100YR6S,大量保有：保有割合・増減,保有割合,XBRL_TO_CSV/jplvh010000-lvh-003_E04147-000_2026-07-16_01_2026-07-23.csv,66,"要素ID,項目名,コンテキストID,相対年度,連結・個別,期間・時点,ユニットID,単位,値",edinet_csv_zip,186,要素ID: jplvh_cor:ReasonForFilingChangeReportCoverPage | 項目名: 変更報告書提出事由、表紙 | コンテキストID: FilingDateInstant | 相対年度: 提出日時点 | 連結・個別: その他 | 期間・時点: 時点 | ユニットID: － | 単位: － | 値: ・株券等保有割合が１％以上増加したため,
2026-07-24T21:02:01+00:00,2026-07-23,2026-07-23 16:57,東日本旅客鉄道株式会社,E04147,90200,変更報告書,350,010002,S100YR6S,臨時報告書：提出事由・発生事実,提出事由,XBRL_TO_CSV/jplvh010000-lvh-003_E04147-000_2026-07-16_01_2026-07-23.csv,66,"要素ID,項目名,コンテキストID,相対年度,連結・個別,期間・時点,ユニットID,単位,値",edinet_csv_zip,186,要素ID: jplvh_cor:ReasonForFilingChangeReportCoverPage | 項目名: 変更報告書提出事由、表紙 | コンテキストID: FilingDateInstant | 相対年度: 提出日時点 | 連結・個別: その他 | 期間・時点: 時点 | ユニットID: － | 単位: － | 値: ・株券等保有割合が１％以上増加したため,
2026-07-24T21:02:01+00:00,2026-07-23,2026-07-23 16:57,東日本旅客鉄道株式会社,E04147,90200,変更報告書,350,010002,S100YR6S,大量保有：保有目的,保有目的,XBRL_TO_CSV/jplvh010000-lvh-003_E04147-000_2026-07-16_01_2026-07-23.csv,116,"要素ID,項目名,コンテキストID,相対年度,連結・個別,期間・時点,ユニットID,単位,値",edinet_csv_zip,711,"要素ID: jplvh_cor:PurposeOfHolding | 項目名: 保有目的 | コンテキストID: FilingDateInstant_jplvh010000-lvh_E04147-000FilerLargeVolumeHolder1Member | 相対年度: 提出日時点 | 連結・個別: その他 | 期間・時点: 時点 | ユニットID: － | 単位: － | 値: 発行者は車両用電機品を提出者に納入しており、技術開発の連携を行う等、提出者の鉄道事業の運営上重要な役割を担っている。技術開発の連携等を一層深化させるなど相互の協力関係を強化することを目的に発行者の普通株式を保有している。また、提出者は、2026年7月15日に発行者の普通株式合計973,500株（発行済株式総数9,735,000株に対し10.00％）を取得することを決定している。内訳は下記の通り。①発行者の既存株主とのToSTNeT-1取引により、普通株式385,000株を1株当たり2,016円で取得（2026年7月16日に約定、2026年7月21日取得）、②発行者による第三者割当による自己株式の処分により、普通株式578,000株を1株当たり2,013円（但し、2026年７月22日（以下「条件決定日」という。）の直前取引日に おける東京証券取引所における当社普通株式の終値（以下「東証終値」という。）が上記の金額を上回る場合には、条件決定日の直前取引日の東証 終値）で取得（2026年8月6日取得予定）③市場買付けにより、普通株式10,500株を取得（2026年7月16日から2026年8月18日までの期間内に取得予定）。",
2026-07-24T21:02:01+00:00,2026-07-23,2026-07-23 16:57,東日本旅客鉄道株式会社,E04147,90200,変更報告書,350,010002,S100YR6S,臨時報告書：提出事由・発生事実,決定,XBRL_TO_CSV/jplvh010000-lvh-003_E04147-000_2026-07-16_01_2026-07-23.csv,116,"要素ID,項目名,コンテキストID,相対年度,連結・個別,期間・時点,ユニットID,単位,値",edinet_csv_zip,711,"要素ID: jplvh_cor:PurposeOfHolding | 項目名: 保有目的 | コンテキストID: FilingDateInstant_jplvh010000-lvh_E04147-000FilerLargeVolumeHolder1Member | 相対年度: 提出日時点 | 連結・個別: その他 | 期間・時点: 時点 | ユニットID: － | 単位: － | 値: 発行者は車両用電機品を提出者に納入しており、技術開発の連携を行う等、提出者の鉄道事業の運営上重要な役割を担っている。技術開発の連携等を一層深化させるなど相互の協力関係を強化することを目的に発行者の普通株式を保有している。また、提出者は、2026年7月15日に発行者の普通株式合計973,500株（発行済株式総数9,735,000株に対し10.00％）を取得することを決定している。内訳は下記の通り。①発行者の既存株主とのToSTNeT-1取引により、普通株式385,000株を1株当たり2,016円で取得（2026年7月16日に約定、2026年7月21日取得）、②発行者による第三者割当による自己株式の処分により、普通株式578,000株を1株当たり2,013円（但し、2026年７月22日（以下「条件決定日」という。）の直前取引日に おける東京証券取引所における当社普通株式の終値（以下「東証終値」という。）が上記の金額を上回る場合には、条件決定日の直前取引日の東証 終値）で取得（2026年8月6日取得予定）③市場買付けにより、普通株式10,500株を取得（2026年7月16日から2026年8月18日までの期間内に取得予定）。",
2026-07-24T21:02:01+00:00,2026-07-23,2026-07-23 16:57,東日本旅客鉄道株式会社,E04147,90200,変更報告書,350,010002,S100YR6S,大量保有：保有割合・増減,保有割合,XBRL_TO_CSV/jplvh010000-lvh-003_E04147-000_2026-07-16_01_2026-07-23.csv,120,"要素ID,項目名,コンテキストID,相対年度,連結・個別,期間・時点,ユニットID,単位,値",edinet_csv_zip,247,要素ID: jplvh_cor:NotesHoldingRatioOfShareCertificatesEtcTextBlock | 項目名: 欄外注記、株券等保有割合 [テキストブロック] | コンテキストID: FilingDateInstant_jplvh010000-lvh_E04147-000FilerLargeVolumeHolder1Member | 相対年度: 提出日時点 | 連結・個別: その他 | 期間・時点: 時点 | ユニットID: － | 単位: － | 値: －,
2026-07-24T21:02:01+00:00,2026-07-23,2026-07-23 16:56,楽天証券株式会社,E23631,,変更報告書（特例対象株券等）,350,030002,S100YRDY,大量保有：保有割合・増減,保有割合,XBRL_TO_CSV/jplvh030000-lvh-003_E23631-000_2026-07-15_01_2026-07-23.csv,52,"要素ID,項目名,コンテキストID,相対年度,連結・個別,期間・時点,ユニットID,値",edinet_csv_zip,217,要素ID: jplvh_cor:HoldingRatioOfShareCertificatesEtc | 項目名: 株券等保有割合 | コンテキストID: FilingDateInstant_jplvh030000-lvh_E23631-000FilerLargeVolumeHolder1Member | 相対年度: 提出日時点 | 連結・個別: その他 | 期間・時点: 時点 | ユニットID: pure | 値: 0.0298,
2026-07-24T21:02:01+00:00,2026-07-23,2026-07-23 16:56,楽天証券株式会社,E23631,,変更報告書（特例対象株券等）,350,030002,S100YRDY,大量保有：保有割合・増減,保有割合,XBRL_TO_CSV/jplvh030000-lvh-003_E23631-000_2026-07-15_01_2026-07-23.csv,53,"要素ID,項目名,コンテキストID,相対年度,連結・個別,期間・時点,ユニットID,値",edinet_csv_zip,242,要素ID: jplvh_cor:HoldingRatioOfShareCertificatesEtcPerLastReport | 項目名: 直前の報告書に記載された株券等保有割合 | コンテキストID: FilingDateInstant_jplvh030000-lvh_E23631-000FilerLargeVolumeHolder1Member | 相対年度: 提出日時点 | 連結・個別: その他 | 期間・時点: 時点 | ユニットID: pure | 値: 0.0539,
2026-07-24T21:02:01+00:00,2026-07-23,2026-07-23 16:56,楽天証券株式会社,E23631,,変更報告書（特例対象株券等）,350,030002,S100YRDY,大量保有：保有割合・増減,保有割合,XBRL_TO_CSV/jplvh030000-lvh-003_E23631-000_2026-07-15_01_2026-07-23.csv,62,"要素ID,項目名,コンテキストID,相対年度,連結・個別,期間・時点,ユニットID,単位,値",edinet_csv_zip,195,要素ID: jplvh_cor:ReasonForFilingChangeReportCoverPage | 項目名: 変更報告書提出事由、表紙 | コンテキストID: FilingDateInstant | 相対年度: 提出日時点 | 連結・個別: その他 | 期間・時点: 時点 | ユニットID: － | 単位: － | 値: 株券等保有割合の１％以上の減少１％以上の重要な契約の変更,
2026-07-24T21:02:01+00:00,2026-07-23,2026-07-23 16:56,楽天証券株式会社,E23631,,変更報告書（特例対象株券等）,350,030002,S100YRDY,臨時報告書：提出事由・発生事実,提出事由,XBRL_TO_CSV/jplvh030000-lvh-003_E23631-000_2026-07-15_01_2026-07-23.csv,62,"要素ID,項目名,コンテキストID,相対年度,連結・個別,期間・時点,ユニットID,単位,値",edinet_csv_zip,195,要素ID: jplvh_cor:ReasonForFilingChangeReportCoverPage | 項目名: 変更報告書提出事由、表紙 | コンテキストID: FilingDateInstant | 相対年度: 提出日時点 | 連結・個別: その他 | 期間・時点: 時点 | ユニットID: － | 単位: － | 値: 株券等保有割合の１％以上の減少１％以上の重要な契約の変更,
2026-07-24T21:02:01+00:00,2026-07-23,2026-07-23 16:56,楽天証券株式会社,E23631,,変更報告書（特例対象株券等）,350,030002,S100YRDY,大量保有：保有目的,保有目的,XBRL_TO_CSV/jplvh030000-lvh-003_E23631-000_2026-07-15_01_2026-07-23.csv,112,"要素ID,項目名,コンテキストID,相対年度,連結・個別,期間・時点,ユニットID,単位,値",edinet_csv_zip,209,要素ID: jplvh_cor:PurposeOfHolding | 項目名: 保有目的 | コンテキストID: FilingDateInstant_jplvh030000-lvh_E23631-000FilerLargeVolumeHolder1Member | 相対年度: 提出日時点 | 連結・個別: その他 | 期間・時点: 時点 | ユニットID: － | 単位: － | 値: 証券業務に係る一時保有のため,
2026-07-24T21:02:01+00:00,2026-07-23,2026-07-23 16:56,楽天証券株式会社,E23631,,変更報告書（特例対象株券等）,350,030002,S100YRDY,大量保有：保有割合・増減,保有割合,XBRL_TO_CSV/jplvh030000-lvh-003_E23631-000_2026-07-15_01_2026-07-23.csv,115,"要素ID,項目名,コンテキストID,相対年度,連結・個別,期間・時点,ユニットID,単位,値",edinet_csv_zip,247,要素ID: jplvh_cor:NotesHoldingRatioOfShareCertificatesEtcTextBlock | 項目名: 欄外注記、株券等保有割合 [テキストブロック] | コンテキストID: FilingDateInstant_jplvh030000-lvh_E23631-000FilerLargeVolumeHolder1Member | 相対年度: 提出日時点 | 連結・個別: その他 | 期間・時点: 時点 | ユニットID: － | 単位: － | 値: －,
2026-07-24T21:02:01+00:00,2026-07-23,2026-07-23 16:56,東日本旅客鉄道株式会社,E04147,90200,変更報告書,350,010002,S100YS0B,大量保有：保有割合・増減,保有割合,XBRL_TO_CSV/jplvh010000-lvh-002_E04147-000_2026-07-15_01_2026-07-23.csv,52,"要素ID,項目名,コンテキストID,相対年度,連結・個別,期間・時点,ユニットID,値",edinet_csv_zip,217,要素ID: jplvh_cor:HoldingRatioOfShareCertificatesEtc | 項目名: 株券等保有割合 | コンテキストID: FilingDateInstant_jplvh010000-lvh_E04147-000FilerLargeVolumeHolder1Member | 相対年度: 提出日時点 | 連結・個別: その他 | 期間・時点: 時点 | ユニットID: pure | 値: 0.1000,
2026-07-24T21:02:01+00:00,2026-07-23,2026-07-23 16:56,東日本旅客鉄道株式会社,E04147,90200,変更報告書,350,010002,S100YS0B,大量保有：保有割合・増減,保有割合,XBRL_TO_CSV/jplvh010000-lvh-002_E04147-000_2026-07-15_01_2026-07-23.csv,53,"要素ID,項目名,コンテキストID,相対年度,連結・個別,期間・時点,ユニットID,値",edinet_csv_zip,242,要素ID: jplvh_cor:HoldingRatioOfShareCertificatesEtcPerLastReport | 項目名: 直前の報告書に記載された株券等保有割合 | コンテキストID: FilingDateInstant_jplvh010000-lvh_E04147-000FilerLargeVolumeHolder1Member | 相対年度: 提出日時点 | 連結・個別: その他 | 期間・時点: 時点 | ユニットID: pure | 値: 0.1000,
2026-07-24T21:02:01+00:00,2026-07-23,2026-07-23 16:56,東日本旅客鉄道株式会社,E04147,90200,変更報告書,350,010002,S100YS0B,大量保有：保有目的,保有目的,XBRL_TO_CSV/jplvh010000-lvh-002_E04147-000_2026-07-15_01_2026-07-23.csv,66,"要素ID,項目名,コンテキストID,相対年度,連結・個別,期間・時点,ユニットID,単位,値",edinet_csv_zip,175,要素ID: jplvh_cor:ReasonForFilingChangeReportCoverPage | 項目名: 変更報告書提出事由、表紙 | コンテキストID: FilingDateInstant | 相対年度: 提出日時点 | 連結・個別: その他 | 期間・時点: 時点 | ユニットID: － | 単位: － | 値: ・保有目的の変更,
2026-07-24T21:02:01+00:00,2026-07-23,2026-07-23 16:56,東日本旅客鉄道株式会社,E04147,90200,変更報告書,350,010002,S100YS0B,臨時報告書：提出事由・発生事実,提出事由,XBRL_TO_CSV/jplvh010000-lvh-002_E04147-000_2026-07-15_01_2026-07-23.csv,66,"要素ID,項目名,コンテキストID,相対年度,連結・個別,期間・時点,ユニットID,単位,値",edinet_csv_zip,175,要素ID: jplvh_cor:ReasonForFilingChangeReportCoverPage | 項目名: 変更報告書提出事由、表紙 | コンテキストID: FilingDateInstant | 相対年度: 提出日時点 | 連結・個別: その他 | 期間・時点: 時点 | ユニットID: － | 単位: － | 値: ・保有目的の変更,
2026-07-24T21:02:01+00:00,2026-07-23,2026-07-23 16:56,東日本旅客鉄道株式会社,E04147,90200,変更報告書,350,010002,S100YS0B,大量保有：保有目的,保有目的,XBRL_TO_CSV/jplvh010000-lvh-002_E04147-000_2026-07-15_01_2026-07-23.csv,116,"要素ID,項目名,コンテキストID,相対年度,連結・個別,期間・時点,ユニットID,単位,値",edinet_csv_zip,711,"要素ID: jplvh_cor:PurposeOfHolding | 項目名: 保有目的 | コンテキストID: FilingDateInstant_jplvh010000-lvh_E04147-000FilerLargeVolumeHolder1Member | 相対年度: 提出日時点 | 連結・個別: その他 | 期間・時点: 時点 | ユニットID: － | 単位: － | 値: 発行者は車両用電機品を提出者に納入しており、技術開発の連携を行う等、提出者の鉄道事業の運営上重要な役割を担っている。技術開発の連携等を一層深化させるなど相互の協力関係を強化することを目的に発行者の普通株式を保有している。また、提出者は、2026年7月15日に発行者の普通株式合計973,500株（発行済株式総数9,735,000株に対し10.00％）を取得することを決定している。内訳は下記の通り。①発行者の既存株主とのToSTNeT-1取引により、普通株式385,000株を1株当たり2,016円で取得（2026年7月16日に約定、2026年7月21日取得）、②発行者による第三者割当による自己株式の処分により、普通株式578,000株を1株当たり2,013円（但し、2026年７月22日（以下「条件決定日」という。）の直前取引日に おける東京証券取引所における当社普通株式の終値（以下「東証終値」という。）が上記の金額を上回る場合には、条件決定日の直前取引日の東証 終値）で取得（2026年8月6日取得予定）③市場買付けにより、普通株式10,500株を取得（2026年7月16日から2026年8月18日までの期間内に取得予定）。",
2026-07-24T21:02:01+00:00,2026-07-23,2026-07-23 16:56,東日本旅客鉄道株式会社,E04147,90200,変更報告書,350,010002,S100YS0B,臨時報告書：提出事由・発生事実,決定,XBRL_TO_CSV/jplvh010000-lvh-002_E04147-000_2026-07-15_01_2026-07-23.csv,116,"要素ID,項目名,コンテキストID,相対年度,連結・個別,期間・時点,ユニットID,単位,値",edinet_csv_zip,711,"要素ID: jplvh_cor:PurposeOfHolding | 項目名: 保有目的 | コンテキストID: FilingDateInstant_jplvh010000-lvh_E04147-000FilerLargeVolumeHolder1Member | 相対年度: 提出日時点 | 連結・個別: その他 | 期間・時点: 時点 | ユニットID: － | 単位: － | 値: 発行者は車両用電機品を提出者に納入しており、技術開発の連携を行う等、提出者の鉄道事業の運営上重要な役割を担っている。技術開発の連携等を一層深化させるなど相互の協力関係を強化することを目的に発行者の普通株式を保有している。また、提出者は、2026年7月15日に発行者の普通株式合計973,500株（発行済株式総数9,735,000株に対し10.00％）を取得することを決定している。内訳は下記の通り。①発行者の既存株主とのToSTNeT-1取引により、普通株式385,000株を1株当たり2,016円で取得（2026年7月16日に約定、2026年7月21日取得）、②発行者による第三者割当による自己株式の処分により、普通株式578,000株を1株当たり2,013円（但し、2026年７月22日（以下「条件決定日」という。）の直前取引日に おける東京証券取引所における当社普通株式の終値（以下「東証終値」という。）が上記の金額を上回る場合には、条件決定日の直前取引日の東証 終値）で取得（2026年8月6日取得予定）③市場買付けにより、普通株式10,500株を取得（2026年7月16日から2026年8月18日までの期間内に取得予定）。",
2026-07-24T21:02:01+00:00,2026-07-23,2026-07-23 16:56,東日本旅客鉄道株式会社,E04147,90200,変更報告書,350,010002,S100YS0B,大量保有：保有割合・増減,保有割合,XBRL_TO_CSV/jplvh010000-lvh-002_E04147-000_2026-07-15_01_2026-07-23.csv,120,"要素ID,項目名,コンテキストID,相対年度,連結・個別,期間・時点,ユニットID,単位,値",edinet_csv_zip,247,要素ID: jplvh_cor:NotesHoldingRatioOfShareCertificatesEtcTextBlock | 項目名: 欄外注記、株券等保有割合 [テキストブロック] | コンテキストID: FilingDateInstant_jplvh010000-lvh_E04147-000FilerLargeVolumeHolder1Member | 相対年度: 提出日時点 | 連結・個別: その他 | 期間・時点: 時点 | ユニットID: － | 単位: － | 値: －,
2026-07-24T21:02:01+00:00,2026-07-23,2026-07-23 16:55,楽天証券株式会社,E23631,,大量保有報告書（特例対象株券等）,350,030000,S100YRDX,大量保有：保有割合・増減,保有割合,XBRL_TO_CSV/jplvh030000-lvh-002_E23631-000_2026-07-15_01_2026-07-23.csv,52,"要素ID,項目名,コンテキストID,相対年度,連結・個別,期間・時点,ユニットID,値",edinet_csv_zip,217,要素ID: jplvh_cor:HoldingRatioOfShareCertificatesEtc | 項目名: 株券等保有割合 | コンテキストID: FilingDateInstant_jplvh030000-lvh_E23631-000FilerLargeVolumeHolder1Member | 相対年度: 提出日時点 | 連結・個別: その他 | 期間・時点: 時点 | ユニットID: pure | 値: 0.0551,
2026-07-24T21:02:01+00:00,2026-07-23,2026-07-23 16:55,楽天証券株式会社,E23631,,大量保有報告書（特例対象株券等）,350,030000,S100YRDX,大量保有：保有割合・増減,保有割合,XBRL_TO_CSV/jplvh030000-lvh-002_E23631-000_2026-07-15_01_2026-07-23.csv,53,"要素ID,項目名,コンテキストID,相対年度,連結・個別,期間・時点,ユニットID,値",edinet_csv_zip,237,要素ID: jplvh_cor:HoldingRatioOfShareCertificatesEtcPerLastReport | 項目名: 直前の報告書に記載された株券等保有割合 | コンテキストID: FilingDateInstant_jplvh030000-lvh_E23631-000FilerLargeVolumeHolder1Member | 相対年度: 提出日時点 | 連結・個別: その他 | 期間・時点: 時点 | ユニットID: pure | 値: －,
2026-07-24T21:02:01+00:00,2026-07-23,2026-07-23 16:55,楽天証券株式会社,E23631,,大量保有報告書（特例対象株券等）,350,030000,S100YRDX,臨時報告書：提出事由・発生事実,提出事由,XBRL_TO_CSV/jplvh030000-lvh-002_E23631-000_2026-07-15_01_2026-07-23.csv,62,"要素ID,項目名,コンテキストID,相対年度,連結・個別,期間・時点,ユニットID,単位,値",edinet_csv_zip,168,要素ID: jplvh_cor:ReasonForFilingChangeReportCoverPage | 項目名: 変更報告書提出事由、表紙 | コンテキストID: FilingDateInstant | 相対年度: 提出日時点 | 連結・個別: その他 | 期間・時点: 時点 | ユニットID: － | 単位: － | 値: －,
2026-07-24T21:02:01+00:00,2026-07-23,2026-07-23 16:55,楽天証券株式会社,E23631,,大量保有報告書（特例対象株券等）,350,030000,S100YRDX,大量保有：保有目的,保有目的,XBRL_TO_CSV/jplvh030000-lvh-002_E23631-000_2026-07-15_01_2026-07-23.csv,112,"要素ID,項目名,コンテキストID,相対年度,連結・個別,期間・時点,ユニットID,単位,値",edinet_csv_zip,209,要素ID: jplvh_cor:PurposeOfHolding | 項目名: 保有目的 | コンテキストID: FilingDateInstant_jplvh030000-lvh_E23631-000FilerLargeVolumeHolder1Member | 相対年度: 提出日時点 | 連結・個別: その他 | 期間・時点: 時点 | ユニットID: － | 単位: － | 値: 証券業務に係る一時保有のため,
2026-07-24T21:02:01+00:00,2026-07-23,2026-07-23 16:55,楽天証券株式会社,E23631,,大量保有報告書（特例対象株券等）,350,030000,S100YRDX,大量保有：保有割合・増減,保有割合,XBRL_TO_CSV/jplvh030000-lvh-002_E23631-000_2026-07-15_01_2026-07-23.csv,115,"要素ID,項目名,コンテキストID,相対年度,連結・個別,期間・時点,ユニットID,単位,値",edinet_csv_zip,247,要素ID: jplvh_cor:NotesHoldingRatioOfShareCertificatesEtcTextBlock | 項目名: 欄外注記、株券等保有割合 [テキストブロック] | コンテキストID: FilingDateInstant_jplvh030000-lvh_E23631-000FilerLargeVolumeHolder1Member | 相対年度: 提出日時点 | 連結・個別: その他 | 期間・時点: 時点 | ユニットID: － | 単位: － | 値: －,
2026-07-24T21:02:01+00:00,2026-07-23,2026-07-23 16:54,楽天証券株式会社,E23631,,変更報告書（特例対象株券等）,350,030002,S100YRDW,大量保有：保有割合・増減,保有割合,XBRL_TO_CSV/jplvh030000-lvh-001_E23631-000_2026-07-15_01_2026-07-23.csv,52,"要素ID,項目名,コンテキストID,相対年度,連結・個別,期間・時点,ユニットID,値",edinet_csv_zip,217,要素ID: jplvh_cor:HoldingRatioOfShareCertificatesEtc | 項目名: 株券等保有割合 | コンテキストID: FilingDateInstant_jplvh030000-lvh_E23631-000FilerLargeVolumeHolder1Member | 相対年度: 提出日時点 | 連結・個別: その他 | 期間・時点: 時点 | ユニットID: pure | 値: 0.0468,
2026-07-24T21:02:01+00:00,2026-07-23,2026-07-23 16:54,楽天証券株式会社,E23631,,変更報告書（特例対象株券等）,350,030002,S100YRDW,大量保有：保有割合・増減,保有割合,XBRL_TO_CSV/jplvh030000-lvh-001_E23631-000_2026-07-15_01_2026-07-23.csv,53,"要素ID,項目名,コンテキストID,相対年度,連結・個別,期間・時点,ユニットID,値",edinet_csv_zip,242,要素ID: jplvh_cor:HoldingRatioOfShareCertificatesEtcPerLastReport | 項目名: 直前の報告書に記載された株券等保有割合 | コンテキストID: FilingDateInstant_jplvh030000-lvh_E23631-000FilerLargeVolumeHolder1Member | 相対年度: 提出日時点 | 連結・個別: その他 | 期間・時点: 時点 | ユニットID: pure | 値: 0.0570,
2026-07-24T21:02:01+00:00,2026-07-23,2026-07-23 16:54,楽天証券株式会社,E23631,,変更報告書（特例対象株券等）,350,030002,S100YRDW,大量保有：保有割合・増減,保有割合,XBRL_TO_CSV/jplvh030000-lvh-001_E23631-000_2026-07-15_01_2026-07-23.csv,62,"要素ID,項目名,コンテキストID,相対年度,連結・個別,期間・時点,ユニットID,単位,値",edinet_csv_zip,195,要素ID: jplvh_cor:ReasonForFilingChangeReportCoverPage | 項目名: 変更報告書提出事由、表紙 | コンテキストID: FilingDateInstant | 相対年度: 提出日時点 | 連結・個別: その他 | 期間・時点: 時点 | ユニットID: － | 単位: － | 値: 株券等保有割合の１％以上の減少１％以上の重要な契約の変更,
2026-07-24T21:02:01+00:00,2026-07-23,2026-07-23 16:54,楽天証券株式会社,E23631,,変更報告書（特例対象株券等）,350,030002,S100YRDW,臨時報告書：提出事由・発生事実,提出事由,XBRL_TO_CSV/jplvh030000-lvh-001_E23631-000_2026-07-15_01_2026-07-23.csv,62,"要素ID,項目名,コンテキストID,相対年度,連結・個別,期間・時点,ユニットID,単位,値",edinet_csv_zip,195,要素ID: jplvh_cor:ReasonForFilingChangeReportCoverPage | 項目名: 変更報告書提出事由、表紙 | コンテキストID: FilingDateInstant | 相対年度: 提出日時点 | 連結・個別: その他 | 期間・時点: 時点 | ユニットID: － | 単位: － | 値: 株券等保有割合の１％以上の減少１％以上の重要な契約の変更,
2026-07-24T21:02:01+00:00,2026-07-23,2026-07-23 16:54,楽天証券株式会社,E23631,,変更報告書（特例対象株券等）,350,030002,S100YRDW,大量保有：保有目的,保有目的,XBRL_TO_CSV/jplvh030000-lvh-001_E23631-000_2026-07-15_01_2026-07-23.csv,112,"要素ID,項目名,コンテキストID,相対年度,連結・個別,期間・時点,ユニットID,単位,値",edinet_csv_zip,209,要素ID: jplvh_cor:PurposeOfHolding | 項目名: 保有目的 | コンテキストID: FilingDateInstant_jplvh030000-lvh_E23631-000FilerLargeVolumeHolder1Member | 相対年度: 提出日時点 | 連結・個別: その他 | 期間・時点: 時点 | ユニットID: － | 単位: － | 値: 証券業務に係る一時保有のため,
2026-07-24T21:02:01+00:00,2026-07-23,2026-07-23 16:54,楽天証券株式会社,E23631,,変更報告書（特例対象株券等）,350,030002,S100YRDW,大量保有：保有割合・増減,保有割合,XBRL_TO_CSV/jplvh030000-lvh-001_E23631-000_2026-07-15_01_2026-07-23.csv,115,"要素ID,項目名,コンテキストID,相対年度,連結・個別,期間・時点,ユニットID,単位,値",edinet_csv_zip,247,要素ID: jplvh_cor:NotesHoldingRatioOfShareCertificatesEtcTextBlock | 項目名: 欄外注記、株券等保有割合 [テキストブロック] | コンテキストID: FilingDateInstant_jplvh030000-lvh_E23631-000FilerLargeVolumeHolder1Member | 相対年度: 提出日時点 | 連結・個別: その他 | 期間・時点: 時点 | ユニットID: － | 単位: － | 値: －,
2026-07-24T21:02:01+00:00,2026-07-23,2026-07-23 16:54,東日本旅客鉄道株式会社,E04147,90200,訂正報告書（大量保有報告書・変更報告書）,360,090001,S100YS08,大量保有：保有割合・増減,保有割合,XBRL_TO_CSV/jplvh010000-lvh-001_E04147-000_2023-05-31_01_2026-07-23.csv,38,"要素ID,項目名,コンテキストID,相対年度,連結・個別,期間・時点,ユニットID,値",edinet_csv_zip,217,要素ID: jplvh_cor:HoldingRatioOfShareCertificatesEtc | 項目名: 株券等保有割合 | コンテキストID: FilingDateInstant_jplvh010000-lvh_E04147-000FilerLargeVolumeHolder1Member | 相対年度: 提出日時点 | 連結・個別: その他 | 期間・時点: 時点 | ユニットID: pure | 値: 0.1000,
2026-07-24T21:02:01+00:00,2026-07-23,2026-07-23 16:54,東日本旅客鉄道株式会社,E04147,90200,訂正報告書（大量保有報告書・変更報告書）,360,090001,S100YS08,大量保有：保有割合・増減,保有割合,XBRL_TO_CSV/jplvh010000-lvh-001_E04147-000_2023-05-31_01_2026-07-23.csv,39,"要素ID,項目名,コンテキストID,相対年度,連結・個別,期間・時点,ユニットID,値",edinet_csv_zip,237,要素ID: jplvh_cor:HoldingRatioOfShareCertificatesEtcPerLastReport | 項目名: 直前の報告書に記載された株券等保有割合 | コンテキストID: FilingDateInstant_jplvh010000-lvh_E04147-000FilerLargeVolumeHolder1Member | 相対年度: 提出日時点 | 連結・個別: その他 | 期間・時点: 時点 | ユニットID: pure | 値: －,
2026-07-24T21:02:01+00:00,2026-07-23,2026-07-23 16:54,東日本旅客鉄道株式会社,E04147,90200,訂正報告書（大量保有報告書・変更報告書）,360,090001,S100YS08,臨時報告書：提出事由・発生事実,提出事由,XBRL_TO_CSV/jplvh010000-lvh-001_E04147-000_2023-05-31_01_2026-07-23.csv,52,"要素ID,項目名,コンテキストID,相対年度,連結・個別,期間・時点,ユニットID,単位,値",edinet_csv_zip,168,要素ID: jplvh_cor:ReasonForFilingChangeReportCoverPage | 項目名: 変更報告書提出事由、表紙 | コンテキストID: FilingDateInstant | 相対年度: 提出日時点 | 連結・個別: その他 | 期間・時点: 時点 | ユニットID: － | 単位: － | 値: －,
2026-07-24T21:02:01+00:00,2026-07-23,2026-07-23 16:54,東日本旅客鉄道株式会社,E04147,90200,訂正報告書（大量保有報告書・変更報告書）,360,090001,S100YS08,臨時報告書：提出事由・発生事実,提出事由,XBRL_TO_CSV/jplvh010000-lvh-001_E04147-000_2023-05-31_01_2026-07-23.csv,53,"要素ID,項目名,コンテキストID,相対年度,連結・個別,期間・時点,ユニットID,単位,値",edinet_csv_zip,176,要素ID: jplvh_cor:ReasonForFilingChangeReportCoverPageNA | 項目名: 変更報告書提出事由、表紙（該当なし） | コンテキストID: FilingDateInstant | 相対年度: 提出日時点 | 連結・個別: その他 | 期間・時点: 時点 | ユニットID: － | 単位: － | 値: －,
2026-07-24T21:02:01+00:00,2026-07-23,2026-07-23 16:54,東日本旅客鉄道株式会社,E04147,90200,訂正報告書（大量保有報告書・変更報告書）,360,090001,S100YS08,大量保有：保有目的,保有目的,XBRL_TO_CSV/jplvh010000-lvh-001_E04147-000_2023-05-31_01_2026-07-23.csv,103,"要素ID,項目名,コンテキストID,相対年度,連結・個別,期間・時点,ユニットID,単位,値",edinet_csv_zip,209,要素ID: jplvh_cor:PurposeOfHolding | 項目名: 保有目的 | コンテキストID: FilingDateInstant_jplvh010000-lvh_E04147-000FilerLargeVolumeHolder1Member | 相対年度: 提出日時点 | 連結・個別: その他 | 期間・時点: 時点 | ユニットID: － | 単位: － | 値: 取引関係の維持、強化のため。,
2026-07-24T21:02:01+00:00,2026-07-23,2026-07-23 16:54,東日本旅客鉄道株式会社,E04147,90200,訂正報告書（大量保有報告書・変更報告書）,360,090001,S100YS08,大量保有：保有割合・増減,保有割合,XBRL_TO_CSV/jplvh010000-lvh-001_E04147-000_2023-05-31_01_2026-07-23.csv,108,"要素ID,項目名,コンテキストID,相対年度,連結・個別,期間・時点,ユニットID,単位,値",edinet_csv_zip,247,要素ID: jplvh_cor:NotesHoldingRatioOfShareCertificatesEtcTextBlock | 項目名: 欄外注記、株券等保有割合 [テキストブロック] | コンテキストID: FilingDateInstant_jplvh010000-lvh_E04147-000FilerLargeVolumeHolder1Member | 相対年度: 提出日時点 | 連結・個別: その他 | 期間・時点: 時点 | ユニットID: － | 単位: － | 値: －,
2026-07-24T21:02:01+00:00,2026-07-23,2026-07-23 16:39,株式会社ボルテージ,E24392,36390,臨時報告書,180,053000,S100YS3M,臨時報告書：提出事由・発生事実,異動,XBRL_TO_CSV/jpcrp050300-esr-001_E24392-000_2026-07-23_01_2026-07-23.csv,40,"要素ID,項目名,コンテキストID,相対年度,連結・個別,期間・時点,ユニットID,単位,値",edinet_csv_zip,290,要素ID: jpcrp-esr_cor:ReasonForFilingTextBlock | 項目名: 提出理由 [テキストブロック] | コンテキストID: FilingDateInstant | 相対年度: 提出日時点 | 連結・個別: その他 | 期間・時点: 時点 | ユニットID: － | 単位: － | 値: １【提出理由】 当社は、2026年７月23日開催の取締役会において、代表取締役の異動について決議いたしましたので、金融商品取引法第24条の５第４項及び企業内容等の開示に関する内閣府令第19条第２項第９号の規定に基づき、本臨時報告書を提出するものであります。,
2026-07-24T21:02:01+00:00,2026-07-23,2026-07-23 16:39,株式会社ボルテージ,E24392,36390,臨時報告書,180,053000,S100YS3M,臨時報告書：提出事由・発生事実,異動,XBRL_TO_CSV/jpcrp050300-esr-001_E24392-000_2026-07-23_01_2026-07-23.csv,41,"要素ID,項目名,コンテキストID,相対年度,連結・個別,期間・時点,ユニットID,単位,値",edinet_csv_zip,627,"要素ID: jpcrp-esr_cor:ChangesInRepresentativeDirectorsTextBlock | 項目名: 代表取締役の異動 [テキストブロック] | コンテキストID: FilingDateInstant | 相対年度: 提出日時点 | 連結・個別: その他 | 期間・時点: 時点 | ユニットID: － | 単位: － | 値: ２【報告内容】(1）異動に係る代表取締役の氏名、生年月日、新旧役職名、異動年月日及び所有株式数① 新たに代表取締役になる者氏名（生年月日）新役職名旧役職名異動年月日所有株式数加藤 慶太（1979年８月14日生）代表取締役社長取締役副社長2026年９月28日14,000株※所有株式数については、2026年６月末時点の株式数を記載しています。 ② 代表取締役でなくなる者氏名（生年月日）新役職名旧役職名異動年月日所有株式数津谷 祐司（1963年３月10日生）取締役会長代表取締役社長2026年９月28日696,900株※所有株式数については、2026年６月末時点の株式数を記載しています。 (2）新たに代表取締役になる者についての主要略歴氏名略歴加藤 慶太2007年４月 当社入社2012年１月 株式会社タイトー 入社2013年８月 当社入社2014年７月 当社執行役員2021年９月 当社取締役2024年９月 当社取締役副社長（現任）2026年９月 当社代表取締役社長（就任予定） 以 上",
2026-07-24T21:02:01+00:00,2026-07-23,2026-07-23 16:38,アニコム　ホールディングス株式会社,E24073,87150,臨時報告書,180,053000,S100YRYU,臨時報告書：提出事由・発生事実,ReasonForFiling,XBRL_TO_CSV/jpcrp050300-esr-001_E24073-000_2026-07-23_01_2026-07-23.csv,40,"要素ID,項目名,コンテキストID,相対年度,連結・個別,期間・時点,ユニットID,単位,値",edinet_csv_zip,496,要素ID: jpcrp-esr_cor:ReasonForFilingTextBlock | 項目名: 提出理由 [テキストブロック] | コンテキストID: FilingDateInstant | 相対年度: 提出日時点 | 連結・個別: その他 | 期間・時点: 時点 | ユニットID: － | 単位: － | 値: 当社は、2026年７月23日開催の取締役会（以下「本取締役会」といいます。）において、業績連動型譲渡制限付株式報酬制度（以下「本制度」といいます。）に基づき、当社の取締役（社外取締役を除く。）及び取締役を兼任しない執行役員並びに当社の子会社の取締役に対し、業績評価期間（以下に定義します。）の業績目標達成度や役位に応じて算定される数の当社の普通株式（以下「当社株式」といいます。）を、対象期間終了後に交付を受ける権利であるパフォーマンス・シェア・ユニット（以下「PSU」といいます。）を付与することを決議いたしましたので、金融商品取引法第24条の５第４項及び企業内容等の開示に関する内閣府令第19条第２項第２号の２の規定に基づき、本臨時報告書を提出するものであります。,
2026-07-24T21:02:01+00:00,2026-07-23,2026-07-23 16:38,アニコム　ホールディングス株式会社,E24073,87150,臨時報告書,180,053000,S100YRYU,臨時報告書：提出事由・発生事実,決定,XBRL_TO_CSV/jpcrp050300-esr-001_E24073-000_2026-07-23_01_2026-07-23.csv,41,"要素ID,項目名,コンテキストID,相対年度,連結・個別,期間・時点,ユニットID,単位,値",edinet_csv_zip,7046,"要素ID: jpcrp-esr_cor:IssueOfStockOptionsNotSubjectToSecuritiesRegistrationTextBlock | 項目名: 届出を要しない株券等又は新株予約権証券等の発行 [テキストブロック] | コンテキストID: FilingDateInstant | 相対年度: 提出日時点 | 連結・個別: その他 | 期間・時点: 時点 | ユニットID: － | 単位: － | 値: (1) 銘柄 アニコム ホールディングス株式会社 普通株式 (2) 株式の内容 ① 発行数 94,422株（注）（注）発行数は、本制度に基づく業績に関する指標の達成度が最も高い場合（発行株式数が最も多くなる場合）を想定した株式数としています。 ② 発行価格及び資本組入額 (i) 発行価格 1,202円（注）（注）発行価格は、本取締役会の決議日の前営業日である2026年７月22日の東京証券取引所における当社普通株式の終値としています。 (ii) 資本組入額 未定（注）（注）本制度に基づく株式の交付は、自己株式処分の方法により行う可能性もあるため、未定としています。 ③ 発行価額の総額及び資本組入額の総額 (i) 発行価額の総額 113,495,244円 (ii) 資本組入額の総額 未定（注）（注）本制度に基づく株式の交付は、自己株式処分の方法により行う可能性もあるため、未定としています。 ④ 株式の内容完全議決権株式であり、権利内容に何ら限定のない当社における標準となる株式であります。なお、単元株式数は100株であります。 (3) 取得勧誘の相手方の人数及びその内訳当社の取締役（社外取締役を除く。） ２名当社の取締役を兼務しない執行役員 ４名当社子会社の取締役 ８名 (4) 勧誘の相手方が提出会社の子会社の取締役等（金融商品取引法施行令第２条の12第１号に規定する取締役等をいう）である場合には、当該子会社と提出会社との間の関係当社の完全子会社 (5) 勧誘の相手方と提出会社との間の取決めの内容ア 本制度の概要本制度においては、当社の取締役（社外取締役を除く。）及び取締役を兼任しない執行役員並びに当社の子会社の取締役のうち、当社の取締役会決議に基づき、本制度の対象者として定める者（以下「対象取締役等」といいます。）に対して、原則として中期経営計画期間である３事業年度（当初は現在進行中の中期経営計画の残りの期間に合わせて２事業年度）の業績評価期間における業績目標をあらかじめ取締役会において決定し、その業績目標の達成度合いに応じて、業績評価期間終了後に当社株式を交付いたします。 本制度に基づき当社の取締役（社外取締役を除く。）に対してPSUとして支給する当社株式の総額は、年額99百万円以内（使用人兼務取締役の使用人分給与を含みません。）といたします。また、当社の取締役（社外取締役を除く。）に対して業績評価期間終了後に発行又は処分する当社株式の総数は、年198,000株以内（ただし、当社の第26回定時株主総会（2026年６月24日開催）の決議の日以降の日を効力発生日とする当社の普通株式の株式分割又は株式併合が行われた場合、当該効力発生日以降、分割比率・併合比率等に応じて、当該総数を、必要に応じて合理的な範囲で調整します。）といたします。本制度は、原則として、中期経営計画の対象期間を業績評価期間とした上で当該期間である３事業年度（当初は現在進行中の中期経営計画の残りの期間に合わせて２事業年度）の最後の事業年度の経過後に、３事業年度にわたる職務執行の対価に相当する分を一括して株式を交付することを想定しており、実質的には１事業年度33百万円以内かつ66,000株以内の付与に相当すると考えております。なお、本制度においては、業績評価期間中又は業績評価期間終了後、当社株式の発行又は処分までに、死亡により退任した場合、一定の組織再編等に関して承認された場合等、一定の場合には、対象取締役等に対して、当社株式の発行又は処分に代えて、金銭を支給いたします。業績目標は、連結ROE（自己資本利益率）及び当社の従業員エンゲージメントサーベイにより算出されるエンゲージメントスコアといたします。 イ 交付する当社の普通株式の数並びに支給する金銭報酬債権及び金銭の額の算定方法本制度では、対象取締役等毎に定められる個人別株式報酬基準額を基準株価で除して計算される基準交付株式数に、業績評価期間の業績目標達成度、在任期間比率及び役位調整比率を乗じ、本制度に基づき各対象取締役等に最終的に交付される数（以下「最終交付株式数」といいます。）を確定し、各対象取締役等に交付する当社株式の数を決定します。ただし、対象取締役等が正当な理由により当社の取締役若しくは取締役を兼務しない執行役員又は当社子会社の取締役の地位をいずれも退任した場合又は日本非居住者である場合等には、当社株式の交付を行わず、最終交付株式数の全部について金銭で支給することができるものとします。当該株式の交付に係る金銭報酬債権及び当該金銭の総額は、最終交付株式数に、業績評価期間終了後における本制度に基づく当社株式の割当に関する株式発行又は自己株式の処分に係る当社取締役会決議の日（以下「割当決議日」といいます。）の前営業日の東京証券取引所における当社株式の終値（当該日に終値が公表されない場合には、終値の取得できる直近の日まで遡って算定します。以下同じです。）を乗じた金額とします。 最終交付株式数は以下の式に従って算出されます。 最終交付株式数＝基準交付株式数(①)×業績目標達成度(②)×在任期間比率(③)×役位調整比率(④) ① 基準交付株式数基準交付株式数＝個人別株式報酬基準額（ア）÷基準株価（イ） ただし、算出した基準交付株式数に1株未満の端数が生じる場合、これを切り捨てることとします。 （ア）個人別株式報酬基準額 当社の個人別株式報酬基準額は、下表の金額とします。役位株式報酬基準額（千円）当社代表取締役 社長執行役員24,710当社代表取締役 副社長執行役員18,624当社専務執行役員11,406当社常務執行役員7,619当社執行役員（健康イノベーション事業担当）6,658当社執行役員（経営企画担当）5,011当社執行役員（コンプライアンス推進担当）5,560当社執行役員（リスク管理担当）3,912アニコム損害保険株式会社代表取締役 社長執行役員11,406アニコム損害保険株式会社取締役 会長執行役員24,710アニコム損害保険株式会社取締役 専務執行役員18,624アニコム損害保険株式会社取締役 常務執行役員5,852アニコム損害保険株式会社取締役5,560アニコム損害保険株式会社取締役 執行役員5,628アニコム パフェ株式会社代表取締役2,952アニコム先進医療研究所株式会社代表取締役4,599株式会社シムネット代表取締役4,462株式会社フローエンス代表取締役6,864 （イ）基準株価 当初取締役会決議の日（2026年７月23日（本規程の対象となる株式報酬基準額の算定方法及び業績目標達成度を定めた最初の取締役会決議の日））の前営業日（2026年７月22日）における東京証券取引所における当社株式の普通取引の終値である1,202円とします。 ② 業績目標達成度 （ア）業績評価期間及び業績評価指標業績評価期間2027年３月期から2028年３月期まで業績評価指標連結ROE、エンゲージメントスコア （イ）具体的な算出方法 業績目標達成度=連結ROE達成度×80%+エンゲージメントスコア達成度×20%（i）連結ROE業績目標達成度は、当社の業績評価期間の終了事業年度に係る確定した連結貸借対照表及び連結損益計算書（以下「連結貸借対照表等」という。）（※１）により算出される連結ROEの数値（※２）に基づいて、下記表に従って算出されます。 連結ROE連結ROE達成度12.5%超の場合100%12%以上12.5%未満の場合200×（連結ROE-12）%12%未満の場合０% （※１）ただし、当社が消滅会社となる合併契約、当社が完全子会社となる株式交換契約又は株式移転計画に関する事項が当社の株主総会（ただし、当該組織再編に関して当社の株主総会による承認を要さない場合においては、当社の取締役会）で承認された場合には、当該承認の時点で有価証券報告書に記載した連結貸借対照表等のうち直近事業年度のものにより算出される連結ROEの数値に基づいて、上記表に従って算出されます。（※２）連結ROE（自己資本利益率）は、以下の式により算出されます。 連結ROE＝親会社株主に帰属する当期純利益÷(（期首自己資本＋期末自己資本）÷２)×100 ※自己資本＝純資産合計-新株予約権-非支配株主持分 （ii）エンゲージメントスコア業績目標達成度は、当社の従業員エンゲージメントサーベイにより算出されるエンゲージメントスコアの数値（※１）に基づいて、下記表に従って算出されます。エンゲージメントスコアエンゲージメントスコア達成度71.8超の場合100%71.8以下の場合０% （※１）エンゲージメントスコアは、2028年２月に実施する当社指定の従業員エンゲージメントサーベイにおける各設問の回答結果を数値化し、100点換算後の平均値として算出します。 ③ 在任期間比率在任期間（対象期間中における当社の取締役若しくは取締役を兼務しない執行役員又は当社子会社の取締役に在任した期間）に応じて付与する株式数を按分するため、以下の式により算出されます。なお、月の途中で新たに就任又は退任した場合には当該月について在任しているものとみなして計算します。また、「対象期間」とは、2026年３月期に係る当社の定時株主総会の日から2028年３月期に係る当社の定時株主総会の日までの期間をいいます。 在任期間比率 ＝ 対象期間中に在任した合計月数 ÷ 対象期間の合計月数 ④ 役位調整比率役位変更があった場合にその役位に対応した株式数を付与するように付与株式数を調整するため、以下の式により算出されます。なお、月の途中で役位変更があった場合には当該月について新しい役位に在任していないものとみなし、変更前の地位に１か月在任したものとみなして計算します。また、対象取締役等が複数の地位に在る場合については、より高い株式報酬基準額を用い、算出するものとします。役位調整比率 ＝ （当初役位の役位別株式報酬基準額×当初役位在任月数＋変更後役位の役位別株式報酬基準額×変更後役位在任月数） ÷ （当初役位の役位別株式報酬基準額×対象期間中に在任した合計月数） 上記の式における役位別株式報酬基準額は以下のとおりとします。会社名役位株式報酬基準額（千円）当社代表取締役30,000同上取締役20,000同上専務執行役員15,000同上常務執行役員10,000同上執行役員8,000アニコム損害保険株式会社代表取締役18,000同上取締役10,000アニコム パフェ株式会社代表取締役7,000アニコム先進医療研究所株式会社代表取締役7,000株式会社シムネット代表取締役7,000株式会社フローエンス代表取締役7,000 ＜本規程に基づいて交付される株式数及び支給される金額の上限＞本規程に基づいて交付される最終交付株式数の上限及び支給される金額の上限は、以下のとおりとします。役位上限株式数（株）上限金額（円）当社代表取締役 社長執行役員49,42124,710,400当社代表取締役 副社長執行役員37,24918,624,320当社専務執行役員22,81111,405,680当社常務執行役員15,2387,619,040当社執行役員（健康イノベーション担当）13,3166,658,080当社執行役員（経営企画担当）10,0215,010,720当社執行役員（コンプライアンス推進担当）11,1205,559,840当社執行役員（リスク管理担当）7,8253,912,480アニコム損害保険株式会社代表取締役 社長執行役員22,81111,405,680アニコム損害保険株式会社取締役 会長執行役員49,42124,710,400アニコム損害保険株式会社取締役 専務執行役員37,24918,624,320アニコム損害保険株式会社取締役 常務執行役員11,7035,851,560アニコム損害保険株式会社 取締役11,1205,559,840アニコム損害保険株式会社取締役 執行役員10,5365,268,120アニコム パフェ株式会社代表取締役5,9032,951,520アニコム先進医療研究所株式会社代表取締役9,1984,598,880株式会社シムネット代表取締役8,9234,461,600株式会社フローエンス代表取締役13,7286,864,000 ウ 本制度における当社株式の交付及び金銭の支給の条件当社は、以下の要件を満たす対象取締役等に対して、本制度に基づき当社株式を交付するための金銭報酬債権等を支給します。(i) 対象取締役等が、対象期間中、継続して、当社の取締役若しくは取締役を兼務しない執行役員又は当社子会社の取締役の地位にあったこと(ii) 当社の取締役会で定める一定の非違行為がなかったこと(iii) その他当社の取締役会が本制度の趣旨を達成するために必要と認める要件を充足することなお、本制度においては、マルス条項及びクローバック条項を導入しており、対象取締役等が法令若しくは当社の内部規程等に違反した場合、又は当社の過年度の財務諸表について、過誤若しくは虚偽表示による修正再表示がなされた場合等一定の場合には、報酬諮問委員会の協議を経た取締役会の決定により、本制度に基づく当社株式及び金銭の交付を受ける権利を没収し、又は本制度によって交付された株式若しくは支給された金銭の返還を求めることができます。 エ 退任時等の取扱い上記にかかわらず、業績評価期間の最終事業年度が終了してから当該事業年度に係る計算書類の内容が会社法第439条に基づき定時株主総会へ報告される日（以下「権利確定日」といいます。）から対象取締役等が本制度に基づき当社株式の交付を受ける日（以下「株式交付日」といいます。）までの間に、対象取締役等が正当な理由により退任した場合には、当該対象取締役等に対して金銭を支給するものとします。当該対象取締役等に支給する金銭の額は、最終交付株式数に、当該対象取締役等の退任日（ただし、当該退任日が割当決議日以降の日の場合、割当決議日の前営業日）の東京証券取引所における当社株式の終値を乗じて得られる金額といたします。また、対象期間満了後、株式交付日までに対象取締役等が死亡により当社の取締役若しくは取締役を兼務しない執行役員又は当社子会社の取締役を退任した場合には、対象取締役等に対する当社株式の交付に代わり、本制度に基づく対象取締役等の権利を承継する者（以下「権利承継者」といいます。）に対して金銭を支給するものといたします。当該権利承継者に支給する金銭の額は、最終交付株式数に、当該対象取締役等の退任日（ただし、当該退任日が割当決議日以降の日の場合、割当決議日の前営業日）の東京証券取引所における当社株式の終値を乗じて得られる金額といたします。さらに、対象取締役等が株式交付日において非居住者に該当することとなった場合には、当該対象取締役等に対して、金銭を支給します。当該対象取締役等に支給する金銭の額は、最終交付株式数に、割当決議日の前営業日における東京証券取引所における当社株式の普通取引の終値を乗じて得られた金額といたします。 オ 組織再編等における取扱い対象期間開始後、株式交付日までに、当社が消滅会社となる合併契約、当社が完全子会社となる株式交換契約若しくは株式移転計画その他の組織再編等に関する事項が当社の株主総会（ただし、当該組織再編等に関して当社の株主総会による承認を要さない場合においては、当社取締役会）で承認された場合には、当該組織再編等の効力発生日に先立ち、上記イ「交付する当社の普通株式の数並びに支給する金銭報酬債権及び金銭の額の算定方法」に記載の方法で最終交付株式数を確定させた上で、最終交付株式数に、当該承認の日の前営業日の東京証券取引所における当社株式の終値を乗じて得られた額の金銭を支給するものとします。 (6) 当該株券が譲渡についての制限がされていない他の株券と分別して管理される方法業績評価期間中（2028年３月末日までの間）にPSUに基づき株式が交付されることはありませんので、当社の2027年３月期（2026年４月１日～2027年３月31日）に係る半期報告書の提出前にPSUに基づき株式が交付されることはありません。 (7) 振替機関の名称及び住所名称：株式会社証券保管振替機構住所：東京都中央区日本橋兜町７番１号",
2026-07-24T21:02:01+00:00,2026-07-23,2026-07-23 16:35,アニコム　ホールディングス株式会社,E24073,87150,臨時報告書,180,053000,S100YRYP,経営成績等の状況・MD&A,財政状態,XBRL_TO_CSV/jpcrp050300-esr-001_E24073-000_2026-07-23_01_2026-07-23.csv,40,"要素ID,項目名,コンテキストID,相対年度,連結・個別,期間・時点,ユニットID,単位,値",edinet_csv_zip,284,要素ID: jpcrp-esr_cor:ReasonForFilingTextBlock | 項目名: 提出理由 [テキストブロック] | コンテキストID: FilingDateInstant | 相対年度: 提出日時点 | 連結・個別: その他 | 期間・時点: 時点 | ユニットID: － | 単位: － | 値: 当社の財政状態、経営成績及びキャッシュ・フローの状況に著しい影響を与える事象が発生いたしましたので、金融商品取引法第24条の５第４項及び企業内容等の開示に関する内閣府令第19条第２項第12号の規定に基づき、本臨時報告書を提出するものであります。,
2026-07-24T21:02:01+00:00,2026-07-23,2026-07-23 16:35,アニコム　ホールディングス株式会社,E24073,87150,臨時報告書,180,053000,S100YRYP,臨時報告書：提出事由・発生事実,ReasonForFiling,XBRL_TO_CSV/jpcrp050300-esr-001_E24073-000_2026-07-23_01_2026-07-23.csv,40,"要素ID,項目名,コンテキストID,相対年度,連結・個別,期間・時点,ユニットID,単位,値",edinet_csv_zip,284,要素ID: jpcrp-esr_cor:ReasonForFilingTextBlock | 項目名: 提出理由 [テキストブロック] | コンテキストID: FilingDateInstant | 相対年度: 提出日時点 | 連結・個別: その他 | 期間・時点: 時点 | ユニットID: － | 単位: － | 値: 当社の財政状態、経営成績及びキャッシュ・フローの状況に著しい影響を与える事象が発生いたしましたので、金融商品取引法第24条の５第４項及び企業内容等の開示に関する内閣府令第19条第２項第12号の規定に基づき、本臨時報告書を提出するものであります。,
2026-07-24T21:02:01+00:00,2026-07-23,2026-07-23 16:35,アニコム　ホールディングス株式会社,E24073,87150,臨時報告書,180,053000,S100YRYP,経営成績等の状況・MD&A,財政状態,XBRL_TO_CSV/jpcrp050300-esr-001_E24073-000_2026-07-23_01_2026-07-23.csv,41,"要素ID,項目名,コンテキストID,相対年度,連結・個別,期間・時点,ユニットID,単位,値",edinet_csv_zip,507,"要素ID: jpcrp-esr_cor:EventWithSignificantEffectsOnFinancialPositionBusinessPerformanceAndCashFlowsTextBlock | 項目名: 財政状態、経営成績及びキャッシュ・フローの状況に著しい影響を与える事象 [テキストブロック] | コンテキストID: FilingDateInstant | 相対年度: 提出日時点 | 連結・個別: その他 | 期間・時点: 時点 | ユニットID: － | 単位: － | 値: （1）当該事象の発生年月日 2026年７月23日 （2）当該事象の内容 当社は、連結子会社であるアニコム損害保険株式会社から剰余金の配当を受領することになりました。 配当金額 ：3,056,106,000円 配当受領予定日：2026年８月26日 （3）当該事象の損益に与える影響額 本件に伴い、当社は2027年３月期の個別決算において、上記受取配当金を営業収益に計上する予定です。 なお、連結子会社からの配当であるため、2027年３月期の連結業績に与える影響はありません。",
2026-07-24T21:02:01+00:00,2026-07-23,2026-07-23 16:35,アニコム　ホールディングス株式会社,E24073,87150,臨時報告書,180,053000,S100YRYP,臨時報告書：提出事由・発生事実,Event,XBRL_TO_CSV/jpcrp050300-esr-001_E24073-000_2026-07-23_01_2026-07-23.csv,41,"要素ID,項目名,コンテキストID,相対年度,連結・個別,期間・時点,ユニットID,単位,値",edinet_csv_zip,507,"要素ID: jpcrp-esr_cor:EventWithSignificantEffectsOnFinancialPositionBusinessPerformanceAndCashFlowsTextBlock | 項目名: 財政状態、経営成績及びキャッシュ・フローの状況に著しい影響を与える事象 [テキストブロック] | コンテキストID: FilingDateInstant | 相対年度: 提出日時点 | 連結・個別: その他 | 期間・時点: 時点 | ユニットID: － | 単位: － | 値: （1）当該事象の発生年月日 2026年７月23日 （2）当該事象の内容 当社は、連結子会社であるアニコム損害保険株式会社から剰余金の配当を受領することになりました。 配当金額 ：3,056,106,000円 配当受領予定日：2026年８月26日 （3）当該事象の損益に与える影響額 本件に伴い、当社は2027年３月期の個別決算において、上記受取配当金を営業収益に計上する予定です。 なお、連結子会社からの配当であるため、2027年３月期の連結業績に与える影響はありません。",
2026-07-24T21:02:01+00:00,2026-07-23,2026-07-23 16:31,三井住友ＤＳアセットマネジメント株式会社,E08957,,変更報告書（特例対象株券等）,350,030002,S100YRVT,大量保有：保有割合・増減,保有割合,XBRL_TO_CSV/jplvh030000-lvh-005_E08957-000_2026-07-15_01_2026-07-23.csv,52,"要素ID,項目名,コンテキストID,相対年度,連結・個別,期間・時点,ユニットID,値",edinet_csv_zip,217,要素ID: jplvh_cor:HoldingRatioOfShareCertificatesEtc | 項目名: 株券等保有割合 | コンテキストID: FilingDateInstant_jplvh030000-lvh_E08957-000FilerLargeVolumeHolder1Member | 相対年度: 提出日時点 | 連結・個別: その他 | 期間・時点: 時点 | ユニットID: pure | 値: 0.0830,
2026-07-24T21:02:01+00:00,2026-07-23,2026-07-23 16:31,三井住友ＤＳアセットマネジメント株式会社,E08957,,変更報告書（特例対象株券等）,350,030002,S100YRVT,大量保有：保有割合・増減,保有割合,XBRL_TO_CSV/jplvh030000-lvh-005_E08957-000_2026-07-15_01_2026-07-23.csv,53,"要素ID,項目名,コンテキストID,相対年度,連結・個別,期間・時点,ユニットID,値",edinet_csv_zip,242,要素ID: jplvh_cor:HoldingRatioOfShareCertificatesEtcPerLastReport | 項目名: 直前の報告書に記載された株券等保有割合 | コンテキストID: FilingDateInstant_jplvh030000-lvh_E08957-000FilerLargeVolumeHolder1Member | 相対年度: 提出日時点 | 連結・個別: その他 | 期間・時点: 時点 | ユニットID: pure | 値: 0.0721,
2026-07-24T21:02:01+00:00,2026-07-23,2026-07-23 16:31,三井住友ＤＳアセットマネジメント株式会社,E08957,,変更報告書（特例対象株券等）,350,030002,S100YRVT,大量保有：保有割合・増減,保有割合,XBRL_TO_CSV/jplvh030000-lvh-005_E08957-000_2026-07-15_01_2026-07-23.csv,104,"要素ID,項目名,コンテキストID,相対年度,連結・個別,期間・時点,ユニットID,値",edinet_csv_zip,217,要素ID: jplvh_cor:HoldingRatioOfShareCertificatesEtc | 項目名: 株券等保有割合 | コンテキストID: FilingDateInstant_jplvh030000-lvh_E08957-000FilerLargeVolumeHolder2Member | 相対年度: 提出日時点 | 連結・個別: その他 | 期間・時点: 時点 | ユニットID: pure | 値: 0.0000,
2026-07-24T21:02:01+00:00,2026-07-23,2026-07-23 16:31,三井住友ＤＳアセットマネジメント株式会社,E08957,,変更報告書（特例対象株券等）,350,030002,S100YRVT,大量保有：保有割合・増減,保有割合,XBRL_TO_CSV/jplvh030000-lvh-005_E08957-000_2026-07-15_01_2026-07-23.csv,105,"要素ID,項目名,コンテキストID,相対年度,連結・個別,期間・時点,ユニットID,値",edinet_csv_zip,242,要素ID: jplvh_cor:HoldingRatioOfShareCertificatesEtcPerLastReport | 項目名: 直前の報告書に記載された株券等保有割合 | コンテキストID: FilingDateInstant_jplvh030000-lvh_E08957-000FilerLargeVolumeHolder2Member | 相対年度: 提出日時点 | 連結・個別: その他 | 期間・時点: 時点 | ユニットID: pure | 値: 0.0080,
2026-07-24T21:02:01+00:00,2026-07-23,2026-07-23 16:31,三井住友ＤＳアセットマネジメント株式会社,E08957,,変更報告書（特例対象株券等）,350,030002,S100YRVT,大量保有：保有割合・増減,保有割合,XBRL_TO_CSV/jplvh030000-lvh-005_E08957-000_2026-07-15_01_2026-07-23.csv,156,"要素ID,項目名,コンテキストID,相対年度,連結・個別,期間・時点,ユニットID,値",edinet_csv_zip,161,要素ID: jplvh_cor:HoldingRatioOfShareCertificatesEtc | 項目名: 株券等保有割合 | コンテキストID: FilingDateInstant | 相対年度: 提出日時点 | 連結・個別: その他 | 期間・時点: 時点 | ユニットID: pure | 値: 0.0830,
2026-07-24T21:02:01+00:00,2026-07-23,2026-07-23 16:31,三井住友ＤＳアセットマネジメント株式会社,E08957,,変更報告書（特例対象株券等）,350,030002,S100YRVT,大量保有：保有割合・増減,保有割合,XBRL_TO_CSV/jplvh030000-lvh-005_E08957-000_2026-07-15_01_2026-07-23.csv,157,"要素ID,項目名,コンテキストID,相対年度,連結・個別,期間・時点,ユニットID,値",edinet_csv_zip,186,要素ID: jplvh_cor:HoldingRatioOfShareCertificatesEtcPerLastReport | 項目名: 直前の報告書に記載された株券等保有割合 | コンテキストID: FilingDateInstant | 相対年度: 提出日時点 | 連結・個別: その他 | 期間・時点: 時点 | ユニットID: pure | 値: 0.0800,
2026-07-24T21:02:01+00:00,2026-07-23,2026-07-23 16:31,三井住友ＤＳアセットマネジメント株式会社,E08957,,変更報告書（特例対象株券等）,350,030002,S100YRVT,大量保有：保有割合・増減,保有割合,XBRL_TO_CSV/jplvh030000-lvh-005_E08957-000_2026-07-15_01_2026-07-23.csv,159,"要素ID,項目名,コンテキストID,相対年度,連結・個別,期間・時点,ユニットID,値",edinet_csv_zip,217,要素ID: jplvh_cor:HoldingRatioOfShareCertificatesEtc | 項目名: 株券等保有割合 | コンテキストID: FilingDateInstant_jplvh030000-lvh_E08957-000FilerLargeVolumeHolder1Member | 相対年度: 提出日時点 | 連結・個別: その他 | 期間・時点: 時点 | ユニットID: pure | 値: 0.0830,
2026-07-24T21:02:01+00:00,2026-07-23,2026-07-23 16:31,三井住友ＤＳアセットマネジメント株式会社,E08957,,変更報告書（特例対象株券等）,350,030002,S100YRVT,大量保有：保有割合・増減,保有割合,XBRL_TO_CSV/jplvh030000-lvh-005_E08957-000_2026-07-15_01_2026-07-23.csv,161,"要素ID,項目名,コンテキストID,相対年度,連結・個別,期間・時点,ユニットID,値",edinet_csv_zip,161,要素ID: jplvh_cor:HoldingRatioOfShareCertificatesEtc | 項目名: 株券等保有割合 | コンテキストID: FilingDateInstant | 相対年度: 提出日時点 | 連結・個別: その他 | 期間・時点: 時点 | ユニットID: pure | 値: 0.0830,
2026-07-24T21:02:01+00:00,2026-07-23,2026-07-23 16:31,三井住友ＤＳアセットマネジメント株式会社,E08957,,変更報告書（特例対象株券等）,350,030002,S100YRVT,大量保有：保有割合・増減,保有割合,XBRL_TO_CSV/jplvh030000-lvh-005_E08957-000_2026-07-15_01_2026-07-23.csv,170,"要素ID,項目名,コンテキストID,相対年度,連結・個別,期間・時点,ユニットID,単位,値",edinet_csv_zip,184,要素ID: jplvh_cor:ReasonForFilingChangeReportCoverPage | 項目名: 変更報告書提出事由、表紙 | コンテキストID: FilingDateInstant | 相対年度: 提出日時点 | 連結・個別: その他 | 期間・時点: 時点 | ユニットID: － | 単位: － | 値: 単体株券等保有割合の１％以上の増加,
2026-07-24T21:02:01+00:00,2026-07-23,2026-07-23 16:31,三井住友ＤＳアセットマネジメント株式会社,E08957,,変更報告書（特例対象株券等）,350,030002,S100YRVT,臨時報告書：提出事由・発生事実,提出事由,XBRL_TO_CSV/jplvh030000-lvh-005_E08957-000_2026-07-15_01_2026-07-23.csv,170,"要素ID,項目名,コンテキストID,相対年度,連結・個別,期間・時点,ユニットID,単位,値",edinet_csv_zip,184,要素ID: jplvh_cor:ReasonForFilingChangeReportCoverPage | 項目名: 変更報告書提出事由、表紙 | コンテキストID: FilingDateInstant | 相対年度: 提出日時点 | 連結・個別: その他 | 期間・時点: 時点 | ユニットID: － | 単位: － | 値: 単体株券等保有割合の１％以上の増加,
2026-07-24T21:02:01+00:00,2026-07-23,2026-07-23 16:31,三井住友ＤＳアセットマネジメント株式会社,E08957,,変更報告書（特例対象株券等）,350,030002,S100YRVT,大量保有：保有目的,保有目的,XBRL_TO_CSV/jplvh030000-lvh-005_E08957-000_2026-07-15_01_2026-07-23.csv,224,"要素ID,項目名,コンテキストID,相対年度,連結・個別,期間・時点,ユニットID,単位,値",edinet_csv_zip,214,要素ID: jplvh_cor:PurposeOfHolding | 項目名: 保有目的 | コンテキストID: FilingDateInstant_jplvh030000-lvh_E08957-000FilerLargeVolumeHolder1Member | 相対年度: 提出日時点 | 連結・個別: その他 | 期間・時点: 時点 | ユニットID: － | 単位: － | 値: 純投資（投資収益性を重視して行う投資）,
2026-07-24T21:02:01+00:00,2026-07-23,2026-07-23 16:31,三井住友ＤＳアセットマネジメント株式会社,E08957,,変更報告書（特例対象株券等）,350,030002,S100YRVT,大量保有：保有割合・増減,保有割合,XBRL_TO_CSV/jplvh030000-lvh-005_E08957-000_2026-07-15_01_2026-07-23.csv,227,"要素ID,項目名,コンテキストID,相対年度,連結・個別,期間・時点,ユニットID,単位,値",edinet_csv_zip,247,要素ID: jplvh_cor:NotesHoldingRatioOfShareCertificatesEtcTextBlock | 項目名: 欄外注記、株券等保有割合 [テキストブロック] | コンテキストID: FilingDateInstant_jplvh030000-lvh_E08957-000FilerLargeVolumeHolder1Member | 相対年度: 提出日時点 | 連結・個別: その他 | 期間・時点: 時点 | ユニットID: － | 単位: － | 値: －,
2026-07-24T21:02:01+00:00,2026-07-23,2026-07-23 16:31,三井住友ＤＳアセットマネジメント株式会社,E08957,,変更報告書（特例対象株券等）,350,030002,S100YRVT,大量保有：保有目的,保有目的,XBRL_TO_CSV/jplvh030000-lvh-005_E08957-000_2026-07-15_01_2026-07-23.csv,244,"要素ID,項目名,コンテキストID,相対年度,連結・個別,期間・時点,ユニットID,単位,値",edinet_csv_zip,212,要素ID: jplvh_cor:PurposeOfHolding | 項目名: 保有目的 | コンテキストID: FilingDateInstant_jplvh030000-lvh_E08957-000FilerLargeVolumeHolder2Member | 相対年度: 提出日時点 | 連結・個別: その他 | 期間・時点: 時点 | ユニットID: － | 単位: － | 値: 該当事項なし（共同保有者から除外）,
2026-07-24T21:02:01+00:00,2026-07-23,2026-07-23 16:31,三井住友ＤＳアセットマネジメント株式会社,E08957,,変更報告書（特例対象株券等）,350,030002,S100YRVT,大量保有：保有割合・増減,保有割合,XBRL_TO_CSV/jplvh030000-lvh-005_E08957-000_2026-07-15_01_2026-07-23.csv,247,"要素ID,項目名,コンテキストID,相対年度,連結・個別,期間・時点,ユニットID,単位,値",edinet_csv_zip,247,要素ID: jplvh_cor:NotesHoldingRatioOfShareCertificatesEtcTextBlock | 項目名: 欄外注記、株券等保有割合 [テキストブロック] | コンテキストID: FilingDateInstant_jplvh030000-lvh_E08957-000FilerLargeVolumeHolder2Member | 相対年度: 提出日時点 | 連結・個別: その他 | 期間・時点: 時点 | ユニットID: － | 単位: － | 値: －,
2026-07-24T21:02:01+00:00,2026-07-23,2026-07-23 16:31,三井住友ＤＳアセットマネジメント株式会社,E08957,,変更報告書（特例対象株券等）,350,030002,S100YRVT,大量保有：保有割合・増減,保有割合,XBRL_TO_CSV/jplvh030000-lvh-005_E08957-000_2026-07-15_01_2026-07-23.csv,253,"要素ID,項目名,コンテキストID,相対年度,連結・個別,期間・時点,ユニットID,単位,値",edinet_csv_zip,191,要素ID: jplvh_cor:NotesHoldingRatioOfShareCertificatesEtcTextBlock | 項目名: 欄外注記、株券等保有割合 [テキストブロック] | コンテキストID: FilingDateInstant | 相対年度: 提出日時点 | 連結・個別: その他 | 期間・時点: 時点 | ユニットID: － | 単位: － | 値: －,
2026-07-24T21:02:01+00:00,2026-07-23,2026-07-23 16:31,グリーンモンスター株式会社,E39408,157A0,訂正有価証券届出書（組込方式）,040,022001,S100YS32,経営方針・経営環境・対処すべき課題,経営環境,XBRL_TO_CSV/jpaud-aar-cc-001_E39408-000_2025-06-30_02_2026-07-23.csv,0,"要素ID,項目名,コンテキストID,相対年度,連結・個別,期間・時点,ユニットID,単位,値",edinet_csv_zip,5085,"要素ID: jpcrp_cor:IndependentAuditorsReportConsolidatedTextBlock | 項目名: 独立監査人の報告書、連結 [テキストブロック] | コンテキストID: FilingDateInstant | 相対年度: 提出日時点 | 連結・個別: その他 | 期間・時点: 時点 | ユニットID: － | 単位: － | 値: 独立監査人の監査報告書 2025年９月24日グリーンモンスター株式会社取締役会 御中 太陽有限責任監査法人 東京事務所 指定有限責任社員業務執行社員 公認会計士鶴 見 寛 指定有限責任社員業務執行社員 公認会計士下 川 高 史 ＜連結財務諸表監査＞監査意見当監査法人は、金融商品取引法第 193 条の２第１項の規定に基づく監査証明を行うため、「経理の状況」に掲げられているグリーンモンスター株式会社の2024年７月１日から2025年６月30日までの連結会計年度の連結財務諸表、すなわち、連結貸借対照表、連結損益計算書、連結包括利益計算書、連結株主資本等変動計算書、連結キャッシュ・フロー計算書、連結財務諸表作成のための基本となる重要な事項、その他の注記及び連結附属明細表について監査を行った。 当監査法人は、上記の連結財務諸表が、我が国において一般に公正妥当と認められる企業会計の基準に準拠して、グリーンモンスター株式会社及び連結子会社の2025年６月30日現在の財政状態並びに同日をもって終了する連結会計年度の経営成績及びキャッシュ・フローの状況を、全ての重要な点において適正に表示しているものと認める。 監査意見の根拠当監査法人は、我が国において一般に公正妥当と認められる監査の基準に準拠して監査を行った。監査の基準における当監査法人の責任は、「連結財務諸表監査における監査人の責任」に記載されている。当監査法人は、我が国における職業倫理に関する規定に従って、会社及び連結子会社から独立しており、また、監査人としてのその他の倫理上の責任を果たしている。当監査法人は、意見表明の基礎となる十分かつ適切な監査証拠を入手したと判断している。 監査上の主要な検討事項監査上の主要な検討事項とは、当連結会計年度の連結財務諸表の監査において、監査人が職業的専門家として特に重要であると判断した事項である。監査上の主要な検討事項は、連結財務諸表全体に対する監査の実施過程及び監査意見の形成において対応した事項であり、当監査法人は、当該事項に対して個別に意見を表明するものではない。 株式会社ファイナンシャルインテリジェンスの株式取得における企業結合に係る会計処理及びのれんの減損の兆候の判定監査上の主要な検討事項の内容及び決定理由監査上の対応当連結会計年度の連結貸借対照表に計上されている「のれん」には連結財務諸表注記（重要な会計上の見積り）及び（企業結合等関係）に記載のとおり、株式会社ファイナンシャルインテリジェンスの全株式を取得したことにより生じたのれん184,548千円が含まれている。 会社は、外部の専門家を利用し、株式会社ファイナンシャルインテリジェンスの事業計画に基づき、識別可能な資産及び負債の企業結合日時点の時価を基礎として、取得原価の配分を行い、取得原価と識別可能な資産及び負債に配分された純額との差額をのれんとして会計処理している。 会社は、のれんについて、事業計画の達成状況をモニタリングすることによって、減損の兆候の有無の判定を行っており、当連結会計年度においては、取得時に作成された事業計画と当連結会計年度の実績との間に著しい乖離がなく、また、翌連結会計年度以降の将来予測の達成可能性を評価した結果、減損の兆候はないものとしている。 株式会社ファイナンシャルインテリジェンスの株式取得に係る取得原価の配分には、高度な専門知識が必要となる。また、将来の事業計画には、主要な仮定である売上高の成長率が含まれる。当該仮定は経営者による判断を要するものであり、不確実性が高い。さらに、計上されるのれんについて金額的な重要性が高い。 以上より、当監査法人は、株式会社ファイナンシャルインテリジェンスの株式取得における企業結合に係る会計処理及びのれんの減損の兆候に関する判定について、監査上の主要な検討事項とした。当監査法人は、株式会社ファイナンシャルインテリジェンスの株式取得における企業結合に係る会計処理及びのれんの減損の兆候に関する判定を検討するに当たり、主として以下の監査手続を実施した。 （１） 内部統制の評価 ・株式取得に係る取得原価の配分及びのれんの減損損失の認識判定に係る内部統制について、質問及び文書の閲覧等により整備及び運用状況の有効性を評価した。 （２） 取得原価の配分及びのれんの識別に係る手続 ・取得原価の配分に関して、経営者が利用する専門家の適性、能力及び客観性を評価した。 ・当監査法人のネットワーク・ファームの専門家を関与させ、当該取得原価の配分に用いられた算出手法及び前提条件を検討した。 （３） のれんの評価に係る手続 ・経営者の見積りプロセスの有効性を評価するため、株式取得時の事業計画とその後の実績について比較分析を行い、乖離がある場合には乖離要因の分析を実施した。 ・経営環境の著しい悪化を示唆する状況がないかを検討するために取締役会議事録の閲覧及び経営者への質問を実施し、直近の事業環境を理解した。 ・事業計画の見積りに含まれる主要な仮定である売上高成長率については、利用可能な市場環境に関する外部情報との整合性を検討した。 その他の記載内容その他の記載内容は、有価証券報告書に含まれる情報のうち、連結財務諸表及び財務諸表並びにこれらの監査報告書以外の情報である。経営者の責任は、その他の記載内容を作成し開示することにある。また、監査役及び監査役会の責任は、その他の記載内容の報告プロセスの整備及び運用における取締役の職務の執行を監視することにある。 当監査法人の連結財務諸表に対する監査意見の対象にはその他の記載内容は含まれておらず、当監査法人はその他の記載内容に対して意見を表明するものではない。 連結財務諸表監査における当監査法人の責任は、その他の記載内容を通読し、通読の過程において、その他の記載内容と連結財務諸表又は当監査法人が監査の過程で得た知識との間に重要な相違があるかどうか検討すること、また、そのような重要な相違以外にその他の記載内容に重要な誤りの兆候があるかどうか注意を払うことにある。 当監査法人は、実施した作業に基づき、その他の記載内容に重要な誤りがあると判断した場合には、その事実を報告することが求められている。 その他の記載内容に関して、当監査法人が報告すべき事項はない。 連結財務諸表に対する経営者並びに監査役及び監査役会の責任経営者の責任は、我が国において一般に公正妥当と認められる企業会計の基準に準拠して連結財務諸表を作成し適正に表示することにある。これには、不正又は誤謬による重要な虚偽表示のない連結財務諸表を作成し適正に表示するために経営者が必要と判断した内部統制を整備及び運用することが含まれる。 連結財務諸表を作成するに当たり、経営者は、継続企業の前提に基づき連結財務諸表を作成することが適切であるかどうかを評価し、我が国において一般に公正妥当と認められる企業会計の基準に基づいて継続企業に関する事項を開示する必要がある場合には当該事項を開示する責任がある。 監査役及び監査役会の責任は、財務報告プロセスの整備及び運用における取締役の職務の執行を監視することにある。 連結財務諸表監査における監査人の責任監査人の責任は、監査人が実施した監査に基づいて、全体としての連結財務諸表に不正又は誤謬による重要な虚偽表示がないかどうかについて合理的な保証を得て、監査報告書において独立の立場から連結財務諸表に対する意見を表明することにある。虚偽表示は、不正又は誤謬により発生する可能性があり、個別に又は集計すると、連結財務諸表の利用者の意思決定に影響を与えると合理的に見込まれる場合に、重要性があると判断される。 監査人は、我が国において一般に公正妥当と認められる監査の基準に従って、監査の過程を通じて、職業的専門家としての判断を行い、職業的懐疑心を保持して以下を実施する。 ・不正又は誤謬による重要な虚偽表示リスクを識別し、評価する。また、重要な虚偽表示リスクに対応した監査手続を立案し、実施する。監査手続の選択及び適用は監査人の判断による。さらに、意見表明の基礎となる十分かつ適切な監査証拠を入手する。 ・連結財務諸表監査の目的は、内部統制の有効性について意見表明するためのものではないが、監査人は、リスク評価の実施に際して、状況に応じた適切な監査手続を立案するために、監査に関連する内部統制を検討する。・経営者が採用した会計方針及びその適用方法の適切性、並びに経営者によって行われた会計上の見積りの合理性及び関連する注記事項の妥当性を評価する。・経営者が継続企業を前提として連結財務諸表を作成することが適切であるかどうか、また、入手した監査証拠に基づき、継続企業の前提に重要な疑義を生じさせるような事象又は状況に関して重要な不確実性が認められるかどうか結論付ける。継続企業の前提に関する重要な不確実性が認められる場合は、監査報告書において連結財務諸表の注記事項に注意を喚起すること、又は重要な不確実性に関する連結財務諸表の注記事項が適切でない場合は、連結財務諸表に対して除外事項付意見を表明することが求められている。監査人の結論は、監査報告書日までに入手した監査証拠に基づいているが、将来の事象や状況により、企業は継続企業として存続できなくなる可能性がある。 ・連結財務諸表の表示及び注記事項が、我が国において一般に公正妥当と認められる企業会計の基準に準拠しているかどうかとともに、関連する注記事項を含めた連結財務諸表の表示、構成及び内容、並びに連結財務諸表が基礎となる取引や会計事象を適正に表示しているかどうかを評価する。 ・連結財務諸表に対する意見表明の基礎となる、会社及び連結子会社の財務情報に関する十分かつ適切な監査証拠を入手するために、連結財務諸表の監査を計画し実施する。監査人は、連結財務諸表の監査に関する指揮、監督及び査閲に関して責任がある。監査人は、単独で監査意見に対して責任を負う。 監査人は、監査役及び監査役会に対して、計画した監査の範囲とその実施時期、監査の実施過程で識別した内部統制の重要な不備を含む監査上の重要な発見事項、及び監査の基準で求められているその他の事項について報告を行う。監査人は、監査役及び監査役会に対して、独立性についての我が国における職業倫理に関する規定を遵守したこと、並びに監査人の独立性に影響を与えると合理的に考えられる事項、及び阻害要因を除去するための対応策を講じている場合又は阻害要因を許容可能な水準にまで軽減するためのセーフガードを適用している場合はその内容について報告を行う。 監査人は、監査役及び監査役会と協議した事項のうち、当連結会計年度の連結財務諸表の監査で特に重要であると判断した事項を監査上の主要な検討事項と決定し、監査報告書において記載する。ただし、法令等により当該事項の公表が禁止されている場合や、極めて限定的ではあるが、監査報告書において報告することにより生じる不利益が公共の利益を上回ると合理的に見込まれるため、監査人が報告すべきでないと判断した場合は、当該事項を記載しない。 ＜報酬関連情報＞当監査法人及び当監査法人と同一のネットワークに属する者に対する、会社及び子会社の監査証明業務に基づく報酬及び非監査業務に基づく報酬の額は、「提出会社の状況」に含まれるコーポレート・ガバナンスの状況等（３）【監査の状況】に記載されている。 利害関係会社及び連結子会社と当監査法人又は業務執行社員との間には、公認会計士法の規定により記載すべき利害関係はない。以 上 （注） １．上記の監査報告書の原本は当社（有価証券報告書提出会社）が別途保管しております。２．XBRLデータは監査の対象には含まれていません。",
2026-07-24T21:02:01+00:00,2026-07-23,2026-07-23 16:31,グリーンモンスター株式会社,E39408,157A0,訂正有価証券届出書（組込方式）,040,022001,S100YS32,経営成績等の状況・MD&A,財政状態,XBRL_TO_CSV/jpaud-aar-cc-001_E39408-000_2025-06-30_02_2026-07-23.csv,0,"要素ID,項目名,コンテキストID,相対年度,連結・個別,期間・時点,ユニットID,単位,値",edinet_csv_zip,5085,"要素ID: jpcrp_cor:IndependentAuditorsReportConsolidatedTextBlock | 項目名: 独立監査人の報告書、連結 [テキストブロック] | コンテキストID: FilingDateInstant | 相対年度: 提出日時点 | 連結・個別: その他 | 期間・時点: 時点 | ユニットID: － | 単位: － | 値: 独立監査人の監査報告書 2025年９月24日グリーンモンスター株式会社取締役会 御中 太陽有限責任監査法人 東京事務所 指定有限責任社員業務執行社員 公認会計士鶴 見 寛 指定有限責任社員業務執行社員 公認会計士下 川 高 史 ＜連結財務諸表監査＞監査意見当監査法人は、金融商品取引法第 193 条の２第１項の規定に基づく監査証明を行うため、「経理の状況」に掲げられているグリーンモンスター株式会社の2024年７月１日から2025年６月30日までの連結会計年度の連結財務諸表、すなわち、連結貸借対照表、連結損益計算書、連結包括利益計算書、連結株主資本等変動計算書、連結キャッシュ・フロー計算書、連結財務諸表作成のための基本となる重要な事項、その他の注記及び連結附属明細表について監査を行った。 当監査法人は、上記の連結財務諸表が、我が国において一般に公正妥当と認められる企業会計の基準に準拠して、グリーンモンスター株式会社及び連結子会社の2025年６月30日現在の財政状態並びに同日をもって終了する連結会計年度の経営成績及びキャッシュ・フローの状況を、全ての重要な点において適正に表示しているものと認める。 監査意見の根拠当監査法人は、我が国において一般に公正妥当と認められる監査の基準に準拠して監査を行った。監査の基準における当監査法人の責任は、「連結財務諸表監査における監査人の責任」に記載されている。当監査法人は、我が国における職業倫理に関する規定に従って、会社及び連結子会社から独立しており、また、監査人としてのその他の倫理上の責任を果たしている。当監査法人は、意見表明の基礎となる十分かつ適切な監査証拠を入手したと判断している。 監査上の主要な検討事項監査上の主要な検討事項とは、当連結会計年度の連結財務諸表の監査において、監査人が職業的専門家として特に重要であると判断した事項である。監査上の主要な検討事項は、連結財務諸表全体に対する監査の実施過程及び監査意見の形成において対応した事項であり、当監査法人は、当該事項に対して個別に意見を表明するものではない。 株式会社ファイナンシャルインテリジェンスの株式取得における企業結合に係る会計処理及びのれんの減損の兆候の判定監査上の主要な検討事項の内容及び決定理由監査上の対応当連結会計年度の連結貸借対照表に計上されている「のれん」には連結財務諸表注記（重要な会計上の見積り）及び（企業結合等関係）に記載のとおり、株式会社ファイナンシャルインテリジェンスの全株式を取得したことにより生じたのれん184,548千円が含まれている。 会社は、外部の専門家を利用し、株式会社ファイナンシャルインテリジェンスの事業計画に基づき、識別可能な資産及び負債の企業結合日時点の時価を基礎として、取得原価の配分を行い、取得原価と識別可能な資産及び負債に配分された純額との差額をのれんとして会計処理している。 会社は、のれんについて、事業計画の達成状況をモニタリングすることによって、減損の兆候の有無の判定を行っており、当連結会計年度においては、取得時に作成された事業計画と当連結会計年度の実績との間に著しい乖離がなく、また、翌連結会計年度以降の将来予測の達成可能性を評価した結果、減損の兆候はないものとしている。 株式会社ファイナンシャルインテリジェンスの株式取得に係る取得原価の配分には、高度な専門知識が必要となる。また、将来の事業計画には、主要な仮定である売上高の成長率が含まれる。当該仮定は経営者による判断を要するものであり、不確実性が高い。さらに、計上されるのれんについて金額的な重要性が高い。 以上より、当監査法人は、株式会社ファイナンシャルインテリジェンスの株式取得における企業結合に係る会計処理及びのれんの減損の兆候に関する判定について、監査上の主要な検討事項とした。当監査法人は、株式会社ファイナンシャルインテリジェンスの株式取得における企業結合に係る会計処理及びのれんの減損の兆候に関する判定を検討するに当たり、主として以下の監査手続を実施した。 （１） 内部統制の評価 ・株式取得に係る取得原価の配分及びのれんの減損損失の認識判定に係る内部統制について、質問及び文書の閲覧等により整備及び運用状況の有効性を評価した。 （２） 取得原価の配分及びのれんの識別に係る手続 ・取得原価の配分に関して、経営者が利用する専門家の適性、能力及び客観性を評価した。 ・当監査法人のネットワーク・ファームの専門家を関与させ、当該取得原価の配分に用いられた算出手法及び前提条件を検討した。 （３） のれんの評価に係る手続 ・経営者の見積りプロセスの有効性を評価するため、株式取得時の事業計画とその後の実績について比較分析を行い、乖離がある場合には乖離要因の分析を実施した。 ・経営環境の著しい悪化を示唆する状況がないかを検討するために取締役会議事録の閲覧及び経営者への質問を実施し、直近の事業環境を理解した。 ・事業計画の見積りに含まれる主要な仮定である売上高成長率については、利用可能な市場環境に関する外部情報との整合性を検討した。 その他の記載内容その他の記載内容は、有価証券報告書に含まれる情報のうち、連結財務諸表及び財務諸表並びにこれらの監査報告書以外の情報である。経営者の責任は、その他の記載内容を作成し開示することにある。また、監査役及び監査役会の責任は、その他の記載内容の報告プロセスの整備及び運用における取締役の職務の執行を監視することにある。 当監査法人の連結財務諸表に対する監査意見の対象にはその他の記載内容は含まれておらず、当監査法人はその他の記載内容に対して意見を表明するものではない。 連結財務諸表監査における当監査法人の責任は、その他の記載内容を通読し、通読の過程において、その他の記載内容と連結財務諸表又は当監査法人が監査の過程で得た知識との間に重要な相違があるかどうか検討すること、また、そのような重要な相違以外にその他の記載内容に重要な誤りの兆候があるかどうか注意を払うことにある。 当監査法人は、実施した作業に基づき、その他の記載内容に重要な誤りがあると判断した場合には、その事実を報告することが求められている。 その他の記載内容に関して、当監査法人が報告すべき事項はない。 連結財務諸表に対する経営者並びに監査役及び監査役会の責任経営者の責任は、我が国において一般に公正妥当と認められる企業会計の基準に準拠して連結財務諸表を作成し適正に表示することにある。これには、不正又は誤謬による重要な虚偽表示のない連結財務諸表を作成し適正に表示するために経営者が必要と判断した内部統制を整備及び運用することが含まれる。 連結財務諸表を作成するに当たり、経営者は、継続企業の前提に基づき連結財務諸表を作成することが適切であるかどうかを評価し、我が国において一般に公正妥当と認められる企業会計の基準に基づいて継続企業に関する事項を開示する必要がある場合には当該事項を開示する責任がある。 監査役及び監査役会の責任は、財務報告プロセスの整備及び運用における取締役の職務の執行を監視することにある。 連結財務諸表監査における監査人の責任監査人の責任は、監査人が実施した監査に基づいて、全体としての連結財務諸表に不正又は誤謬による重要な虚偽表示がないかどうかについて合理的な保証を得て、監査報告書において独立の立場から連結財務諸表に対する意見を表明することにある。虚偽表示は、不正又は誤謬により発生する可能性があり、個別に又は集計すると、連結財務諸表の利用者の意思決定に影響を与えると合理的に見込まれる場合に、重要性があると判断される。 監査人は、我が国において一般に公正妥当と認められる監査の基準に従って、監査の過程を通じて、職業的専門家としての判断を行い、職業的懐疑心を保持して以下を実施する。 ・不正又は誤謬による重要な虚偽表示リスクを識別し、評価する。また、重要な虚偽表示リスクに対応した監査手続を立案し、実施する。監査手続の選択及び適用は監査人の判断による。さらに、意見表明の基礎となる十分かつ適切な監査証拠を入手する。 ・連結財務諸表監査の目的は、内部統制の有効性について意見表明するためのものではないが、監査人は、リスク評価の実施に際して、状況に応じた適切な監査手続を立案するために、監査に関連する内部統制を検討する。・経営者が採用した会計方針及びその適用方法の適切性、並びに経営者によって行われた会計上の見積りの合理性及び関連する注記事項の妥当性を評価する。・経営者が継続企業を前提として連結財務諸表を作成することが適切であるかどうか、また、入手した監査証拠に基づき、継続企業の前提に重要な疑義を生じさせるような事象又は状況に関して重要な不確実性が認められるかどうか結論付ける。継続企業の前提に関する重要な不確実性が認められる場合は、監査報告書において連結財務諸表の注記事項に注意を喚起すること、又は重要な不確実性に関する連結財務諸表の注記事項が適切でない場合は、連結財務諸表に対して除外事項付意見を表明することが求められている。監査人の結論は、監査報告書日までに入手した監査証拠に基づいているが、将来の事象や状況により、企業は継続企業として存続できなくなる可能性がある。 ・連結財務諸表の表示及び注記事項が、我が国において一般に公正妥当と認められる企業会計の基準に準拠しているかどうかとともに、関連する注記事項を含めた連結財務諸表の表示、構成及び内容、並びに連結財務諸表が基礎となる取引や会計事象を適正に表示しているかどうかを評価する。 ・連結財務諸表に対する意見表明の基礎となる、会社及び連結子会社の財務情報に関する十分かつ適切な監査証拠を入手するために、連結財務諸表の監査を計画し実施する。監査人は、連結財務諸表の監査に関する指揮、監督及び査閲に関して責任がある。監査人は、単独で監査意見に対して責任を負う。 監査人は、監査役及び監査役会に対して、計画した監査の範囲とその実施時期、監査の実施過程で識別した内部統制の重要な不備を含む監査上の重要な発見事項、及び監査の基準で求められているその他の事項について報告を行う。監査人は、監査役及び監査役会に対して、独立性についての我が国における職業倫理に関する規定を遵守したこと、並びに監査人の独立性に影響を与えると合理的に考えられる事項、及び阻害要因を除去するための対応策を講じている場合又は阻害要因を許容可能な水準にまで軽減するためのセーフガードを適用している場合はその内容について報告を行う。 監査人は、監査役及び監査役会と協議した事項のうち、当連結会計年度の連結財務諸表の監査で特に重要であると判断した事項を監査上の主要な検討事項と決定し、監査報告書において記載する。ただし、法令等により当該事項の公表が禁止されている場合や、極めて限定的ではあるが、監査報告書において報告することにより生じる不利益が公共の利益を上回ると合理的に見込まれるため、監査人が報告すべきでないと判断した場合は、当該事項を記載しない。 ＜報酬関連情報＞当監査法人及び当監査法人と同一のネットワークに属する者に対する、会社及び子会社の監査証明業務に基づく報酬及び非監査業務に基づく報酬の額は、「提出会社の状況」に含まれるコーポレート・ガバナンスの状況等（３）【監査の状況】に記載されている。 利害関係会社及び連結子会社と当監査法人又は業務執行社員との間には、公認会計士法の規定により記載すべき利害関係はない。以 上 （注） １．上記の監査報告書の原本は当社（有価証券報告書提出会社）が別途保管しております。２．XBRLデータは監査の対象には含まれていません。",
2026-07-24T21:02:01+00:00,2026-07-23,2026-07-23 16:31,グリーンモンスター株式会社,E39408,157A0,訂正有価証券届出書（組込方式）,040,022001,S100YS32,継続企業の前提,継続企業,XBRL_TO_CSV/jpaud-aar-cc-001_E39408-000_2025-06-30_02_2026-07-23.csv,0,"要素ID,項目名,コンテキストID,相対年度,連結・個別,期間・時点,ユニットID,単位,値",edinet_csv_zip,5085,"要素ID: jpcrp_cor:IndependentAuditorsReportConsolidatedTextBlock | 項目名: 独立監査人の報告書、連結 [テキストブロック] | コンテキストID: FilingDateInstant | 相対年度: 提出日時点 | 連結・個別: その他 | 期間・時点: 時点 | ユニットID: － | 単位: － | 値: 独立監査人の監査報告書 2025年９月24日グリーンモンスター株式会社取締役会 御中 太陽有限責任監査法人 東京事務所 指定有限責任社員業務執行社員 公認会計士鶴 見 寛 指定有限責任社員業務執行社員 公認会計士下 川 高 史 ＜連結財務諸表監査＞監査意見当監査法人は、金融商品取引法第 193 条の２第１項の規定に基づく監査証明を行うため、「経理の状況」に掲げられているグリーンモンスター株式会社の2024年７月１日から2025年６月30日までの連結会計年度の連結財務諸表、すなわち、連結貸借対照表、連結損益計算書、連結包括利益計算書、連結株主資本等変動計算書、連結キャッシュ・フロー計算書、連結財務諸表作成のための基本となる重要な事項、その他の注記及び連結附属明細表について監査を行った。 当監査法人は、上記の連結財務諸表が、我が国において一般に公正妥当と認められる企業会計の基準に準拠して、グリーンモンスター株式会社及び連結子会社の2025年６月30日現在の財政状態並びに同日をもって終了する連結会計年度の経営成績及びキャッシュ・フローの状況を、全ての重要な点において適正に表示しているものと認める。 監査意見の根拠当監査法人は、我が国において一般に公正妥当と認められる監査の基準に準拠して監査を行った。監査の基準における当監査法人の責任は、「連結財務諸表監査における監査人の責任」に記載されている。当監査法人は、我が国における職業倫理に関する規定に従って、会社及び連結子会社から独立しており、また、監査人としてのその他の倫理上の責任を果たしている。当監査法人は、意見表明の基礎となる十分かつ適切な監査証拠を入手したと判断している。 監査上の主要な検討事項監査上の主要な検討事項とは、当連結会計年度の連結財務諸表の監査において、監査人が職業的専門家として特に重要であると判断した事項である。監査上の主要な検討事項は、連結財務諸表全体に対する監査の実施過程及び監査意見の形成において対応した事項であり、当監査法人は、当該事項に対して個別に意見を表明するものではない。 株式会社ファイナンシャルインテリジェンスの株式取得における企業結合に係る会計処理及びのれんの減損の兆候の判定監査上の主要な検討事項の内容及び決定理由監査上の対応当連結会計年度の連結貸借対照表に計上されている「のれん」には連結財務諸表注記（重要な会計上の見積り）及び（企業結合等関係）に記載のとおり、株式会社ファイナンシャルインテリジェンスの全株式を取得したことにより生じたのれん184,548千円が含まれている。 会社は、外部の専門家を利用し、株式会社ファイナンシャルインテリジェンスの事業計画に基づき、識別可能な資産及び負債の企業結合日時点の時価を基礎として、取得原価の配分を行い、取得原価と識別可能な資産及び負債に配分された純額との差額をのれんとして会計処理している。 会社は、のれんについて、事業計画の達成状況をモニタリングすることによって、減損の兆候の有無の判定を行っており、当連結会計年度においては、取得時に作成された事業計画と当連結会計年度の実績との間に著しい乖離がなく、また、翌連結会計年度以降の将来予測の達成可能性を評価した結果、減損の兆候はないものとしている。 株式会社ファイナンシャルインテリジェンスの株式取得に係る取得原価の配分には、高度な専門知識が必要となる。また、将来の事業計画には、主要な仮定である売上高の成長率が含まれる。当該仮定は経営者による判断を要するものであり、不確実性が高い。さらに、計上されるのれんについて金額的な重要性が高い。 以上より、当監査法人は、株式会社ファイナンシャルインテリジェンスの株式取得における企業結合に係る会計処理及びのれんの減損の兆候に関する判定について、監査上の主要な検討事項とした。当監査法人は、株式会社ファイナンシャルインテリジェンスの株式取得における企業結合に係る会計処理及びのれんの減損の兆候に関する判定を検討するに当たり、主として以下の監査手続を実施した。 （１） 内部統制の評価 ・株式取得に係る取得原価の配分及びのれんの減損損失の認識判定に係る内部統制について、質問及び文書の閲覧等により整備及び運用状況の有効性を評価した。 （２） 取得原価の配分及びのれんの識別に係る手続 ・取得原価の配分に関して、経営者が利用する専門家の適性、能力及び客観性を評価した。 ・当監査法人のネットワーク・ファームの専門家を関与させ、当該取得原価の配分に用いられた算出手法及び前提条件を検討した。 （３） のれんの評価に係る手続 ・経営者の見積りプロセスの有効性を評価するため、株式取得時の事業計画とその後の実績について比較分析を行い、乖離がある場合には乖離要因の分析を実施した。 ・経営環境の著しい悪化を示唆する状況がないかを検討するために取締役会議事録の閲覧及び経営者への質問を実施し、直近の事業環境を理解した。 ・事業計画の見積りに含まれる主要な仮定である売上高成長率については、利用可能な市場環境に関する外部情報との整合性を検討した。 その他の記載内容その他の記載内容は、有価証券報告書に含まれる情報のうち、連結財務諸表及び財務諸表並びにこれらの監査報告書以外の情報である。経営者の責任は、その他の記載内容を作成し開示することにある。また、監査役及び監査役会の責任は、その他の記載内容の報告プロセスの整備及び運用における取締役の職務の執行を監視することにある。 当監査法人の連結財務諸表に対する監査意見の対象にはその他の記載内容は含まれておらず、当監査法人はその他の記載内容に対して意見を表明するものではない。 連結財務諸表監査における当監査法人の責任は、その他の記載内容を通読し、通読の過程において、その他の記載内容と連結財務諸表又は当監査法人が監査の過程で得た知識との間に重要な相違があるかどうか検討すること、また、そのような重要な相違以外にその他の記載内容に重要な誤りの兆候があるかどうか注意を払うことにある。 当監査法人は、実施した作業に基づき、その他の記載内容に重要な誤りがあると判断した場合には、その事実を報告することが求められている。 その他の記載内容に関して、当監査法人が報告すべき事項はない。 連結財務諸表に対する経営者並びに監査役及び監査役会の責任経営者の責任は、我が国において一般に公正妥当と認められる企業会計の基準に準拠して連結財務諸表を作成し適正に表示することにある。これには、不正又は誤謬による重要な虚偽表示のない連結財務諸表を作成し適正に表示するために経営者が必要と判断した内部統制を整備及び運用することが含まれる。 連結財務諸表を作成するに当たり、経営者は、継続企業の前提に基づき連結財務諸表を作成することが適切であるかどうかを評価し、我が国において一般に公正妥当と認められる企業会計の基準に基づいて継続企業に関する事項を開示する必要がある場合には当該事項を開示する責任がある。 監査役及び監査役会の責任は、財務報告プロセスの整備及び運用における取締役の職務の執行を監視することにある。 連結財務諸表監査における監査人の責任監査人の責任は、監査人が実施した監査に基づいて、全体としての連結財務諸表に不正又は誤謬による重要な虚偽表示がないかどうかについて合理的な保証を得て、監査報告書において独立の立場から連結財務諸表に対する意見を表明することにある。虚偽表示は、不正又は誤謬により発生する可能性があり、個別に又は集計すると、連結財務諸表の利用者の意思決定に影響を与えると合理的に見込まれる場合に、重要性があると判断される。 監査人は、我が国において一般に公正妥当と認められる監査の基準に従って、監査の過程を通じて、職業的専門家としての判断を行い、職業的懐疑心を保持して以下を実施する。 ・不正又は誤謬による重要な虚偽表示リスクを識別し、評価する。また、重要な虚偽表示リスクに対応した監査手続を立案し、実施する。監査手続の選択及び適用は監査人の判断による。さらに、意見表明の基礎となる十分かつ適切な監査証拠を入手する。 ・連結財務諸表監査の目的は、内部統制の有効性について意見表明するためのものではないが、監査人は、リスク評価の実施に際して、状況に応じた適切な監査手続を立案するために、監査に関連する内部統制を検討する。・経営者が採用した会計方針及びその適用方法の適切性、並びに経営者によって行われた会計上の見積りの合理性及び関連する注記事項の妥当性を評価する。・経営者が継続企業を前提として連結財務諸表を作成することが適切であるかどうか、また、入手した監査証拠に基づき、継続企業の前提に重要な疑義を生じさせるような事象又は状況に関して重要な不確実性が認められるかどうか結論付ける。継続企業の前提に関する重要な不確実性が認められる場合は、監査報告書において連結財務諸表の注記事項に注意を喚起すること、又は重要な不確実性に関する連結財務諸表の注記事項が適切でない場合は、連結財務諸表に対して除外事項付意見を表明することが求められている。監査人の結論は、監査報告書日までに入手した監査証拠に基づいているが、将来の事象や状況により、企業は継続企業として存続できなくなる可能性がある。 ・連結財務諸表の表示及び注記事項が、我が国において一般に公正妥当と認められる企業会計の基準に準拠しているかどうかとともに、関連する注記事項を含めた連結財務諸表の表示、構成及び内容、並びに連結財務諸表が基礎となる取引や会計事象を適正に表示しているかどうかを評価する。 ・連結財務諸表に対する意見表明の基礎となる、会社及び連結子会社の財務情報に関する十分かつ適切な監査証拠を入手するために、連結財務諸表の監査を計画し実施する。監査人は、連結財務諸表の監査に関する指揮、監督及び査閲に関して責任がある。監査人は、単独で監査意見に対して責任を負う。 監査人は、監査役及び監査役会に対して、計画した監査の範囲とその実施時期、監査の実施過程で識別した内部統制の重要な不備を含む監査上の重要な発見事項、及び監査の基準で求められているその他の事項について報告を行う。監査人は、監査役及び監査役会に対して、独立性についての我が国における職業倫理に関する規定を遵守したこと、並びに監査人の独立性に影響を与えると合理的に考えられる事項、及び阻害要因を除去するための対応策を講じている場合又は阻害要因を許容可能な水準にまで軽減するためのセーフガードを適用している場合はその内容について報告を行う。 監査人は、監査役及び監査役会と協議した事項のうち、当連結会計年度の連結財務諸表の監査で特に重要であると判断した事項を監査上の主要な検討事項と決定し、監査報告書において記載する。ただし、法令等により当該事項の公表が禁止されている場合や、極めて限定的ではあるが、監査報告書において報告することにより生じる不利益が公共の利益を上回ると合理的に見込まれるため、監査人が報告すべきでないと判断した場合は、当該事項を記載しない。 ＜報酬関連情報＞当監査法人及び当監査法人と同一のネットワークに属する者に対する、会社及び子会社の監査証明業務に基づく報酬及び非監査業務に基づく報酬の額は、「提出会社の状況」に含まれるコーポレート・ガバナンスの状況等（３）【監査の状況】に記載されている。 利害関係会社及び連結子会社と当監査法人又は業務執行社員との間には、公認会計士法の規定により記載すべき利害関係はない。以 上 （注） １．上記の監査報告書の原本は当社（有価証券報告書提出会社）が別途保管しております。２．XBRLデータは監査の対象には含まれていません。",
2026-07-24T21:02:01+00:00,2026-07-23,2026-07-23 16:31,グリーンモンスター株式会社,E39408,157A0,訂正有価証券届出書（組込方式）,040,022001,S100YS32,臨時報告書：提出事由・発生事実,決定,XBRL_TO_CSV/jpaud-aar-cc-001_E39408-000_2025-06-30_02_2026-07-23.csv,0,"要素ID,項目名,コンテキストID,相対年度,連結・個別,期間・時点,ユニットID,単位,値",edinet_csv_zip,5085,"要素ID: jpcrp_cor:IndependentAuditorsReportConsolidatedTextBlock | 項目名: 独立監査人の報告書、連結 [テキストブロック] | コンテキストID: FilingDateInstant | 相対年度: 提出日時点 | 連結・個別: その他 | 期間・時点: 時点 | ユニットID: － | 単位: － | 値: 独立監査人の監査報告書 2025年９月24日グリーンモンスター株式会社取締役会 御中 太陽有限責任監査法人 東京事務所 指定有限責任社員業務執行社員 公認会計士鶴 見 寛 指定有限責任社員業務執行社員 公認会計士下 川 高 史 ＜連結財務諸表監査＞監査意見当監査法人は、金融商品取引法第 193 条の２第１項の規定に基づく監査証明を行うため、「経理の状況」に掲げられているグリーンモンスター株式会社の2024年７月１日から2025年６月30日までの連結会計年度の連結財務諸表、すなわち、連結貸借対照表、連結損益計算書、連結包括利益計算書、連結株主資本等変動計算書、連結キャッシュ・フロー計算書、連結財務諸表作成のための基本となる重要な事項、その他の注記及び連結附属明細表について監査を行った。 当監査法人は、上記の連結財務諸表が、我が国において一般に公正妥当と認められる企業会計の基準に準拠して、グリーンモンスター株式会社及び連結子会社の2025年６月30日現在の財政状態並びに同日をもって終了する連結会計年度の経営成績及びキャッシュ・フローの状況を、全ての重要な点において適正に表示しているものと認める。 監査意見の根拠当監査法人は、我が国において一般に公正妥当と認められる監査の基準に準拠して監査を行った。監査の基準における当監査法人の責任は、「連結財務諸表監査における監査人の責任」に記載されている。当監査法人は、我が国における職業倫理に関する規定に従って、会社及び連結子会社から独立しており、また、監査人としてのその他の倫理上の責任を果たしている。当監査法人は、意見表明の基礎となる十分かつ適切な監査証拠を入手したと判断している。 監査上の主要な検討事項監査上の主要な検討事項とは、当連結会計年度の連結財務諸表の監査において、監査人が職業的専門家として特に重要であると判断した事項である。監査上の主要な検討事項は、連結財務諸表全体に対する監査の実施過程及び監査意見の形成において対応した事項であり、当監査法人は、当該事項に対して個別に意見を表明するものではない。 株式会社ファイナンシャルインテリジェンスの株式取得における企業結合に係る会計処理及びのれんの減損の兆候の判定監査上の主要な検討事項の内容及び決定理由監査上の対応当連結会計年度の連結貸借対照表に計上されている「のれん」には連結財務諸表注記（重要な会計上の見積り）及び（企業結合等関係）に記載のとおり、株式会社ファイナンシャルインテリジェンスの全株式を取得したことにより生じたのれん184,548千円が含まれている。 会社は、外部の専門家を利用し、株式会社ファイナンシャルインテリジェンスの事業計画に基づき、識別可能な資産及び負債の企業結合日時点の時価を基礎として、取得原価の配分を行い、取得原価と識別可能な資産及び負債に配分された純額との差額をのれんとして会計処理している。 会社は、のれんについて、事業計画の達成状況をモニタリングすることによって、減損の兆候の有無の判定を行っており、当連結会計年度においては、取得時に作成された事業計画と当連結会計年度の実績との間に著しい乖離がなく、また、翌連結会計年度以降の将来予測の達成可能性を評価した結果、減損の兆候はないものとしている。 株式会社ファイナンシャルインテリジェンスの株式取得に係る取得原価の配分には、高度な専門知識が必要となる。また、将来の事業計画には、主要な仮定である売上高の成長率が含まれる。当該仮定は経営者による判断を要するものであり、不確実性が高い。さらに、計上されるのれんについて金額的な重要性が高い。 以上より、当監査法人は、株式会社ファイナンシャルインテリジェンスの株式取得における企業結合に係る会計処理及びのれんの減損の兆候に関する判定について、監査上の主要な検討事項とした。当監査法人は、株式会社ファイナンシャルインテリジェンスの株式取得における企業結合に係る会計処理及びのれんの減損の兆候に関する判定を検討するに当たり、主として以下の監査手続を実施した。 （１） 内部統制の評価 ・株式取得に係る取得原価の配分及びのれんの減損損失の認識判定に係る内部統制について、質問及び文書の閲覧等により整備及び運用状況の有効性を評価した。 （２） 取得原価の配分及びのれんの識別に係る手続 ・取得原価の配分に関して、経営者が利用する専門家の適性、能力及び客観性を評価した。 ・当監査法人のネットワーク・ファームの専門家を関与させ、当該取得原価の配分に用いられた算出手法及び前提条件を検討した。 （３） のれんの評価に係る手続 ・経営者の見積りプロセスの有効性を評価するため、株式取得時の事業計画とその後の実績について比較分析を行い、乖離がある場合には乖離要因の分析を実施した。 ・経営環境の著しい悪化を示唆する状況がないかを検討するために取締役会議事録の閲覧及び経営者への質問を実施し、直近の事業環境を理解した。 ・事業計画の見積りに含まれる主要な仮定である売上高成長率については、利用可能な市場環境に関する外部情報との整合性を検討した。 その他の記載内容その他の記載内容は、有価証券報告書に含まれる情報のうち、連結財務諸表及び財務諸表並びにこれらの監査報告書以外の情報である。経営者の責任は、その他の記載内容を作成し開示することにある。また、監査役及び監査役会の責任は、その他の記載内容の報告プロセスの整備及び運用における取締役の職務の執行を監視することにある。 当監査法人の連結財務諸表に対する監査意見の対象にはその他の記載内容は含まれておらず、当監査法人はその他の記載内容に対して意見を表明するものではない。 連結財務諸表監査における当監査法人の責任は、その他の記載内容を通読し、通読の過程において、その他の記載内容と連結財務諸表又は当監査法人が監査の過程で得た知識との間に重要な相違があるかどうか検討すること、また、そのような重要な相違以外にその他の記載内容に重要な誤りの兆候があるかどうか注意を払うことにある。 当監査法人は、実施した作業に基づき、その他の記載内容に重要な誤りがあると判断した場合には、その事実を報告することが求められている。 その他の記載内容に関して、当監査法人が報告すべき事項はない。 連結財務諸表に対する経営者並びに監査役及び監査役会の責任経営者の責任は、我が国において一般に公正妥当と認められる企業会計の基準に準拠して連結財務諸表を作成し適正に表示することにある。これには、不正又は誤謬による重要な虚偽表示のない連結財務諸表を作成し適正に表示するために経営者が必要と判断した内部統制を整備及び運用することが含まれる。 連結財務諸表を作成するに当たり、経営者は、継続企業の前提に基づき連結財務諸表を作成することが適切であるかどうかを評価し、我が国において一般に公正妥当と認められる企業会計の基準に基づいて継続企業に関する事項を開示する必要がある場合には当該事項を開示する責任がある。 監査役及び監査役会の責任は、財務報告プロセスの整備及び運用における取締役の職務の執行を監視することにある。 連結財務諸表監査における監査人の責任監査人の責任は、監査人が実施した監査に基づいて、全体としての連結財務諸表に不正又は誤謬による重要な虚偽表示がないかどうかについて合理的な保証を得て、監査報告書において独立の立場から連結財務諸表に対する意見を表明することにある。虚偽表示は、不正又は誤謬により発生する可能性があり、個別に又は集計すると、連結財務諸表の利用者の意思決定に影響を与えると合理的に見込まれる場合に、重要性があると判断される。 監査人は、我が国において一般に公正妥当と認められる監査の基準に従って、監査の過程を通じて、職業的専門家としての判断を行い、職業的懐疑心を保持して以下を実施する。 ・不正又は誤謬による重要な虚偽表示リスクを識別し、評価する。また、重要な虚偽表示リスクに対応した監査手続を立案し、実施する。監査手続の選択及び適用は監査人の判断による。さらに、意見表明の基礎となる十分かつ適切な監査証拠を入手する。 ・連結財務諸表監査の目的は、内部統制の有効性について意見表明するためのものではないが、監査人は、リスク評価の実施に際して、状況に応じた適切な監査手続を立案するために、監査に関連する内部統制を検討する。・経営者が採用した会計方針及びその適用方法の適切性、並びに経営者によって行われた会計上の見積りの合理性及び関連する注記事項の妥当性を評価する。・経営者が継続企業を前提として連結財務諸表を作成することが適切であるかどうか、また、入手した監査証拠に基づき、継続企業の前提に重要な疑義を生じさせるような事象又は状況に関して重要な不確実性が認められるかどうか結論付ける。継続企業の前提に関する重要な不確実性が認められる場合は、監査報告書において連結財務諸表の注記事項に注意を喚起すること、又は重要な不確実性に関する連結財務諸表の注記事項が適切でない場合は、連結財務諸表に対して除外事項付意見を表明することが求められている。監査人の結論は、監査報告書日までに入手した監査証拠に基づいているが、将来の事象や状況により、企業は継続企業として存続できなくなる可能性がある。 ・連結財務諸表の表示及び注記事項が、我が国において一般に公正妥当と認められる企業会計の基準に準拠しているかどうかとともに、関連する注記事項を含めた連結財務諸表の表示、構成及び内容、並びに連結財務諸表が基礎となる取引や会計事象を適正に表示しているかどうかを評価する。 ・連結財務諸表に対する意見表明の基礎となる、会社及び連結子会社の財務情報に関する十分かつ適切な監査証拠を入手するために、連結財務諸表の監査を計画し実施する。監査人は、連結財務諸表の監査に関する指揮、監督及び査閲に関して責任がある。監査人は、単独で監査意見に対して責任を負う。 監査人は、監査役及び監査役会に対して、計画した監査の範囲とその実施時期、監査の実施過程で識別した内部統制の重要な不備を含む監査上の重要な発見事項、及び監査の基準で求められているその他の事項について報告を行う。監査人は、監査役及び監査役会に対して、独立性についての我が国における職業倫理に関する規定を遵守したこと、並びに監査人の独立性に影響を与えると合理的に考えられる事項、及び阻害要因を除去するための対応策を講じている場合又は阻害要因を許容可能な水準にまで軽減するためのセーフガードを適用している場合はその内容について報告を行う。 監査人は、監査役及び監査役会と協議した事項のうち、当連結会計年度の連結財務諸表の監査で特に重要であると判断した事項を監査上の主要な検討事項と決定し、監査報告書において記載する。ただし、法令等により当該事項の公表が禁止されている場合や、極めて限定的ではあるが、監査報告書において報告することにより生じる不利益が公共の利益を上回ると合理的に見込まれるため、監査人が報告すべきでないと判断した場合は、当該事項を記載しない。 ＜報酬関連情報＞当監査法人及び当監査法人と同一のネットワークに属する者に対する、会社及び子会社の監査証明業務に基づく報酬及び非監査業務に基づく報酬の額は、「提出会社の状況」に含まれるコーポレート・ガバナンスの状況等（３）【監査の状況】に記載されている。 利害関係会社及び連結子会社と当監査法人又は業務執行社員との間には、公認会計士法の規定により記載すべき利害関係はない。以 上 （注） １．上記の監査報告書の原本は当社（有価証券報告書提出会社）が別途保管しております。２．XBRLデータは監査の対象には含まれていません。",
2026-07-24T21:02:01+00:00,2026-07-23,2026-07-23 16:31,グリーンモンスター株式会社,E39408,157A0,訂正有価証券届出書（組込方式）,040,022001,S100YS32,経営成績等の状況・MD&A,財政状態,XBRL_TO_CSV/jpaud-aar-cn-001_E39408-000_2025-06-30_02_2026-07-23.csv,0,"要素ID,項目名,コンテキストID,相対年度,連結・個別,期間・時点,ユニットID,単位,値",edinet_csv_zip,4214,"要素ID: jpcrp_cor:IndependentAuditorsReportNonConsolidatedTextBlock | 項目名: 独立監査人の報告書、個別 [テキストブロック] | コンテキストID: FilingDateInstant | 相対年度: 提出日時点 | 連結・個別: その他 | 期間・時点: 時点 | ユニットID: － | 単位: － | 値: 独立監査人の監査報告書 2025年９月24日グリーンモンスター株式会社取締役会 御中 太陽有限責任監査法人 東京事務所 指定有限責任社員業務執行社員 公認会計士鶴 見 寛 指定有限責任社員業務執行社員 公認会計士下 川 高 史 ＜財務諸表監査＞監査意見当監査法人は、金融商品取引法第 193 条の２第１項の規定に基づく監査証明を行うため、「経理の状況」に掲げられているグリーンモンスター株式会社の2024 年７月１日から2025 年６月 30 日までの第 12 期事業年度の財務諸表、すなわち、貸借対照表、損益計算書、株主資本等変動計算書、重要な会計方針、その他の注記及び附属明細表について監査を行った。 当監査法人は、上記の財務諸表が、我が国において一般に公正妥当と認められる企業会計の基準に準拠して、グリーンモンスター株式会社の2025年６月30日現在の財政状態及び同日をもって終了する事業年度の経営成績を、全ての重要な点において適正に表示しているものと認める。 監査意見の根拠当監査法人は、我が国において一般に公正妥当と認められる監査の基準に準拠して監査を行った。監査の基準における当監査法人の責任は、「財務諸表監査における監査人の責任」に記載されている。当監査法人は、我が国における職業倫理に関する規定に従って、会社から独立しており、また、監査人としてのその他の倫理上の責任を果たしている。当監査法人は、意見表明の基礎となる十分かつ適切な監査証拠を入手したと判断している。 監査上の主要な検討事項監査上の主要な検討事項とは、当事業年度の財務諸表の監査において、監査人が職業的専門家として特に重要であると判断した事項である。監査上の主要な検討事項は、財務諸表全体に対する監査の実施過程及び監査意見の形成において対応した事項であり、当監査法人は、当該事項に対して個別に意見を表明するものではない。 関係会社株式（株式会社ファイナンシャルインテリジェンス）の評価監査上の主要な検討事項の内容及び決定理由監査上の対応当事業年度の貸借対照表に計上されている「関係会社株式」には、注記事項（重要な会計上の見積り）に記載のとおり、当事業年度に取得した株式会社ファイナンシャルインテリジェンスの関係会社株式297,350千円が含まれている。 会社は、市場価格のない関係会社株式については、取得原価をもって貸借対照表価額としているが、株式の発行会社の財政状態の悪化により実質価額が著しく低下した場合は、回復可能性が十分な証拠によって裏付けられる場合を除き、減損処理が必要となる。 超過収益力を含めた実質価額の見積りは事業計画を基礎として行われるが、将来の事業計画には、主要な仮定である売上高成長率が含まれる。当該仮定は経営者による判断を要するものであり不確実性が高い。さらに、計上される関係会社株式について金額的な重要性が高い。 以上より、当監査法人は、株式会社ファイナンシャルインテリジェンスに係る関係会社株式の評価の妥当性について、監査上の主要な検討事項とした。当監査法人は、株式会社ファイナンシャルインテリジェンスに係る関係会社株式の評価の妥当性を検証するため、主に以下の手続を実施した。 ・関係会社株式の評価に関連する内部統制の整備状況及び運用状況の有効性を評価した。 ・株式会社ファイナンシャルインテリジェンスの株式の帳簿残高と実質価額を比較し、実質価額の著しい下落の有無を確認した。 ・連結財務諸表の監査報告書に係る監査上の主要な検討事項「株式会社ファイナンシャルインテリジェンスの株式取得における企業結合に係る会計処理及びのれんの減損の兆候の判定」に記載の監査上の対応を実施した。 その他の記載内容その他の記載内容は、有価証券報告書に含まれる情報のうち、連結財務諸表及び財務諸表並びにこれらの監査報告書以外の情報である。経営者の責任は、その他の記載内容を作成し開示することにある。また、監査役及び監査役会の責任は、その他の記載内容の報告プロセスの整備及び運用における取締役の職務の執行を監視することにある。 当監査法人の財務諸表に対する監査意見の対象にはその他の記載内容は含まれておらず、当監査法人はその他の記載内容に対して意見を表明するものではない。 財務諸表監査における当監査法人の責任は、その他の記載内容を通読し、通読の過程において、その他の記載内容と財務諸表又は当監査法人が監査の過程で得た知識との間に重要な相違があるかどうか検討すること、また、そのような重要な相違以外にその他の記載内容に重要な誤りの兆候があるかどうか注意を払うことにある。 当監査法人は、実施した作業に基づき、その他の記載内容に重要な誤りがあると判断した場合には、その事実を報告することが求められている。 その他の記載内容に関して、当監査法人が報告すべき事項はない。 財務諸表に対する経営者並びに監査役及び監査役会の責任経営者の責任は、我が国において一般に公正妥当と認められる企業会計の基準に準拠して財務諸表を作成し適正に表示することにある。これには、不正又は誤謬による重要な虚偽表示のない財務諸表を作成し適正に表示するために経営者が必要と判断した内部統制を整備及び運用することが含まれる。 財務諸表を作成するに当たり、経営者は、継続企業の前提に基づき財務諸表を作成することが適切であるかどうかを評価し、我が国において一般に公正妥当と認められる企業会計の基準に基づいて継続企業に関する事項を開示する必要がある場合には当該事項を開示する責任がある。 監査役及び監査役会の責任は、財務報告プロセスの整備及び運用における取締役の職務の執行を監視することにある。 財務諸表監査における監査人の責任監査人の責任は、監査人が実施した監査に基づいて、全体としての財務諸表に不正又は誤謬による重要な虚偽表示がないかどうかについて合理的な保証を得て、監査報告書において独立の立場から財務諸表に対する意見を表明することにある。虚偽表示は、不正又は誤謬により発生する可能性があり、個別に又は集計すると、財務諸表の利用者の意思決定に影響を与えると合理的に見込まれる場合に、重要性があると判断される。 監査人は、我が国において一般に公正妥当と認められる監査の基準に従って、監査の過程を通じて、職業的専門家としての判断を行い、職業的懐疑心を保持して以下を実施する。 ・不正又は誤謬による重要な虚偽表示リスクを識別し、評価する。また、重要な虚偽表示リスクに対応した監査手続を立案し、実施する。監査手続の選択及び適用は監査人の判断による。さらに、意見表明の基礎となる十分かつ適切な監査証拠を入手する。 ・財務諸表監査の目的は、内部統制の有効性について意見表明するためのものではないが、監査人は、リスク評価の実施に際して、状況に応じた適切な監査手続を立案するために、監査に関連する内部統制を検討する。 ・経営者が採用した会計方針及びその適用方法の適切性、並びに経営者によって行われた会計上の見積りの合理性及び関連する注記事項の妥当性を評価する。 ・経営者が継続企業を前提として財務諸表を作成することが適切であるかどうか、また、入手した監査証拠に基づき、継続企業の前提に重要な疑義を生じさせるような事象又は状況に関して重要な不確実性が認められるかどうか結論付ける。継続企業の前提に関する重要な不確実性が認められる場合は、監査報告書において財務諸表の注記事項に注意を喚起すること、又は重要な不確実性に関する財務諸表の注記事項が適切でない場合は、財務諸表に対して除外事項付意見を表明することが求められている。監査人の結論は、監査報告書日までに入手した監査証拠に基づいているが、将来の事象や状況により、企業は継続企業として存続できなくなる可能性がある。 ・財務諸表の表示及び注記事項が、我が国において一般に公正妥当と認められる企業会計の基準に準拠しているかどうかとともに、関連する注記事項を含めた財務諸表の表示、構成及び内容、並びに財務諸表が基礎となる取引や会計事象を適正に表示しているかどうかを評価する。 監査人は、監査役及び監査役会に対して、計画した監査の範囲とその実施時期、監査の実施過程で識別した内部統制の重要な不備を含む監査上の重要な発見事項、及び監査の基準で求められているその他の事項について報告を行う。 監査人は、監査役及び監査役会に対して、独立性についての我が国における職業倫理に関する規定を遵守したこと、並びに監査人の独立性に影響を与えると合理的に考えられる事項、及び阻害要因を除去するための対応策を講じている場合又は阻害要因を許容可能な水準にまで軽減するためのセーフガードを適用している場合はその内容について報告を行う。 監査人は、監査役及び監査役会と協議した事項のうち、当事業年度の財務諸表の監査で特に重要であると判断した事項を監査上の主要な検討事項と決定し、監査報告書において記載する。ただし、法令等により当該事項の公表が禁止されている場合や、極めて限定的ではあるが、監査報告書において報告することにより生じる不利益が公共の利益を上回ると合理的に見込まれるため、監査人が報告すべきでないと判断した場合は、当該事項を記載しない。 ＜報酬関連情報＞報酬関連情報は、連結財務諸表の監査報告書に記載されている。 利害関係会社と当監査法人又は業務執行社員との間には、公認会計士法の規定により記載すべき利害関係はない。以 上 （注） １．上記の監査報告書の原本は当社（有価証券報告書提出会社）が別途保管しております。２．XBRLデータは監査の対象には含まれていません。",
2026-07-24T21:02:01+00:00,2026-07-23,2026-07-23 16:31,グリーンモンスター株式会社,E39408,157A0,訂正有価証券届出書（組込方式）,040,022001,S100YS32,継続企業の前提,継続企業,XBRL_TO_CSV/jpaud-aar-cn-001_E39408-000_2025-06-30_02_2026-07-23.csv,0,"要素ID,項目名,コンテキストID,相対年度,連結・個別,期間・時点,ユニットID,単位,値",edinet_csv_zip,4214,"要素ID: jpcrp_cor:IndependentAuditorsReportNonConsolidatedTextBlock | 項目名: 独立監査人の報告書、個別 [テキストブロック] | コンテキストID: FilingDateInstant | 相対年度: 提出日時点 | 連結・個別: その他 | 期間・時点: 時点 | ユニットID: － | 単位: － | 値: 独立監査人の監査報告書 2025年９月24日グリーンモンスター株式会社取締役会 御中 太陽有限責任監査法人 東京事務所 指定有限責任社員業務執行社員 公認会計士鶴 見 寛 指定有限責任社員業務執行社員 公認会計士下 川 高 史 ＜財務諸表監査＞監査意見当監査法人は、金融商品取引法第 193 条の２第１項の規定に基づく監査証明を行うため、「経理の状況」に掲げられているグリーンモンスター株式会社の2024 年７月１日から2025 年６月 30 日までの第 12 期事業年度の財務諸表、すなわち、貸借対照表、損益計算書、株主資本等変動計算書、重要な会計方針、その他の注記及び附属明細表について監査を行った。 当監査法人は、上記の財務諸表が、我が国において一般に公正妥当と認められる企業会計の基準に準拠して、グリーンモンスター株式会社の2025年６月30日現在の財政状態及び同日をもって終了する事業年度の経営成績を、全ての重要な点において適正に表示しているものと認める。 監査意見の根拠当監査法人は、我が国において一般に公正妥当と認められる監査の基準に準拠して監査を行った。監査の基準における当監査法人の責任は、「財務諸表監査における監査人の責任」に記載されている。当監査法人は、我が国における職業倫理に関する規定に従って、会社から独立しており、また、監査人としてのその他の倫理上の責任を果たしている。当監査法人は、意見表明の基礎となる十分かつ適切な監査証拠を入手したと判断している。 監査上の主要な検討事項監査上の主要な検討事項とは、当事業年度の財務諸表の監査において、監査人が職業的専門家として特に重要であると判断した事項である。監査上の主要な検討事項は、財務諸表全体に対する監査の実施過程及び監査意見の形成において対応した事項であり、当監査法人は、当該事項に対して個別に意見を表明するものではない。 関係会社株式（株式会社ファイナンシャルインテリジェンス）の評価監査上の主要な検討事項の内容及び決定理由監査上の対応当事業年度の貸借対照表に計上されている「関係会社株式」には、注記事項（重要な会計上の見積り）に記載のとおり、当事業年度に取得した株式会社ファイナンシャルインテリジェンスの関係会社株式297,350千円が含まれている。 会社は、市場価格のない関係会社株式については、取得原価をもって貸借対照表価額としているが、株式の発行会社の財政状態の悪化により実質価額が著しく低下した場合は、回復可能性が十分な証拠によって裏付けられる場合を除き、減損処理が必要となる。 超過収益力を含めた実質価額の見積りは事業計画を基礎として行われるが、将来の事業計画には、主要な仮定である売上高成長率が含まれる。当該仮定は経営者による判断を要するものであり不確実性が高い。さらに、計上される関係会社株式について金額的な重要性が高い。 以上より、当監査法人は、株式会社ファイナンシャルインテリジェンスに係る関係会社株式の評価の妥当性について、監査上の主要な検討事項とした。当監査法人は、株式会社ファイナンシャルインテリジェンスに係る関係会社株式の評価の妥当性を検証するため、主に以下の手続を実施した。 ・関係会社株式の評価に関連する内部統制の整備状況及び運用状況の有効性を評価した。 ・株式会社ファイナンシャルインテリジェンスの株式の帳簿残高と実質価額を比較し、実質価額の著しい下落の有無を確認した。 ・連結財務諸表の監査報告書に係る監査上の主要な検討事項「株式会社ファイナンシャルインテリジェンスの株式取得における企業結合に係る会計処理及びのれんの減損の兆候の判定」に記載の監査上の対応を実施した。 その他の記載内容その他の記載内容は、有価証券報告書に含まれる情報のうち、連結財務諸表及び財務諸表並びにこれらの監査報告書以外の情報である。経営者の責任は、その他の記載内容を作成し開示することにある。また、監査役及び監査役会の責任は、その他の記載内容の報告プロセスの整備及び運用における取締役の職務の執行を監視することにある。 当監査法人の財務諸表に対する監査意見の対象にはその他の記載内容は含まれておらず、当監査法人はその他の記載内容に対して意見を表明するものではない。 財務諸表監査における当監査法人の責任は、その他の記載内容を通読し、通読の過程において、その他の記載内容と財務諸表又は当監査法人が監査の過程で得た知識との間に重要な相違があるかどうか検討すること、また、そのような重要な相違以外にその他の記載内容に重要な誤りの兆候があるかどうか注意を払うことにある。 当監査法人は、実施した作業に基づき、その他の記載内容に重要な誤りがあると判断した場合には、その事実を報告することが求められている。 その他の記載内容に関して、当監査法人が報告すべき事項はない。 財務諸表に対する経営者並びに監査役及び監査役会の責任経営者の責任は、我が国において一般に公正妥当と認められる企業会計の基準に準拠して財務諸表を作成し適正に表示することにある。これには、不正又は誤謬による重要な虚偽表示のない財務諸表を作成し適正に表示するために経営者が必要と判断した内部統制を整備及び運用することが含まれる。 財務諸表を作成するに当たり、経営者は、継続企業の前提に基づき財務諸表を作成することが適切であるかどうかを評価し、我が国において一般に公正妥当と認められる企業会計の基準に基づいて継続企業に関する事項を開示する必要がある場合には当該事項を開示する責任がある。 監査役及び監査役会の責任は、財務報告プロセスの整備及び運用における取締役の職務の執行を監視することにある。 財務諸表監査における監査人の責任監査人の責任は、監査人が実施した監査に基づいて、全体としての財務諸表に不正又は誤謬による重要な虚偽表示がないかどうかについて合理的な保証を得て、監査報告書において独立の立場から財務諸表に対する意見を表明することにある。虚偽表示は、不正又は誤謬により発生する可能性があり、個別に又は集計すると、財務諸表の利用者の意思決定に影響を与えると合理的に見込まれる場合に、重要性があると判断される。 監査人は、我が国において一般に公正妥当と認められる監査の基準に従って、監査の過程を通じて、職業的専門家としての判断を行い、職業的懐疑心を保持して以下を実施する。 ・不正又は誤謬による重要な虚偽表示リスクを識別し、評価する。また、重要な虚偽表示リスクに対応した監査手続を立案し、実施する。監査手続の選択及び適用は監査人の判断による。さらに、意見表明の基礎となる十分かつ適切な監査証拠を入手する。 ・財務諸表監査の目的は、内部統制の有効性について意見表明するためのものではないが、監査人は、リスク評価の実施に際して、状況に応じた適切な監査手続を立案するために、監査に関連する内部統制を検討する。 ・経営者が採用した会計方針及びその適用方法の適切性、並びに経営者によって行われた会計上の見積りの合理性及び関連する注記事項の妥当性を評価する。 ・経営者が継続企業を前提として財務諸表を作成することが適切であるかどうか、また、入手した監査証拠に基づき、継続企業の前提に重要な疑義を生じさせるような事象又は状況に関して重要な不確実性が認められるかどうか結論付ける。継続企業の前提に関する重要な不確実性が認められる場合は、監査報告書において財務諸表の注記事項に注意を喚起すること、又は重要な不確実性に関する財務諸表の注記事項が適切でない場合は、財務諸表に対して除外事項付意見を表明することが求められている。監査人の結論は、監査報告書日までに入手した監査証拠に基づいているが、将来の事象や状況により、企業は継続企業として存続できなくなる可能性がある。 ・財務諸表の表示及び注記事項が、我が国において一般に公正妥当と認められる企業会計の基準に準拠しているかどうかとともに、関連する注記事項を含めた財務諸表の表示、構成及び内容、並びに財務諸表が基礎となる取引や会計事象を適正に表示しているかどうかを評価する。 監査人は、監査役及び監査役会に対して、計画した監査の範囲とその実施時期、監査の実施過程で識別した内部統制の重要な不備を含む監査上の重要な発見事項、及び監査の基準で求められているその他の事項について報告を行う。 監査人は、監査役及び監査役会に対して、独立性についての我が国における職業倫理に関する規定を遵守したこと、並びに監査人の独立性に影響を与えると合理的に考えられる事項、及び阻害要因を除去するための対応策を講じている場合又は阻害要因を許容可能な水準にまで軽減するためのセーフガードを適用している場合はその内容について報告を行う。 監査人は、監査役及び監査役会と協議した事項のうち、当事業年度の財務諸表の監査で特に重要であると判断した事項を監査上の主要な検討事項と決定し、監査報告書において記載する。ただし、法令等により当該事項の公表が禁止されている場合や、極めて限定的ではあるが、監査報告書において報告することにより生じる不利益が公共の利益を上回ると合理的に見込まれるため、監査人が報告すべきでないと判断した場合は、当該事項を記載しない。 ＜報酬関連情報＞報酬関連情報は、連結財務諸表の監査報告書に記載されている。 利害関係会社と当監査法人又は業務執行社員との間には、公認会計士法の規定により記載すべき利害関係はない。以 上 （注） １．上記の監査報告書の原本は当社（有価証券報告書提出会社）が別途保管しております。２．XBRLデータは監査の対象には含まれていません。",
2026-07-24T21:02:01+00:00,2026-07-23,2026-07-23 16:31,グリーンモンスター株式会社,E39408,157A0,訂正有価証券届出書（組込方式）,040,022001,S100YS32,臨時報告書：提出事由・発生事実,決定,XBRL_TO_CSV/jpaud-aar-cn-001_E39408-000_2025-06-30_02_2026-07-23.csv,0,"要素ID,項目名,コンテキストID,相対年度,連結・個別,期間・時点,ユニットID,単位,値",edinet_csv_zip,4214,"要素ID: jpcrp_cor:IndependentAuditorsReportNonConsolidatedTextBlock | 項目名: 独立監査人の報告書、個別 [テキストブロック] | コンテキストID: FilingDateInstant | 相対年度: 提出日時点 | 連結・個別: その他 | 期間・時点: 時点 | ユニットID: － | 単位: － | 値: 独立監査人の監査報告書 2025年９月24日グリーンモンスター株式会社取締役会 御中 太陽有限責任監査法人 東京事務所 指定有限責任社員業務執行社員 公認会計士鶴 見 寛 指定有限責任社員業務執行社員 公認会計士下 川 高 史 ＜財務諸表監査＞監査意見当監査法人は、金融商品取引法第 193 条の２第１項の規定に基づく監査証明を行うため、「経理の状況」に掲げられているグリーンモンスター株式会社の2024 年７月１日から2025 年６月 30 日までの第 12 期事業年度の財務諸表、すなわち、貸借対照表、損益計算書、株主資本等変動計算書、重要な会計方針、その他の注記及び附属明細表について監査を行った。 当監査法人は、上記の財務諸表が、我が国において一般に公正妥当と認められる企業会計の基準に準拠して、グリーンモンスター株式会社の2025年６月30日現在の財政状態及び同日をもって終了する事業年度の経営成績を、全ての重要な点において適正に表示しているものと認める。 監査意見の根拠当監査法人は、我が国において一般に公正妥当と認められる監査の基準に準拠して監査を行った。監査の基準における当監査法人の責任は、「財務諸表監査における監査人の責任」に記載されている。当監査法人は、我が国における職業倫理に関する規定に従って、会社から独立しており、また、監査人としてのその他の倫理上の責任を果たしている。当監査法人は、意見表明の基礎となる十分かつ適切な監査証拠を入手したと判断している。 監査上の主要な検討事項監査上の主要な検討事項とは、当事業年度の財務諸表の監査において、監査人が職業的専門家として特に重要であると判断した事項である。監査上の主要な検討事項は、財務諸表全体に対する監査の実施過程及び監査意見の形成において対応した事項であり、当監査法人は、当該事項に対して個別に意見を表明するものではない。 関係会社株式（株式会社ファイナンシャルインテリジェンス）の評価監査上の主要な検討事項の内容及び決定理由監査上の対応当事業年度の貸借対照表に計上されている「関係会社株式」には、注記事項（重要な会計上の見積り）に記載のとおり、当事業年度に取得した株式会社ファイナンシャルインテリジェンスの関係会社株式297,350千円が含まれている。 会社は、市場価格のない関係会社株式については、取得原価をもって貸借対照表価額としているが、株式の発行会社の財政状態の悪化により実質価額が著しく低下した場合は、回復可能性が十分な証拠によって裏付けられる場合を除き、減損処理が必要となる。 超過収益力を含めた実質価額の見積りは事業計画を基礎として行われるが、将来の事業計画には、主要な仮定である売上高成長率が含まれる。当該仮定は経営者による判断を要するものであり不確実性が高い。さらに、計上される関係会社株式について金額的な重要性が高い。 以上より、当監査法人は、株式会社ファイナンシャルインテリジェンスに係る関係会社株式の評価の妥当性について、監査上の主要な検討事項とした。当監査法人は、株式会社ファイナンシャルインテリジェンスに係る関係会社株式の評価の妥当性を検証するため、主に以下の手続を実施した。 ・関係会社株式の評価に関連する内部統制の整備状況及び運用状況の有効性を評価した。 ・株式会社ファイナンシャルインテリジェンスの株式の帳簿残高と実質価額を比較し、実質価額の著しい下落の有無を確認した。 ・連結財務諸表の監査報告書に係る監査上の主要な検討事項「株式会社ファイナンシャルインテリジェンスの株式取得における企業結合に係る会計処理及びのれんの減損の兆候の判定」に記載の監査上の対応を実施した。 その他の記載内容その他の記載内容は、有価証券報告書に含まれる情報のうち、連結財務諸表及び財務諸表並びにこれらの監査報告書以外の情報である。経営者の責任は、その他の記載内容を作成し開示することにある。また、監査役及び監査役会の責任は、その他の記載内容の報告プロセスの整備及び運用における取締役の職務の執行を監視することにある。 当監査法人の財務諸表に対する監査意見の対象にはその他の記載内容は含まれておらず、当監査法人はその他の記載内容に対して意見を表明するものではない。 財務諸表監査における当監査法人の責任は、その他の記載内容を通読し、通読の過程において、その他の記載内容と財務諸表又は当監査法人が監査の過程で得た知識との間に重要な相違があるかどうか検討すること、また、そのような重要な相違以外にその他の記載内容に重要な誤りの兆候があるかどうか注意を払うことにある。 当監査法人は、実施した作業に基づき、その他の記載内容に重要な誤りがあると判断した場合には、その事実を報告することが求められている。 その他の記載内容に関して、当監査法人が報告すべき事項はない。 財務諸表に対する経営者並びに監査役及び監査役会の責任経営者の責任は、我が国において一般に公正妥当と認められる企業会計の基準に準拠して財務諸表を作成し適正に表示することにある。これには、不正又は誤謬による重要な虚偽表示のない財務諸表を作成し適正に表示するために経営者が必要と判断した内部統制を整備及び運用することが含まれる。 財務諸表を作成するに当たり、経営者は、継続企業の前提に基づき財務諸表を作成することが適切であるかどうかを評価し、我が国において一般に公正妥当と認められる企業会計の基準に基づいて継続企業に関する事項を開示する必要がある場合には当該事項を開示する責任がある。 監査役及び監査役会の責任は、財務報告プロセスの整備及び運用における取締役の職務の執行を監視することにある。 財務諸表監査における監査人の責任監査人の責任は、監査人が実施した監査に基づいて、全体としての財務諸表に不正又は誤謬による重要な虚偽表示がないかどうかについて合理的な保証を得て、監査報告書において独立の立場から財務諸表に対する意見を表明することにある。虚偽表示は、不正又は誤謬により発生する可能性があり、個別に又は集計すると、財務諸表の利用者の意思決定に影響を与えると合理的に見込まれる場合に、重要性があると判断される。 監査人は、我が国において一般に公正妥当と認められる監査の基準に従って、監査の過程を通じて、職業的専門家としての判断を行い、職業的懐疑心を保持して以下を実施する。 ・不正又は誤謬による重要な虚偽表示リスクを識別し、評価する。また、重要な虚偽表示リスクに対応した監査手続を立案し、実施する。監査手続の選択及び適用は監査人の判断による。さらに、意見表明の基礎となる十分かつ適切な監査証拠を入手する。 ・財務諸表監査の目的は、内部統制の有効性について意見表明するためのものではないが、監査人は、リスク評価の実施に際して、状況に応じた適切な監査手続を立案するために、監査に関連する内部統制を検討する。 ・経営者が採用した会計方針及びその適用方法の適切性、並びに経営者によって行われた会計上の見積りの合理性及び関連する注記事項の妥当性を評価する。 ・経営者が継続企業を前提として財務諸表を作成することが適切であるかどうか、また、入手した監査証拠に基づき、継続企業の前提に重要な疑義を生じさせるような事象又は状況に関して重要な不確実性が認められるかどうか結論付ける。継続企業の前提に関する重要な不確実性が認められる場合は、監査報告書において財務諸表の注記事項に注意を喚起すること、又は重要な不確実性に関する財務諸表の注記事項が適切でない場合は、財務諸表に対して除外事項付意見を表明することが求められている。監査人の結論は、監査報告書日までに入手した監査証拠に基づいているが、将来の事象や状況により、企業は継続企業として存続できなくなる可能性がある。 ・財務諸表の表示及び注記事項が、我が国において一般に公正妥当と認められる企業会計の基準に準拠しているかどうかとともに、関連する注記事項を含めた財務諸表の表示、構成及び内容、並びに財務諸表が基礎となる取引や会計事象を適正に表示しているかどうかを評価する。 監査人は、監査役及び監査役会に対して、計画した監査の範囲とその実施時期、監査の実施過程で識別した内部統制の重要な不備を含む監査上の重要な発見事項、及び監査の基準で求められているその他の事項について報告を行う。 監査人は、監査役及び監査役会に対して、独立性についての我が国における職業倫理に関する規定を遵守したこと、並びに監査人の独立性に影響を与えると合理的に考えられる事項、及び阻害要因を除去するための対応策を講じている場合又は阻害要因を許容可能な水準にまで軽減するためのセーフガードを適用している場合はその内容について報告を行う。 監査人は、監査役及び監査役会と協議した事項のうち、当事業年度の財務諸表の監査で特に重要であると判断した事項を監査上の主要な検討事項と決定し、監査報告書において記載する。ただし、法令等により当該事項の公表が禁止されている場合や、極めて限定的ではあるが、監査報告書において報告することにより生じる不利益が公共の利益を上回ると合理的に見込まれるため、監査人が報告すべきでないと判断した場合は、当該事項を記載しない。 ＜報酬関連情報＞報酬関連情報は、連結財務諸表の監査報告書に記載されている。 利害関係会社と当監査法人又は業務執行社員との間には、公認会計士法の規定により記載すべき利害関係はない。以 上 （注） １．上記の監査報告書の原本は当社（有価証券報告書提出会社）が別途保管しております。２．XBRLデータは監査の対象には含まれていません。",
2026-07-24T21:02:01+00:00,2026-07-23,2026-07-23 16:31,グリーンモンスター株式会社,E39408,157A0,訂正有価証券届出書（組込方式）,040,022001,S100YS32,経営成績等の状況・MD&A,財政状態,XBRL_TO_CSV/jpaud-qrr-cc-001_E39408-000_2025-06-30_02_2026-07-23.csv,0,"要素ID,項目名,コンテキストID,相対年度,連結・個別,期間・時点,ユニットID,単位,値",edinet_csv_zip,2763,要素ID: jpcrp_cor:IndependentAuditorsReportSemiAnnualPeriodOfNextFiscalYearConsolidatedTextBlock | 項目名: 独立監査人の報告書、次の中間、連結 [テキストブロック] | コンテキストID: FilingDateInstant | 相対年度: 提出日時点 | 連結・個別: その他 | 期間・時点: 時点 | ユニットID: － | 単位: － | 値: 独立監査人の中間連結財務諸表に対する期中レビュー報告書 2026年２月13日グリーンモンスター株式会社取締役会 御中 太陽有限責任監査法人 東京事務所 指定有限責任社員業務執行社員 公認会計士鶴 見 寛 指定有限責任社員業務執行社員 公認会計士下 川 高 史 監査人の結論当監査法人は、金融商品取引法第 193 条の２第１項の規定に基づき、「経理の状況」に掲げられているグリーンモンスター株式会社の 2025 年７月１日から 2026 年６月 30 日までの連結会計年度の中間連結会計期間（2025 年７月１日から 2025 年 12 月 31 日まで）に係る中間連結財務諸表、すなわち、中間連結貸借対照表、中間連結損益計算書、中間連結包括利益計算書、中間連結キャッシュ・フロー計算書及び注記について期中レビューを行った。当監査法人が実施した期中レビューにおいて、上記の中間連結財務諸表が、我が国において一般に公正妥当と認められる企業会計の基準に準拠して、グリーンモンスター株式会社及び連結子会社の 2025 年 12 月 31 日現在の財政状態並びに同日をもって終了する中間連結会計期間の経営成績及びキャッシュ・フローの状況を適正に表示していないと信じさせる事項が全ての重要な点において認められなかった。 監査人の結論の根拠当監査法人は、我が国において一般に公正妥当と認められる期中レビューの基準に準拠して期中レビューを行った。期中レビューの基準における当監査法人の責任は、「中間連結財務諸表の期中レビューにおける監査人の責任」に記載されている。当監査法人は、我が国における職業倫理に関する規定（社会的影響度の高い事業体の財務諸表監査に適用される規定を含む。）に従って、会社及び連結子会社から独立しており、また、監査人としてのその他の倫理上の責任を果たしている。当監査法人は、結論の表明の基礎となる証拠を入手したと判断している。 中間連結財務諸表に対する経営者並びに監査役及び監査役会の責任経営者の責任は、我が国において一般に公正妥当と認められる企業会計の基準に準拠して中間連結財務諸表を作成し適正に表示することにある。これには、不正又は誤謬による重要な虚偽表示のない中間連結財務諸表を作成し適正に表示するために経営者が必要と判断した内部統制を整備及び運用することが含まれる。中間連結財務諸表を作成するに当たり、経営者は、継続企業の前提に基づき中間連結財務諸表を作成することが適切であるかどうかを評価し、我が国において一般に公正妥当と認められる企業会計の基準に基づいて継続企業に関する事項を開示する必要がある場合には当該事項を開示する責任がある。監査役及び監査役会の責任は、財務報告プロセスの整備及び運用における取締役の職務の執行を監視することにある。 中間連結財務諸表の期中レビューにおける監査人の責任監査人の責任は、監査人が実施した期中レビューに基づいて、期中レビュー報告書において独立の立場から中間連結財務諸表に対する結論を表明することにある。監査人は、我が国において一般に公正妥当と認められる期中レビューの基準に従って、期中レビューの過程を通じて、職業的専門家としての判断を行い、職業的懐疑心を保持して以下を実施する。・ 主として経営者、財務及び会計に関する事項に責任を有する者等に対する質問、分析的手続その他の期中レビュー手続を実施する。期中レビュー手続は、我が国において一般に公正妥当と認められる監査の基準に準拠して実施される年度の財務諸表の監査に比べて限定された手続である。・ 継続企業の前提に関する事項について、重要な疑義を生じさせるような事象又は状況に関して重要な不確実性が認められると判断した場合には、入手した証拠に基づき、中間連結財務諸表において、我が国において一般に公正妥当と認められる企業会計の基準に準拠して、適正に表示されていないと信じさせる事項が認められないかどうか結論付ける。また、継続企業の前提に関する重要な不確実性が認められる場合は、期中レビュー報告書において中間連結財務諸表の注記事項に注意を喚起すること、又は重要な不確実性に関する中間連結財務諸表の注記事項が適切でない場合は、中間連結財務諸表に対して限定付結論又は否定的結論を表明することが求められている。監査人の結論は、期中レビュー報告書日までに入手した証拠に基づいているが、将来の事象や状況により、企業は継続企業として存続できなくなる可能性がある。・ 中間連結財務諸表の表示及び注記事項が、我が国において一般に公正妥当と認められる企業会計の基準に準拠していないと信じさせる事項が認められないかどうかとともに、関連する注記事項を含めた中間連結財務諸表の表示、構成及び内容、並びに中間連結財務諸表が基礎となる取引や会計事象を適正に表示していないと信じさせる事項が認められないかどうかを評価する。・ 中間連結財務諸表に対する結論表明の基礎となる、会社及び連結子会社の財務情報に関する証拠を入手する。監査人は、中間連結財務諸表の期中レビューに関する指揮、監督及び査閲に関して責任がある。監査人は、単独で監査人の結論に対して責任を負う。監査人は、監査役及び監査役会に対して、計画した期中レビューの範囲とその実施時期、期中レビュー上の重要な発見事項について報告を行う。監査人は、監査役及び監査役会に対して、独立性についての我が国における職業倫理に関する規定を遵守したこと、並びに監査人の独立性に影響を与えると合理的に考えられる事項、及び阻害要因を除去するための対応策を講じている場合又は阻害要因を許容可能な水準にまで軽減するためのセーフガードを適用している場合はその内容について報告を行う。 利害関係会社及び連結子会社と当監査法人又は業務執行社員との間には、公認会計士法の規定により記載すべき利害関係はない。 以 上 （注） １．上記の期中レビュー報告書の原本は当社（半期報告書提出会社）が別途保管しております。２．XBRLデータは期中レビューの対象には含まれていません。,
2026-07-24T21:02:01+00:00,2026-07-23,2026-07-23 16:31,グリーンモンスター株式会社,E39408,157A0,訂正有価証券届出書（組込方式）,040,022001,S100YS32,継続企業の前提,継続企業,XBRL_TO_CSV/jpaud-qrr-cc-001_E39408-000_2025-06-30_02_2026-07-23.csv,0,"要素ID,項目名,コンテキストID,相対年度,連結・個別,期間・時点,ユニットID,単位,値",edinet_csv_zip,2763,要素ID: jpcrp_cor:IndependentAuditorsReportSemiAnnualPeriodOfNextFiscalYearConsolidatedTextBlock | 項目名: 独立監査人の報告書、次の中間、連結 [テキストブロック] | コンテキストID: FilingDateInstant | 相対年度: 提出日時点 | 連結・個別: その他 | 期間・時点: 時点 | ユニットID: － | 単位: － | 値: 独立監査人の中間連結財務諸表に対する期中レビュー報告書 2026年２月13日グリーンモンスター株式会社取締役会 御中 太陽有限責任監査法人 東京事務所 指定有限責任社員業務執行社員 公認会計士鶴 見 寛 指定有限責任社員業務執行社員 公認会計士下 川 高 史 監査人の結論当監査法人は、金融商品取引法第 193 条の２第１項の規定に基づき、「経理の状況」に掲げられているグリーンモンスター株式会社の 2025 年７月１日から 2026 年６月 30 日までの連結会計年度の中間連結会計期間（2025 年７月１日から 2025 年 12 月 31 日まで）に係る中間連結財務諸表、すなわち、中間連結貸借対照表、中間連結損益計算書、中間連結包括利益計算書、中間連結キャッシュ・フロー計算書及び注記について期中レビューを行った。当監査法人が実施した期中レビューにおいて、上記の中間連結財務諸表が、我が国において一般に公正妥当と認められる企業会計の基準に準拠して、グリーンモンスター株式会社及び連結子会社の 2025 年 12 月 31 日現在の財政状態並びに同日をもって終了する中間連結会計期間の経営成績及びキャッシュ・フローの状況を適正に表示していないと信じさせる事項が全ての重要な点において認められなかった。 監査人の結論の根拠当監査法人は、我が国において一般に公正妥当と認められる期中レビューの基準に準拠して期中レビューを行った。期中レビューの基準における当監査法人の責任は、「中間連結財務諸表の期中レビューにおける監査人の責任」に記載されている。当監査法人は、我が国における職業倫理に関する規定（社会的影響度の高い事業体の財務諸表監査に適用される規定を含む。）に従って、会社及び連結子会社から独立しており、また、監査人としてのその他の倫理上の責任を果たしている。当監査法人は、結論の表明の基礎となる証拠を入手したと判断している。 中間連結財務諸表に対する経営者並びに監査役及び監査役会の責任経営者の責任は、我が国において一般に公正妥当と認められる企業会計の基準に準拠して中間連結財務諸表を作成し適正に表示することにある。これには、不正又は誤謬による重要な虚偽表示のない中間連結財務諸表を作成し適正に表示するために経営者が必要と判断した内部統制を整備及び運用することが含まれる。中間連結財務諸表を作成するに当たり、経営者は、継続企業の前提に基づき中間連結財務諸表を作成することが適切であるかどうかを評価し、我が国において一般に公正妥当と認められる企業会計の基準に基づいて継続企業に関する事項を開示する必要がある場合には当該事項を開示する責任がある。監査役及び監査役会の責任は、財務報告プロセスの整備及び運用における取締役の職務の執行を監視することにある。 中間連結財務諸表の期中レビューにおける監査人の責任監査人の責任は、監査人が実施した期中レビューに基づいて、期中レビュー報告書において独立の立場から中間連結財務諸表に対する結論を表明することにある。監査人は、我が国において一般に公正妥当と認められる期中レビューの基準に従って、期中レビューの過程を通じて、職業的専門家としての判断を行い、職業的懐疑心を保持して以下を実施する。・ 主として経営者、財務及び会計に関する事項に責任を有する者等に対する質問、分析的手続その他の期中レビュー手続を実施する。期中レビュー手続は、我が国において一般に公正妥当と認められる監査の基準に準拠して実施される年度の財務諸表の監査に比べて限定された手続である。・ 継続企業の前提に関する事項について、重要な疑義を生じさせるような事象又は状況に関して重要な不確実性が認められると判断した場合には、入手した証拠に基づき、中間連結財務諸表において、我が国において一般に公正妥当と認められる企業会計の基準に準拠して、適正に表示されていないと信じさせる事項が認められないかどうか結論付ける。また、継続企業の前提に関する重要な不確実性が認められる場合は、期中レビュー報告書において中間連結財務諸表の注記事項に注意を喚起すること、又は重要な不確実性に関する中間連結財務諸表の注記事項が適切でない場合は、中間連結財務諸表に対して限定付結論又は否定的結論を表明することが求められている。監査人の結論は、期中レビュー報告書日までに入手した証拠に基づいているが、将来の事象や状況により、企業は継続企業として存続できなくなる可能性がある。・ 中間連結財務諸表の表示及び注記事項が、我が国において一般に公正妥当と認められる企業会計の基準に準拠していないと信じさせる事項が認められないかどうかとともに、関連する注記事項を含めた中間連結財務諸表の表示、構成及び内容、並びに中間連結財務諸表が基礎となる取引や会計事象を適正に表示していないと信じさせる事項が認められないかどうかを評価する。・ 中間連結財務諸表に対する結論表明の基礎となる、会社及び連結子会社の財務情報に関する証拠を入手する。監査人は、中間連結財務諸表の期中レビューに関する指揮、監督及び査閲に関して責任がある。監査人は、単独で監査人の結論に対して責任を負う。監査人は、監査役及び監査役会に対して、計画した期中レビューの範囲とその実施時期、期中レビュー上の重要な発見事項について報告を行う。監査人は、監査役及び監査役会に対して、独立性についての我が国における職業倫理に関する規定を遵守したこと、並びに監査人の独立性に影響を与えると合理的に考えられる事項、及び阻害要因を除去するための対応策を講じている場合又は阻害要因を許容可能な水準にまで軽減するためのセーフガードを適用している場合はその内容について報告を行う。 利害関係会社及び連結子会社と当監査法人又は業務執行社員との間には、公認会計士法の規定により記載すべき利害関係はない。 以 上 （注） １．上記の期中レビュー報告書の原本は当社（半期報告書提出会社）が別途保管しております。２．XBRLデータは期中レビューの対象には含まれていません。,
2026-07-24T21:02:01+00:00,2026-07-23,2026-07-23 16:31,グリーンモンスター株式会社,E39408,157A0,訂正有価証券届出書（組込方式）,040,022001,S100YS32,大量保有：保有割合・増減,増加,XBRL_TO_CSV/jpcrp020200-srs-001_E39408-000_2025-06-30_02_2026-07-23.csv,14,"要素ID,項目名,コンテキストID,相対年度,連結・個別,期間・時点,ユニットID,単位,値",edinet_csv_zip,729,"要素ID: jpcrp_cor:AmountToRegisterForOfferingOrDistributionCoverPageTextBlock | 項目名: 届出の対象とした募集（売出）金額、表紙 [テキストブロック] | コンテキストID: FilingDateInstant | 相対年度: 提出日時点 | 連結・個別: その他 | 期間・時点: 時点 | ユニットID: － | 単位: － | 値: （第７回新株予約権証券）その他の者に対する割当1,900,000円 新株予約権の払込金額の総額に新株予約権の行使に際して払い込むべき金額の合計額を合算した金額 126,900,000円 （第８回新株予約権証券）その他の者に対する割当1,260,000円 新株予約権の払込金額の総額に新株予約権の行使に際して払い込むべき金額の合計額を合算した金額 411,260,000円 （第９回新株予約権証券）その他の者に対する割当350,000円 新株予約権の払込金額の総額に新株予約権の行使に際して払い込むべき金額の合計額を合算した金額 875,350,000円 （注） 新株予約権の行使に際して払い込むべき金額は、全ての新株予約権が行使されたと仮定した場合の見込額であります。新株予約権の行使価額が調整された場合には、新株予約権の払込金額の総額に新株予約権の行使に際して払い込むべき金額の合計額を合算した金額は増加又は減少する可能性があります。また、新株予約権の権利行使期間内に行使が行われない場合及び当社が取得した新株予約権を消却した場合には、新株予約権の払込金額の総額に新株予約権の行使に際して払い込むべき金額の合計額を合算した金額は減少します。",
2026-07-24T21:02:01+00:00,2026-07-23,2026-07-23 16:31,グリーンモンスター株式会社,E39408,157A0,訂正有価証券届出書（組込方式）,040,022001,S100YS32,サステナビリティ・人的資本,人材,XBRL_TO_CSV/jpcrp020200-srs-001_E39408-000_2025-06-30_02_2026-07-23.csv,44,"要素ID,項目名,コンテキストID,相対年度,連結・個別,期間・時点,ユニットID,単位,値",edinet_csv_zip,13594,"要素ID: jpcrp_cor:ParticularsOfNewShareSubscriptionRightsTextBlock | 項目名: 新株予約権の内容等 [テキストブロック] | コンテキストID: FilingDateInstant | 相対年度: 提出日時点 | 連結・個別: その他 | 期間・時点: 時点 | ユニットID: － | 単位: － | 値: （2） 【新株予約権の内容等】 新株予約権の目的となる株式の種類グリーンモンスター株式会社 普通株式完全議決権株式であり、権利内容に何ら限定のない当社における標準となる株式である。なお、当社の単元株式数は100株である。新株予約権の目的となる株式の数１．第７回新株予約権の目的である株式の種類及び総数は、当社普通株式100,000株（以下、「対象株式数」という。）とする（第７回新株予約権１個当たりの目的である株式の数（以下、「割当株式数」という。）は100株とする。）。但し、本欄第２項乃至第４項により割当株式数が調整される場合には、第７回新株予約権の目的である株式の総数は調整後割当株式数に応じて調整されるものとする。 ２．当社が別記「新株予約権の行使時の払込金額」欄の第３項の規定に従って行使価額の調整を行う場合には、割当株式数は次の算式により調整される。但し、かかる調整は当該時点において未行使の第７回新株予約権にかかる割当株式数についてのみ行われ、調整の結果生じる１株未満の端数は切り捨てる。なお、かかる算式における調整前行使価額及び調整後行使価額は、別記「新株予約権の行使時の払込金額」欄に定める調整前行使価額及び調整後行使価額とする。 調整後割当株式数＝調整前割当株式数×調整前行使価額調整後行使価額 ３．調整後割当株式数の適用日は、当該調整事由にかかる別記「新株予約権の行使時の払込金額」欄第３項第（2）号及び第（5）号による行使価額の調整に関し、各号に定める調整後行使価額を適用する日と同日とする。 ４．割当株式数の調整を行うときは、当社は、調整後割当株式数の適用開始日の前日までに、第７回新株予約権者に対し、かかる調整を行う旨並びにその事由、調整前割当株式数、調整後割当株式数及びその適用開始日その他必要な事項を書面で通知する。但し、適用開始日の前日までに上記通知を行うことができない場合には、適用開始日以降速やかにこれを行う。新株予約権の行使時の払込金額１．第７回新株予約権の行使に際して出資される財産の価額各第７回新株予約権の行使に際して出資される財産は金銭とし、その価額は、行使価額に割当株式数を乗じた額とする。但し、計算の結果１円未満の端数を生ずる場合は、その端数を切り上げるものとする。 ２．第７回新株予約権の行使により当社が当社普通株式を新たに発行し又はこれに代えて当社の保有する当社普通株式を処分する（以下、当社普通株式の発行又は処分を「交付」という。）場合における株式１株当たりの出資される財産の価額（以下、「行使価額」という。）は、1,250円とする。ただし、本欄第３項の規定に従って調整されるものとする。 ３．行使価額の調整 （1） 当社は、第７回新株予約権の発行後、下記第（2）号に掲げる各事由により当社の発行済株式数に変更を生じる場合又は変更を生じる可能性がある場合には、次に定める算式（以下、「行使価額調整式」という。）をもって行使価額を調整する。 既発行株式数＋交付株式数×１株あたり払込金額調整後行使価額＝調整前行使価額×１株あたりの時価既発行株式数＋交付株式数 （2） 行使価額調整式により行使価額の調整を行う場合及び調整後行使価額の適用時期については、次に定めるところによる。 ① 本項第（4）号②に定める時価を下回る払込金額をもって当社普通株式を新たに交付する場合（無償割当てによる場合を含む。）（但し、新株予約権（新株予約権付社債に付されたものを含む。）の行使、取得請求権付株式又は取得条項付株式の取得、その他当社普通株式の交付を請求できる権利の行使によって当社普通株式を交付する場合、及び会社分割、株式交換又は合併により当社普通株式を交付する場合を除く。）調整後行使価額は、払込期日（募集に際して払込期間を定めた場合はその最終日とし、無償割当ての場合はその効力発生日とする。）以降、又はかかる交付につき株主に割当てを受ける権利を与えるための基準日がある場合はその日の翌日以降これを適用する。 ② 普通株式について株式の分割をする場合調整後行使価額は、株式の分割のための基準日の翌日以降これを適用する。なお、行使価額調整式で使用する交付株式数は、株式の分割により増加する当社の普通株式数をいうものとする。 ③ 本項第（4）号②に定める時価を下回る払込金額をもって当社普通株式を交付する定めのある取得請求権付株式又は本項第（4）号②に定める時価を下回る払込金額をもって当社普通株式の交付を請求できる新株予約権（新株予約権付社債に付されたものを含む。）を発行又は付与する場合調整後行使価額は、取得請求権付株式の全部にかかる取得請求権又は新株予約権の全部が当初の条件で行使されたものとみなして行使価額調整式を適用して算出するものとし、払込期日（新株予約権の場合は割当日）以降又は（無償割当ての場合は）効力発生日以降これを適用する。但し、株主に割当てを受ける権利を与えるための基準日がある場合には、その日の翌日以降これを適用する。 ④ 当社の発行した取得条項付株式又は取得条項付新株予約権（新株予約権付社債に付されたものを含む。）の取得と引換えに本項第（4）号②に定める時価を下回る価額をもって当社普通株式を交付する場合調整後行使価額は、取得日の翌日以降これを適用する。 ⑤ 本項第（2）号①から④までの各取引において、株主に割当を受ける権利を与えるための基準日が設定され、かつ各取引の効力の発生が当該基準日以降の株主総会又は取締役会その他当社の機関の承認を条件としているときには本項（2）号①から④にかかわらず、調整後行使価額は、当該承認があった日の翌日以降、これを適用する。この場合において当該基準日の翌日から当該取引の承認があった日までに、第７回新株予約権を行使した第７回新株予約権者に対しては、次の算出方法により、当社普通株式を交付するものとする。 株式数＝（調整前行使価額－調整後行使価額）×調整前行使価額により当該期間内に交付された株式数調整後行使価額 この場合に１株未満の端数を生じるときは、これを切り捨て、現金による調整は行わない。 （3） 行使価額調整式により算出された調整後行使価額と調整前行使価額との差額が１円未満にとどまる場合は、行使価額の調整は行わない。但し、その後行使価額の調整を必要とする事由が発生し、行使価額を調整する場合には、行使価額調整式中の調整前行使価額に代えて調整前行使価額からこの差額を差し引いた額を使用する。 （4） 行使価額調整式の計算については、次に定めるところによる。 ① 円位未満小数第２位まで算出し、小数第２位を切り捨てるものとする。 ② 行使価額調整式で使用する時価は、調整後行使価額が初めて適用される日に先立つ45取引日目に始まる30取引日（終値のない日を除く。）の東京証券取引所における当社普通株式の普通取引の終値の単純平均値とする。この場合、単純平均値の計算は、円位未満小数第２位まで算出し、小数第２位を切り捨てるものとする。 ③ 行使価額調整式で使用する既発行株式数は、株主に割当てを受ける権利を与えるための基準日がある場合はその日、また、かかる基準日がない場合は、調整後行使価額を初めて適用する日の１ヶ月前の日における当社の発行済普通株式の総数から、当該日において当社の保有する当社普通株式を控除した数とする。 （5） 本項第（2）号の行使価額の調整を必要とする場合以外にも、次に掲げる場合には、当社は、必要な行使価額の調整を行う。 ① 株式の併合、資本の減少、会社分割、株式移転、株式交換又は合併のために行使価額の調整を必要とするとき。 ② その他当社の発行済普通株式数の変更又は変更の可能性が生じる事由の発生により行使価額の調整を必要とするとき。 ③ 行使価額を調整すべき複数の事由が相接して発生し、一方の事由に基づく調整後行使価額の算出にあたり使用すべき時価につき、他方の事由による影響を考慮する必要があるとき。 （6） 行使価額の調整を行うときは、当社は、調整後行使価額の適用開始日の前日までに、第７回新株予約権者に対し、かかる調整を行う旨並びにその事由、調整前行使価額、調整後行使価額及びその適用開始日その他必要な事項を書面で通知する。但し、上記通知を行うことができない場合には、適用開始日以降速やかにこれを行う。新株予約権の行使により株式を発行する場合の株式の発行価額の総額126,900,000円（注） 行使価額が調整された場合には、第７回新株予約権の行使により株式を発行する場合の株式の発行価額の総額は増加又は減少する。新株予約権の権利行使期間内に行使が行われない場合及び当社が取得した新株予約権を消却した場合には、第７回新株予約権の行使により株式を発行する場合の株式の発行価額の総額は減少する。新株予約権の行使により株式を発行する場合の株式の発行価格及び資本組入額１．新株予約権の行使により株式を発行する場合の株式１株の発行価格第７回新株予約権の行使により交付する当社普通株式１株の発行価格は、行使請求にかかる各第７回新株予約権の行使に際して払い込むべき金額の総額に、行使請求にかかる各第７回新株予約権の発行価額の総額を加えた額を、別記「新株予約権の目的となる株式の数」欄記載の対象株式数で除した額とする。 ２．新株予約権の行使により株式を発行する場合における増加する資本金及び資本準備金 第７回新株予約権の行使により当社普通株式を発行する場合において増加する資本金の額は、会社計算規則第17条第１項の規定に従い算出される資本金等増加限度額の２分の１の金額とし（計算の結果１円未満の端数を生じる場合はその端数を切り上げた額とする。）、当該資本金等増加限度額から増加する資本金の額を減じた額を増加する資本準備金の額とする。新株予約権の行使期間2026年７月31日から2028年7月30日（但し、行使期間最終日が銀行営業日でない場合にはその前銀行営業日）までの期間とする。但し、別記「組織再編成行為に伴う新株予約権の交付に関する事項」欄に定める組織再編行為をするために第７回新株予約権の行使の停止が必要である場合は、それらの効力発生日から14日以内の日に先立つ30日以内の当社が指定する期間は、第７回新株予約権を行使することはできない。この場合は、行使を停止する期間その他必要な事項を、当該期間の開始日の１ヶ月前までに通知する。新株予約権の行使請求の受付場所、取次場所及び払込取扱場所１．第７回新株予約権の行使請求の受付場所グリーンモンスター株式会社 管理部２．行使請求の取次場所該当事項なし。３．行使請求の払込取扱場所株式会社三井住友銀行 渋谷支店 新株予約権の行使の条件１．第７回新株予約権の行使により、行使に係る第７回新株予約権の新株予約権者が保有することとなる当社株式数が、第７回新株予約権の発行決議日（2026年７月15日）時点における当社発行済株式総数（3,314,900株）の10％（331,490株）（但し、別記「新株予約権の行使時の払込金額」欄の第３項記載の行使価額の調整事由が生じた場合には適切に調整される。）を超えることとなる場合の、当該10％（但し、別記「新株予約権の行使時の払込金額」欄の第３項記載の行使価額の調整事由が生じた場合には適切に調整される。）を超える部分に係る新株予約権の行使はできない。２．第７回新株予約権の行使によって、当社の発行済株式総数が当該時点における授権株式数を超過することとなるときは、当該第７回新株予約権の行使を行うことはできない。３．各第７回新株予約権の一部行使はできない。自己新株予約権の取得の事由及び取得の条件第７回新株予約権の割当日から６ヶ月を経過した日以降いつでも、当社は取締役会により第７回新株予約権を取得する旨及び第７回新株予約権を取得する日（以下、「取得日」という。）を決議することができる。当社は、当該取締役会決議の後、取得の対象となる第７回新株予約権の新株予約権者に対し、取得日の通知又は公告を当該取得日の20営業日前までに行うことにより、取得日の到来をもって、第７回新株予約権１個につき第７回新株予約権１個当たりの払込金額と同額で、当該取得日に残存する第７回新株予約権の全部又は一部を取得することができる。第７回新株予約権の一部の取得をする場合には、按分比例、抽選その他の合理的な方法により行うものとする。新株予約権の譲渡に関する事項第７回新株予約権の譲渡については、当社取締役会の承認を要するものとする。代用払込みに関する事項該当事項なし。組織再編成行為に伴う新株予約権の交付に関する事項当社が吸収合併消滅会社となる吸収合併、新設合併消滅会社となる新設合併、吸収分割会社となる吸収分割、新設分割会社となる新設分割、株式交換完全子会社となる株式交換、又は株式移転完全子会社となる株式移転（以下、「組織再編行為」と総称する。）を行う場合は、当該組織再編行為の効力発生日の直前において残存する第７回新株予約権に代わり、それぞれ吸収合併存続会社、新設合併設立会社、吸収分割承継会社、新設分割設立会社、株式交換完全親会社又は株式移転設立完全親会社（以下、「再編当事会社」と総称する。）は以下の条件に基づき第７回新株予約権にかかる新株予約権者に新たに新株予約権を交付するものとする。① 新たに交付される新株予約権の数新株予約権者が有する第７回新株予約権の数をもとに、組織再編行為の条件等を勘案して合理的に調整する。調整後の１個未満の端数は切り捨てる。② 新たに交付される新株予約権の目的たる株式の種類再編当事会社の同種の株式③ 新たに交付される新株予約権の目的たる株式の数の算定方法組織再編行為の条件等を勘案して合理的に調整する。調整後の１株未満の端数は切り上げる。④ 新たに交付される新株予約権の行使に際して出資される財産の価額組織再編行為の条件等を勘案して合理的に調整する。調整後の１円未満の端数は切り上げる。⑤ 新たに交付される新株予約権にかかる行使期間、当該新株予約権の行使により株式を発行する場合における増加する資本金及び資本準備金、再編当事会社による当該新株予約権の取得事由、組織再編行為の場合の新株予約権の交付、新株予約権証券及び行使の条件第７回新株予約権の内容に準じて、組織再編行為に際して決定する。⑥ 新たに交付される新株予約権の譲渡による取得の制限新たに交付される新株予約権の譲渡による取得については、再編当事会社の取締役会の承認を要する。 （注） １．本新株予約権の発行により資金の調達をしようとする理由 （1） 資金調達の目的当社は、「おかねに対する意識と行動を変える」をミッションに掲げ、金融教育コンテンツ及び体験型金融教育アプリの提供を通じて、個人投資家層を中心としたユーザー基盤の拡大を推進してまいりました。主力サービスである「FXなび」、「株たす」、「トウシカ」等を中心に、累計ダウンロード数は1,050万件（2026年３月末）を超えており、金融リテラシー向上と金融サービス利用促進を両立する独自の事業モデルを構築しております。また、金融機関向けを中心とした各種金融サービスに関するアプリケーション及びシステム開発等も展開しております。さらに、当社グループでは、FPコンサルティングによるライフプランニング及び資産運用支援、フィナンシャルインテリジェンスによる投資スクール・セミナー運営、並びにフィナンシャルフリーカレッジによるマネースクール運営等を通じ、幅広い金融教育サービスを提供しております。一方、近年はAI技術の革新的な進化、AIエージェントの普及、ブロックチェーン技術の発展及びデジタル金融市場の拡大を背景として、金融サービス及びそのインフラストラクチャーのデジタル化が世界的に進展しております。当社は、このような構造変化を中長期的な成長機会と捉え、AI及びブロックチェーン技術を活用した次世代金融インフラ領域へ事業を展開しております。具体的には、AI、ブロックチェーン及び新興インフラ技術への投資を成長戦略の一つとして位置付けるとともに、AIとブロックチェーン技術の融合による新たな事業機会に着目し、関連ソリューションの開発及び次世代金融教育サービスの創出を推進しております。また、これらの事業推進に向けたグローバルな戦略拠点として、香港における事業体制の整備を進めております。当社は、これらの成長戦略を実現するため、AI、ブロックチェーン及び新興インフラ技術への投資、技術基盤及びソリューションの開発・整備、香港拠点の構築・運営、次世代金融教育分野における研究開発、人材採用及び事業開発（2026年１月19日発表のブロックチェーン・インフラストラクチャー事業計画を含む）等に係る成長投資資金を確保する必要があると判断いたしました。なお、当社は2026年６月期第３四半期連結会計期間末における現金及び預金の残高が1,003百万円、流動資産合計が1,351百万円と、一定の手元流動性を有しております。他方で、今後の成長投資を推進するにあたり、財務健全性への配慮を行いつつ、機動的かつ段階的な資金調達を可能とし、既存株主の利益にも一定程度配慮した資金調達手法として、本新株予約権の発行を実施することといたしました。本第三者割当により、当社は既存事業の成長を継続しながら、新たな成長領域への投資を加速し、中長期的な企業価値及び株主価値の向上を目指してまいります。 （2） 本新株予約権の概要本新株予約権は、当社の資金需要や株価動向を総合的に判断できるようにする観点から以下の特徴が設けられています。（ア） 行使許可条項割当予定先は、本行使許可を行う前に行使することができる第７回新株予約権1,000個を除き、当社が本行使許可を行った場合に限り、本行使許可に示された数量の範囲内でのみ本新株予約権を行使できます。本行使許可は、当社取締役会の決議により、段階的に、第８回新株予約権2,000個、第９回新株予約権3,500個の順に実施されます。当社は、本行使許可を行う前に割当予定先が行使することができる第７回新株予約権1,000個すべての行使が終了しない限り、第８回新株予約権に係る本行使許可を行うことができません。また、当社は、第７回新株予約権1,000個及び第８回新株予約権2,000個すべての行使が終了しない限り、第９回新株予約権に係る本行使許可を行うことができません。当社は本行使許可を通じて本新株予約権の行使の数量及び時期を一定程度コントロールすることがで きるため、当社の事業内容の進捗、資金需要及び市場環境等を勘案しつつ、一時に大幅な株式価値の希薄化が発生することを抑制しつつ柔軟な資金調達をすることが可能となります。 （イ） 行使制限条項本新株予約権には、本新株予約権の行使により...",
2026-07-24T21:02:01+00:00,2026-07-23,2026-07-23 16:31,グリーンモンスター株式会社,E39408,157A0,訂正有価証券届出書（組込方式）,040,022001,S100YS32,大量保有：保有割合・増減,増加,XBRL_TO_CSV/jpcrp020200-srs-001_E39408-000_2025-06-30_02_2026-07-23.csv,44,"要素ID,項目名,コンテキストID,相対年度,連結・個別,期間・時点,ユニットID,単位,値",edinet_csv_zip,13594,"要素ID: jpcrp_cor:ParticularsOfNewShareSubscriptionRightsTextBlock | 項目名: 新株予約権の内容等 [テキストブロック] | コンテキストID: FilingDateInstant | 相対年度: 提出日時点 | 連結・個別: その他 | 期間・時点: 時点 | ユニットID: － | 単位: － | 値: （2） 【新株予約権の内容等】 新株予約権の目的となる株式の種類グリーンモンスター株式会社 普通株式完全議決権株式であり、権利内容に何ら限定のない当社における標準となる株式である。なお、当社の単元株式数は100株である。新株予約権の目的となる株式の数１．第７回新株予約権の目的である株式の種類及び総数は、当社普通株式100,000株（以下、「対象株式数」という。）とする（第７回新株予約権１個当たりの目的である株式の数（以下、「割当株式数」という。）は100株とする。）。但し、本欄第２項乃至第４項により割当株式数が調整される場合には、第７回新株予約権の目的である株式の総数は調整後割当株式数に応じて調整されるものとする。 ２．当社が別記「新株予約権の行使時の払込金額」欄の第３項の規定に従って行使価額の調整を行う場合には、割当株式数は次の算式により調整される。但し、かかる調整は当該時点において未行使の第７回新株予約権にかかる割当株式数についてのみ行われ、調整の結果生じる１株未満の端数は切り捨てる。なお、かかる算式における調整前行使価額及び調整後行使価額は、別記「新株予約権の行使時の払込金額」欄に定める調整前行使価額及び調整後行使価額とする。 調整後割当株式数＝調整前割当株式数×調整前行使価額調整後行使価額 ３．調整後割当株式数の適用日は、当該調整事由にかかる別記「新株予約権の行使時の払込金額」欄第３項第（2）号及び第（5）号による行使価額の調整に関し、各号に定める調整後行使価額を適用する日と同日とする。 ４．割当株式数の調整を行うときは、当社は、調整後割当株式数の適用開始日の前日までに、第７回新株予約権者に対し、かかる調整を行う旨並びにその事由、調整前割当株式数、調整後割当株式数及びその適用開始日その他必要な事項を書面で通知する。但し、適用開始日の前日までに上記通知を行うことができない場合には、適用開始日以降速やかにこれを行う。新株予約権の行使時の払込金額１．第７回新株予約権の行使に際して出資される財産の価額各第７回新株予約権の行使に際して出資される財産は金銭とし、その価額は、行使価額に割当株式数を乗じた額とする。但し、計算の結果１円未満の端数を生ずる場合は、その端数を切り上げるものとする。 ２．第７回新株予約権の行使により当社が当社普通株式を新たに発行し又はこれに代えて当社の保有する当社普通株式を処分する（以下、当社普通株式の発行又は処分を「交付」という。）場合における株式１株当たりの出資される財産の価額（以下、「行使価額」という。）は、1,250円とする。ただし、本欄第３項の規定に従って調整されるものとする。 ３．行使価額の調整 （1） 当社は、第７回新株予約権の発行後、下記第（2）号に掲げる各事由により当社の発行済株式数に変更を生じる場合又は変更を生じる可能性がある場合には、次に定める算式（以下、「行使価額調整式」という。）をもって行使価額を調整する。 既発行株式数＋交付株式数×１株あたり払込金額調整後行使価額＝調整前行使価額×１株あたりの時価既発行株式数＋交付株式数 （2） 行使価額調整式により行使価額の調整を行う場合及び調整後行使価額の適用時期については、次に定めるところによる。 ① 本項第（4）号②に定める時価を下回る払込金額をもって当社普通株式を新たに交付する場合（無償割当てによる場合を含む。）（但し、新株予約権（新株予約権付社債に付されたものを含む。）の行使、取得請求権付株式又は取得条項付株式の取得、その他当社普通株式の交付を請求できる権利の行使によって当社普通株式を交付する場合、及び会社分割、株式交換又は合併により当社普通株式を交付する場合を除く。）調整後行使価額は、払込期日（募集に際して払込期間を定めた場合はその最終日とし、無償割当ての場合はその効力発生日とする。）以降、又はかかる交付につき株主に割当てを受ける権利を与えるための基準日がある場合はその日の翌日以降これを適用する。 ② 普通株式について株式の分割をする場合調整後行使価額は、株式の分割のための基準日の翌日以降これを適用する。なお、行使価額調整式で使用する交付株式数は、株式の分割により増加する当社の普通株式数をいうものとする。 ③ 本項第（4）号②に定める時価を下回る払込金額をもって当社普通株式を交付する定めのある取得請求権付株式又は本項第（4）号②に定める時価を下回る払込金額をもって当社普通株式の交付を請求できる新株予約権（新株予約権付社債に付されたものを含む。）を発行又は付与する場合調整後行使価額は、取得請求権付株式の全部にかかる取得請求権又は新株予約権の全部が当初の条件で行使されたものとみなして行使価額調整式を適用して算出するものとし、払込期日（新株予約権の場合は割当日）以降又は（無償割当ての場合は）効力発生日以降これを適用する。但し、株主に割当てを受ける権利を与えるための基準日がある場合には、その日の翌日以降これを適用する。 ④ 当社の発行した取得条項付株式又は取得条項付新株予約権（新株予約権付社債に付されたものを含む。）の取得と引換えに本項第（4）号②に定める時価を下回る価額をもって当社普通株式を交付する場合調整後行使価額は、取得日の翌日以降これを適用する。 ⑤ 本項第（2）号①から④までの各取引において、株主に割当を受ける権利を与えるための基準日が設定され、かつ各取引の効力の発生が当該基準日以降の株主総会又は取締役会その他当社の機関の承認を条件としているときには本項（2）号①から④にかかわらず、調整後行使価額は、当該承認があった日の翌日以降、これを適用する。この場合において当該基準日の翌日から当該取引の承認があった日までに、第７回新株予約権を行使した第７回新株予約権者に対しては、次の算出方法により、当社普通株式を交付するものとする。 株式数＝（調整前行使価額－調整後行使価額）×調整前行使価額により当該期間内に交付された株式数調整後行使価額 この場合に１株未満の端数を生じるときは、これを切り捨て、現金による調整は行わない。 （3） 行使価額調整式により算出された調整後行使価額と調整前行使価額との差額が１円未満にとどまる場合は、行使価額の調整は行わない。但し、その後行使価額の調整を必要とする事由が発生し、行使価額を調整する場合には、行使価額調整式中の調整前行使価額に代えて調整前行使価額からこの差額を差し引いた額を使用する。 （4） 行使価額調整式の計算については、次に定めるところによる。 ① 円位未満小数第２位まで算出し、小数第２位を切り捨てるものとする。 ② 行使価額調整式で使用する時価は、調整後行使価額が初めて適用される日に先立つ45取引日目に始まる30取引日（終値のない日を除く。）の東京証券取引所における当社普通株式の普通取引の終値の単純平均値とする。この場合、単純平均値の計算は、円位未満小数第２位まで算出し、小数第２位を切り捨てるものとする。 ③ 行使価額調整式で使用する既発行株式数は、株主に割当てを受ける権利を与えるための基準日がある場合はその日、また、かかる基準日がない場合は、調整後行使価額を初めて適用する日の１ヶ月前の日における当社の発行済普通株式の総数から、当該日において当社の保有する当社普通株式を控除した数とする。 （5） 本項第（2）号の行使価額の調整を必要とする場合以外にも、次に掲げる場合には、当社は、必要な行使価額の調整を行う。 ① 株式の併合、資本の減少、会社分割、株式移転、株式交換又は合併のために行使価額の調整を必要とするとき。 ② その他当社の発行済普通株式数の変更又は変更の可能性が生じる事由の発生により行使価額の調整を必要とするとき。 ③ 行使価額を調整すべき複数の事由が相接して発生し、一方の事由に基づく調整後行使価額の算出にあたり使用すべき時価につき、他方の事由による影響を考慮する必要があるとき。 （6） 行使価額の調整を行うときは、当社は、調整後行使価額の適用開始日の前日までに、第７回新株予約権者に対し、かかる調整を行う旨並びにその事由、調整前行使価額、調整後行使価額及びその適用開始日その他必要な事項を書面で通知する。但し、上記通知を行うことができない場合には、適用開始日以降速やかにこれを行う。新株予約権の行使により株式を発行する場合の株式の発行価額の総額126,900,000円（注） 行使価額が調整された場合には、第７回新株予約権の行使により株式を発行する場合の株式の発行価額の総額は増加又は減少する。新株予約権の権利行使期間内に行使が行われない場合及び当社が取得した新株予約権を消却した場合には、第７回新株予約権の行使により株式を発行する場合の株式の発行価額の総額は減少する。新株予約権の行使により株式を発行する場合の株式の発行価格及び資本組入額１．新株予約権の行使により株式を発行する場合の株式１株の発行価格第７回新株予約権の行使により交付する当社普通株式１株の発行価格は、行使請求にかかる各第７回新株予約権の行使に際して払い込むべき金額の総額に、行使請求にかかる各第７回新株予約権の発行価額の総額を加えた額を、別記「新株予約権の目的となる株式の数」欄記載の対象株式数で除した額とする。 ２．新株予約権の行使により株式を発行する場合における増加する資本金及び資本準備金 第７回新株予約権の行使により当社普通株式を発行する場合において増加する資本金の額は、会社計算規則第17条第１項の規定に従い算出される資本金等増加限度額の２分の１の金額とし（計算の結果１円未満の端数を生じる場合はその端数を切り上げた額とする。）、当該資本金等増加限度額から増加する資本金の額を減じた額を増加する資本準備金の額とする。新株予約権の行使期間2026年７月31日から2028年7月30日（但し、行使期間最終日が銀行営業日でない場合にはその前銀行営業日）までの期間とする。但し、別記「組織再編成行為に伴う新株予約権の交付に関する事項」欄に定める組織再編行為をするために第７回新株予約権の行使の停止が必要である場合は、それらの効力発生日から14日以内の日に先立つ30日以内の当社が指定する期間は、第７回新株予約権を行使することはできない。この場合は、行使を停止する期間その他必要な事項を、当該期間の開始日の１ヶ月前までに通知する。新株予約権の行使請求の受付場所、取次場所及び払込取扱場所１．第７回新株予約権の行使請求の受付場所グリーンモンスター株式会社 管理部２．行使請求の取次場所該当事項なし。３．行使請求の払込取扱場所株式会社三井住友銀行 渋谷支店 新株予約権の行使の条件１．第７回新株予約権の行使により、行使に係る第７回新株予約権の新株予約権者が保有することとなる当社株式数が、第７回新株予約権の発行決議日（2026年７月15日）時点における当社発行済株式総数（3,314,900株）の10％（331,490株）（但し、別記「新株予約権の行使時の払込金額」欄の第３項記載の行使価額の調整事由が生じた場合には適切に調整される。）を超えることとなる場合の、当該10％（但し、別記「新株予約権の行使時の払込金額」欄の第３項記載の行使価額の調整事由が生じた場合には適切に調整される。）を超える部分に係る新株予約権の行使はできない。２．第７回新株予約権の行使によって、当社の発行済株式総数が当該時点における授権株式数を超過することとなるときは、当該第７回新株予約権の行使を行うことはできない。３．各第７回新株予約権の一部行使はできない。自己新株予約権の取得の事由及び取得の条件第７回新株予約権の割当日から６ヶ月を経過した日以降いつでも、当社は取締役会により第７回新株予約権を取得する旨及び第７回新株予約権を取得する日（以下、「取得日」という。）を決議することができる。当社は、当該取締役会決議の後、取得の対象となる第７回新株予約権の新株予約権者に対し、取得日の通知又は公告を当該取得日の20営業日前までに行うことにより、取得日の到来をもって、第７回新株予約権１個につき第７回新株予約権１個当たりの払込金額と同額で、当該取得日に残存する第７回新株予約権の全部又は一部を取得することができる。第７回新株予約権の一部の取得をする場合には、按分比例、抽選その他の合理的な方法により行うものとする。新株予約権の譲渡に関する事項第７回新株予約権の譲渡については、当社取締役会の承認を要するものとする。代用払込みに関する事項該当事項なし。組織再編成行為に伴う新株予約権の交付に関する事項当社が吸収合併消滅会社となる吸収合併、新設合併消滅会社となる新設合併、吸収分割会社となる吸収分割、新設分割会社となる新設分割、株式交換完全子会社となる株式交換、又は株式移転完全子会社となる株式移転（以下、「組織再編行為」と総称する。）を行う場合は、当該組織再編行為の効力発生日の直前において残存する第７回新株予約権に代わり、それぞれ吸収合併存続会社、新設合併設立会社、吸収分割承継会社、新設分割設立会社、株式交換完全親会社又は株式移転設立完全親会社（以下、「再編当事会社」と総称する。）は以下の条件に基づき第７回新株予約権にかかる新株予約権者に新たに新株予約権を交付するものとする。① 新たに交付される新株予約権の数新株予約権者が有する第７回新株予約権の数をもとに、組織再編行為の条件等を勘案して合理的に調整する。調整後の１個未満の端数は切り捨てる。② 新たに交付される新株予約権の目的たる株式の種類再編当事会社の同種の株式③ 新たに交付される新株予約権の目的たる株式の数の算定方法組織再編行為の条件等を勘案して合理的に調整する。調整後の１株未満の端数は切り上げる。④ 新たに交付される新株予約権の行使に際して出資される財産の価額組織再編行為の条件等を勘案して合理的に調整する。調整後の１円未満の端数は切り上げる。⑤ 新たに交付される新株予約権にかかる行使期間、当該新株予約権の行使により株式を発行する場合における増加する資本金及び資本準備金、再編当事会社による当該新株予約権の取得事由、組織再編行為の場合の新株予約権の交付、新株予約権証券及び行使の条件第７回新株予約権の内容に準じて、組織再編行為に際して決定する。⑥ 新たに交付される新株予約権の譲渡による取得の制限新たに交付される新株予約権の譲渡による取得については、再編当事会社の取締役会の承認を要する。 （注） １．本新株予約権の発行により資金の調達をしようとする理由 （1） 資金調達の目的当社は、「おかねに対する意識と行動を変える」をミッションに掲げ、金融教育コンテンツ及び体験型金融教育アプリの提供を通じて、個人投資家層を中心としたユーザー基盤の拡大を推進してまいりました。主力サービスである「FXなび」、「株たす」、「トウシカ」等を中心に、累計ダウンロード数は1,050万件（2026年３月末）を超えており、金融リテラシー向上と金融サービス利用促進を両立する独自の事業モデルを構築しております。また、金融機関向けを中心とした各種金融サービスに関するアプリケーション及びシステム開発等も展開しております。さらに、当社グループでは、FPコンサルティングによるライフプランニング及び資産運用支援、フィナンシャルインテリジェンスによる投資スクール・セミナー運営、並びにフィナンシャルフリーカレッジによるマネースクール運営等を通じ、幅広い金融教育サービスを提供しております。一方、近年はAI技術の革新的な進化、AIエージェントの普及、ブロックチェーン技術の発展及びデジタル金融市場の拡大を背景として、金融サービス及びそのインフラストラクチャーのデジタル化が世界的に進展しております。当社は、このような構造変化を中長期的な成長機会と捉え、AI及びブロックチェーン技術を活用した次世代金融インフラ領域へ事業を展開しております。具体的には、AI、ブロックチェーン及び新興インフラ技術への投資を成長戦略の一つとして位置付けるとともに、AIとブロックチェーン技術の融合による新たな事業機会に着目し、関連ソリューションの開発及び次世代金融教育サービスの創出を推進しております。また、これらの事業推進に向けたグローバルな戦略拠点として、香港における事業体制の整備を進めております。当社は、これらの成長戦略を実現するため、AI、ブロックチェーン及び新興インフラ技術への投資、技術基盤及びソリューションの開発・整備、香港拠点の構築・運営、次世代金融教育分野における研究開発、人材採用及び事業開発（2026年１月19日発表のブロックチェーン・インフラストラクチャー事業計画を含む）等に係る成長投資資金を確保する必要があると判断いたしました。なお、当社は2026年６月期第３四半期連結会計期間末における現金及び預金の残高が1,003百万円、流動資産合計が1,351百万円と、一定の手元流動性を有しております。他方で、今後の成長投資を推進するにあたり、財務健全性への配慮を行いつつ、機動的かつ段階的な資金調達を可能とし、既存株主の利益にも一定程度配慮した資金調達手法として、本新株予約権の発行を実施することといたしました。本第三者割当により、当社は既存事業の成長を継続しながら、新たな成長領域への投資を加速し、中長期的な企業価値及び株主価値の向上を目指してまいります。 （2） 本新株予約権の概要本新株予約権は、当社の資金需要や株価動向を総合的に判断できるようにする観点から以下の特徴が設けられています。（ア） 行使許可条項割当予定先は、本行使許可を行う前に行使することができる第７回新株予約権1,000個を除き、当社が本行使許可を行った場合に限り、本行使許可に示された数量の範囲内でのみ本新株予約権を行使できます。本行使許可は、当社取締役会の決議により、段階的に、第８回新株予約権2,000個、第９回新株予約権3,500個の順に実施されます。当社は、本行使許可を行う前に割当予定先が行使することができる第７回新株予約権1,000個すべての行使が終了しない限り、第８回新株予約権に係る本行使許可を行うことができません。また、当社は、第７回新株予約権1,000個及び第８回新株予約権2,000個すべての行使が終了しない限り、第９回新株予約権に係る本行使許可を行うことができません。当社は本行使許可を通じて本新株予約権の行使の数量及び時期を一定程度コントロールすることがで きるため、当社の事業内容の進捗、資金需要及び市場環境等を勘案しつつ、一時に大幅な株式価値の希薄化が発生することを抑制しつつ柔軟な資金調達をすることが可能となります。 （イ） 行使制限条項本新株予約権には、本新株予約権の行使により...",
2026-07-24T21:02:01+00:00,2026-07-23,2026-07-23 16:31,グリーンモンスター株式会社,E39408,157A0,訂正有価証券届出書（組込方式）,040,022001,S100YS32,臨時報告書：提出事由・発生事実,決定,XBRL_TO_CSV/jpcrp020200-srs-001_E39408-000_2025-06-30_02_2026-07-23.csv,44,"要素ID,項目名,コンテキストID,相対年度,連結・個別,期間・時点,ユニットID,単位,値",edinet_csv_zip,13594,"要素ID: jpcrp_cor:ParticularsOfNewShareSubscriptionRightsTextBlock | 項目名: 新株予約権の内容等 [テキストブロック] | コンテキストID: FilingDateInstant | 相対年度: 提出日時点 | 連結・個別: その他 | 期間・時点: 時点 | ユニットID: － | 単位: － | 値: （2） 【新株予約権の内容等】 新株予約権の目的となる株式の種類グリーンモンスター株式会社 普通株式完全議決権株式であり、権利内容に何ら限定のない当社における標準となる株式である。なお、当社の単元株式数は100株である。新株予約権の目的となる株式の数１．第７回新株予約権の目的である株式の種類及び総数は、当社普通株式100,000株（以下、「対象株式数」という。）とする（第７回新株予約権１個当たりの目的である株式の数（以下、「割当株式数」という。）は100株とする。）。但し、本欄第２項乃至第４項により割当株式数が調整される場合には、第７回新株予約権の目的である株式の総数は調整後割当株式数に応じて調整されるものとする。 ２．当社が別記「新株予約権の行使時の払込金額」欄の第３項の規定に従って行使価額の調整を行う場合には、割当株式数は次の算式により調整される。但し、かかる調整は当該時点において未行使の第７回新株予約権にかかる割当株式数についてのみ行われ、調整の結果生じる１株未満の端数は切り捨てる。なお、かかる算式における調整前行使価額及び調整後行使価額は、別記「新株予約権の行使時の払込金額」欄に定める調整前行使価額及び調整後行使価額とする。 調整後割当株式数＝調整前割当株式数×調整前行使価額調整後行使価額 ３．調整後割当株式数の適用日は、当該調整事由にかかる別記「新株予約権の行使時の払込金額」欄第３項第（2）号及び第（5）号による行使価額の調整に関し、各号に定める調整後行使価額を適用する日と同日とする。 ４．割当株式数の調整を行うときは、当社は、調整後割当株式数の適用開始日の前日までに、第７回新株予約権者に対し、かかる調整を行う旨並びにその事由、調整前割当株式数、調整後割当株式数及びその適用開始日その他必要な事項を書面で通知する。但し、適用開始日の前日までに上記通知を行うことができない場合には、適用開始日以降速やかにこれを行う。新株予約権の行使時の払込金額１．第７回新株予約権の行使に際して出資される財産の価額各第７回新株予約権の行使に際して出資される財産は金銭とし、その価額は、行使価額に割当株式数を乗じた額とする。但し、計算の結果１円未満の端数を生ずる場合は、その端数を切り上げるものとする。 ２．第７回新株予約権の行使により当社が当社普通株式を新たに発行し又はこれに代えて当社の保有する当社普通株式を処分する（以下、当社普通株式の発行又は処分を「交付」という。）場合における株式１株当たりの出資される財産の価額（以下、「行使価額」という。）は、1,250円とする。ただし、本欄第３項の規定に従って調整されるものとする。 ３．行使価額の調整 （1） 当社は、第７回新株予約権の発行後、下記第（2）号に掲げる各事由により当社の発行済株式数に変更を生じる場合又は変更を生じる可能性がある場合には、次に定める算式（以下、「行使価額調整式」という。）をもって行使価額を調整する。 既発行株式数＋交付株式数×１株あたり払込金額調整後行使価額＝調整前行使価額×１株あたりの時価既発行株式数＋交付株式数 （2） 行使価額調整式により行使価額の調整を行う場合及び調整後行使価額の適用時期については、次に定めるところによる。 ① 本項第（4）号②に定める時価を下回る払込金額をもって当社普通株式を新たに交付する場合（無償割当てによる場合を含む。）（但し、新株予約権（新株予約権付社債に付されたものを含む。）の行使、取得請求権付株式又は取得条項付株式の取得、その他当社普通株式の交付を請求できる権利の行使によって当社普通株式を交付する場合、及び会社分割、株式交換又は合併により当社普通株式を交付する場合を除く。）調整後行使価額は、払込期日（募集に際して払込期間を定めた場合はその最終日とし、無償割当ての場合はその効力発生日とする。）以降、又はかかる交付につき株主に割当てを受ける権利を与えるための基準日がある場合はその日の翌日以降これを適用する。 ② 普通株式について株式の分割をする場合調整後行使価額は、株式の分割のための基準日の翌日以降これを適用する。なお、行使価額調整式で使用する交付株式数は、株式の分割により増加する当社の普通株式数をいうものとする。 ③ 本項第（4）号②に定める時価を下回る払込金額をもって当社普通株式を交付する定めのある取得請求権付株式又は本項第（4）号②に定める時価を下回る払込金額をもって当社普通株式の交付を請求できる新株予約権（新株予約権付社債に付されたものを含む。）を発行又は付与する場合調整後行使価額は、取得請求権付株式の全部にかかる取得請求権又は新株予約権の全部が当初の条件で行使されたものとみなして行使価額調整式を適用して算出するものとし、払込期日（新株予約権の場合は割当日）以降又は（無償割当ての場合は）効力発生日以降これを適用する。但し、株主に割当てを受ける権利を与えるための基準日がある場合には、その日の翌日以降これを適用する。 ④ 当社の発行した取得条項付株式又は取得条項付新株予約権（新株予約権付社債に付されたものを含む。）の取得と引換えに本項第（4）号②に定める時価を下回る価額をもって当社普通株式を交付する場合調整後行使価額は、取得日の翌日以降これを適用する。 ⑤ 本項第（2）号①から④までの各取引において、株主に割当を受ける権利を与えるための基準日が設定され、かつ各取引の効力の発生が当該基準日以降の株主総会又は取締役会その他当社の機関の承認を条件としているときには本項（2）号①から④にかかわらず、調整後行使価額は、当該承認があった日の翌日以降、これを適用する。この場合において当該基準日の翌日から当該取引の承認があった日までに、第７回新株予約権を行使した第７回新株予約権者に対しては、次の算出方法により、当社普通株式を交付するものとする。 株式数＝（調整前行使価額－調整後行使価額）×調整前行使価額により当該期間内に交付された株式数調整後行使価額 この場合に１株未満の端数を生じるときは、これを切り捨て、現金による調整は行わない。 （3） 行使価額調整式により算出された調整後行使価額と調整前行使価額との差額が１円未満にとどまる場合は、行使価額の調整は行わない。但し、その後行使価額の調整を必要とする事由が発生し、行使価額を調整する場合には、行使価額調整式中の調整前行使価額に代えて調整前行使価額からこの差額を差し引いた額を使用する。 （4） 行使価額調整式の計算については、次に定めるところによる。 ① 円位未満小数第２位まで算出し、小数第２位を切り捨てるものとする。 ② 行使価額調整式で使用する時価は、調整後行使価額が初めて適用される日に先立つ45取引日目に始まる30取引日（終値のない日を除く。）の東京証券取引所における当社普通株式の普通取引の終値の単純平均値とする。この場合、単純平均値の計算は、円位未満小数第２位まで算出し、小数第２位を切り捨てるものとする。 ③ 行使価額調整式で使用する既発行株式数は、株主に割当てを受ける権利を与えるための基準日がある場合はその日、また、かかる基準日がない場合は、調整後行使価額を初めて適用する日の１ヶ月前の日における当社の発行済普通株式の総数から、当該日において当社の保有する当社普通株式を控除した数とする。 （5） 本項第（2）号の行使価額の調整を必要とする場合以外にも、次に掲げる場合には、当社は、必要な行使価額の調整を行う。 ① 株式の併合、資本の減少、会社分割、株式移転、株式交換又は合併のために行使価額の調整を必要とするとき。 ② その他当社の発行済普通株式数の変更又は変更の可能性が生じる事由の発生により行使価額の調整を必要とするとき。 ③ 行使価額を調整すべき複数の事由が相接して発生し、一方の事由に基づく調整後行使価額の算出にあたり使用すべき時価につき、他方の事由による影響を考慮する必要があるとき。 （6） 行使価額の調整を行うときは、当社は、調整後行使価額の適用開始日の前日までに、第７回新株予約権者に対し、かかる調整を行う旨並びにその事由、調整前行使価額、調整後行使価額及びその適用開始日その他必要な事項を書面で通知する。但し、上記通知を行うことができない場合には、適用開始日以降速やかにこれを行う。新株予約権の行使により株式を発行する場合の株式の発行価額の総額126,900,000円（注） 行使価額が調整された場合には、第７回新株予約権の行使により株式を発行する場合の株式の発行価額の総額は増加又は減少する。新株予約権の権利行使期間内に行使が行われない場合及び当社が取得した新株予約権を消却した場合には、第７回新株予約権の行使により株式を発行する場合の株式の発行価額の総額は減少する。新株予約権の行使により株式を発行する場合の株式の発行価格及び資本組入額１．新株予約権の行使により株式を発行する場合の株式１株の発行価格第７回新株予約権の行使により交付する当社普通株式１株の発行価格は、行使請求にかかる各第７回新株予約権の行使に際して払い込むべき金額の総額に、行使請求にかかる各第７回新株予約権の発行価額の総額を加えた額を、別記「新株予約権の目的となる株式の数」欄記載の対象株式数で除した額とする。 ２．新株予約権の行使により株式を発行する場合における増加する資本金及び資本準備金 第７回新株予約権の行使により当社普通株式を発行する場合において増加する資本金の額は、会社計算規則第17条第１項の規定に従い算出される資本金等増加限度額の２分の１の金額とし（計算の結果１円未満の端数を生じる場合はその端数を切り上げた額とする。）、当該資本金等増加限度額から増加する資本金の額を減じた額を増加する資本準備金の額とする。新株予約権の行使期間2026年７月31日から2028年7月30日（但し、行使期間最終日が銀行営業日でない場合にはその前銀行営業日）までの期間とする。但し、別記「組織再編成行為に伴う新株予約権の交付に関する事項」欄に定める組織再編行為をするために第７回新株予約権の行使の停止が必要である場合は、それらの効力発生日から14日以内の日に先立つ30日以内の当社が指定する期間は、第７回新株予約権を行使することはできない。この場合は、行使を停止する期間その他必要な事項を、当該期間の開始日の１ヶ月前までに通知する。新株予約権の行使請求の受付場所、取次場所及び払込取扱場所１．第７回新株予約権の行使請求の受付場所グリーンモンスター株式会社 管理部２．行使請求の取次場所該当事項なし。３．行使請求の払込取扱場所株式会社三井住友銀行 渋谷支店 新株予約権の行使の条件１．第７回新株予約権の行使により、行使に係る第７回新株予約権の新株予約権者が保有することとなる当社株式数が、第７回新株予約権の発行決議日（2026年７月15日）時点における当社発行済株式総数（3,314,900株）の10％（331,490株）（但し、別記「新株予約権の行使時の払込金額」欄の第３項記載の行使価額の調整事由が生じた場合には適切に調整される。）を超えることとなる場合の、当該10％（但し、別記「新株予約権の行使時の払込金額」欄の第３項記載の行使価額の調整事由が生じた場合には適切に調整される。）を超える部分に係る新株予約権の行使はできない。２．第７回新株予約権の行使によって、当社の発行済株式総数が当該時点における授権株式数を超過することとなるときは、当該第７回新株予約権の行使を行うことはできない。３．各第７回新株予約権の一部行使はできない。自己新株予約権の取得の事由及び取得の条件第７回新株予約権の割当日から６ヶ月を経過した日以降いつでも、当社は取締役会により第７回新株予約権を取得する旨及び第７回新株予約権を取得する日（以下、「取得日」という。）を決議することができる。当社は、当該取締役会決議の後、取得の対象となる第７回新株予約権の新株予約権者に対し、取得日の通知又は公告を当該取得日の20営業日前までに行うことにより、取得日の到来をもって、第７回新株予約権１個につき第７回新株予約権１個当たりの払込金額と同額で、当該取得日に残存する第７回新株予約権の全部又は一部を取得することができる。第７回新株予約権の一部の取得をする場合には、按分比例、抽選その他の合理的な方法により行うものとする。新株予約権の譲渡に関する事項第７回新株予約権の譲渡については、当社取締役会の承認を要するものとする。代用払込みに関する事項該当事項なし。組織再編成行為に伴う新株予約権の交付に関する事項当社が吸収合併消滅会社となる吸収合併、新設合併消滅会社となる新設合併、吸収分割会社となる吸収分割、新設分割会社となる新設分割、株式交換完全子会社となる株式交換、又は株式移転完全子会社となる株式移転（以下、「組織再編行為」と総称する。）を行う場合は、当該組織再編行為の効力発生日の直前において残存する第７回新株予約権に代わり、それぞれ吸収合併存続会社、新設合併設立会社、吸収分割承継会社、新設分割設立会社、株式交換完全親会社又は株式移転設立完全親会社（以下、「再編当事会社」と総称する。）は以下の条件に基づき第７回新株予約権にかかる新株予約権者に新たに新株予約権を交付するものとする。① 新たに交付される新株予約権の数新株予約権者が有する第７回新株予約権の数をもとに、組織再編行為の条件等を勘案して合理的に調整する。調整後の１個未満の端数は切り捨てる。② 新たに交付される新株予約権の目的たる株式の種類再編当事会社の同種の株式③ 新たに交付される新株予約権の目的たる株式の数の算定方法組織再編行為の条件等を勘案して合理的に調整する。調整後の１株未満の端数は切り上げる。④ 新たに交付される新株予約権の行使に際して出資される財産の価額組織再編行為の条件等を勘案して合理的に調整する。調整後の１円未満の端数は切り上げる。⑤ 新たに交付される新株予約権にかかる行使期間、当該新株予約権の行使により株式を発行する場合における増加する資本金及び資本準備金、再編当事会社による当該新株予約権の取得事由、組織再編行為の場合の新株予約権の交付、新株予約権証券及び行使の条件第７回新株予約権の内容に準じて、組織再編行為に際して決定する。⑥ 新たに交付される新株予約権の譲渡による取得の制限新たに交付される新株予約権の譲渡による取得については、再編当事会社の取締役会の承認を要する。 （注） １．本新株予約権の発行により資金の調達をしようとする理由 （1） 資金調達の目的当社は、「おかねに対する意識と行動を変える」をミッションに掲げ、金融教育コンテンツ及び体験型金融教育アプリの提供を通じて、個人投資家層を中心としたユーザー基盤の拡大を推進してまいりました。主力サービスである「FXなび」、「株たす」、「トウシカ」等を中心に、累計ダウンロード数は1,050万件（2026年３月末）を超えており、金融リテラシー向上と金融サービス利用促進を両立する独自の事業モデルを構築しております。また、金融機関向けを中心とした各種金融サービスに関するアプリケーション及びシステム開発等も展開しております。さらに、当社グループでは、FPコンサルティングによるライフプランニング及び資産運用支援、フィナンシャルインテリジェンスによる投資スクール・セミナー運営、並びにフィナンシャルフリーカレッジによるマネースクール運営等を通じ、幅広い金融教育サービスを提供しております。一方、近年はAI技術の革新的な進化、AIエージェントの普及、ブロックチェーン技術の発展及びデジタル金融市場の拡大を背景として、金融サービス及びそのインフラストラクチャーのデジタル化が世界的に進展しております。当社は、このような構造変化を中長期的な成長機会と捉え、AI及びブロックチェーン技術を活用した次世代金融インフラ領域へ事業を展開しております。具体的には、AI、ブロックチェーン及び新興インフラ技術への投資を成長戦略の一つとして位置付けるとともに、AIとブロックチェーン技術の融合による新たな事業機会に着目し、関連ソリューションの開発及び次世代金融教育サービスの創出を推進しております。また、これらの事業推進に向けたグローバルな戦略拠点として、香港における事業体制の整備を進めております。当社は、これらの成長戦略を実現するため、AI、ブロックチェーン及び新興インフラ技術への投資、技術基盤及びソリューションの開発・整備、香港拠点の構築・運営、次世代金融教育分野における研究開発、人材採用及び事業開発（2026年１月19日発表のブロックチェーン・インフラストラクチャー事業計画を含む）等に係る成長投資資金を確保する必要があると判断いたしました。なお、当社は2026年６月期第３四半期連結会計期間末における現金及び預金の残高が1,003百万円、流動資産合計が1,351百万円と、一定の手元流動性を有しております。他方で、今後の成長投資を推進するにあたり、財務健全性への配慮を行いつつ、機動的かつ段階的な資金調達を可能とし、既存株主の利益にも一定程度配慮した資金調達手法として、本新株予約権の発行を実施することといたしました。本第三者割当により、当社は既存事業の成長を継続しながら、新たな成長領域への投資を加速し、中長期的な企業価値及び株主価値の向上を目指してまいります。 （2） 本新株予約権の概要本新株予約権は、当社の資金需要や株価動向を総合的に判断できるようにする観点から以下の特徴が設けられています。（ア） 行使許可条項割当予定先は、本行使許可を行う前に行使することができる第７回新株予約権1,000個を除き、当社が本行使許可を行った場合に限り、本行使許可に示された数量の範囲内でのみ本新株予約権を行使できます。本行使許可は、当社取締役会の決議により、段階的に、第８回新株予約権2,000個、第９回新株予約権3,500個の順に実施されます。当社は、本行使許可を行う前に割当予定先が行使することができる第７回新株予約権1,000個すべての行使が終了しない限り、第８回新株予約権に係る本行使許可を行うことができません。また、当社は、第７回新株予約権1,000個及び第８回新株予約権2,000個すべての行使が終了しない限り、第９回新株予約権に係る本行使許可を行うことができません。当社は本行使許可を通じて本新株予約権の行使の数量及び時期を一定程度コントロールすることがで きるため、当社の事業内容の進捗、資金需要及び市場環境等を勘案しつつ、一時に大幅な株式価値の希薄化が発生することを抑制しつつ柔軟な資金調達をすることが可能となります。 （イ） 行使制限条項本新株予約権には、本新株予約権の行使により...",
2026-07-24T21:02:01+00:00,2026-07-23,2026-07-23 16:31,グリーンモンスター株式会社,E39408,157A0,訂正有価証券届出書（組込方式）,040,022001,S100YS32,大量保有：保有割合・増減,増加,XBRL_TO_CSV/jpcrp020200-srs-001_E39408-000_2025-06-30_02_2026-07-23.csv,47,"要素ID,コンテキストID,相対年度,連結・個別,期間・時点,ユニットID,単位,値",edinet_csv_zip,7273,"要素ID: jpcrp020200-srs_E39408-000:ParticularsOfNewShareSubscriptionRights2TextBlock | コンテキストID: FilingDateInstant | 相対年度: 提出日時点 | 連結・個別: その他 | 期間・時点: 時点 | ユニットID: － | 単位: － | 値: （2） 【新株予約権の内容等】 新株予約権の目的となる株式の種類グリーンモンスター株式会社 普通株式完全議決権株式であり、権利内容に何ら限定のない当社における標準となる株式である。なお、当社の単元株式数は100株である。新株予約権の目的となる株式の数１．第８回新株予約権の目的である株式の種類及び総数は、当社普通株式200,000株（以下、「対象株式数」という。）とする（第８回新株予約権１個当たりの目的である株式の数（以下、「割当株式数」という。）は100株とする。）。但し、本欄第２項乃至第４項により割当株式数が調整される場合には、第８回新株予約権の目的である株式の総数は調整後割当株式数に応じて調整されるものとする。 ２．当社が別記「新株予約権の行使時の払込金額」欄の第３項の規定に従って行使価額の調整を行う場合には、割当株式数は次の算式により調整される。但し、かかる調整は当該時点において未行使の第８回新株予約権にかかる割当株式数についてのみ行われ、調整の結果生じる１株未満の端数は切り捨てる。なお、かかる算式における調整前行使価額及び調整後行使価額は、別記「新株予約権の行使時の払込金額」欄に定める調整前行使価額及び調整後行使価額とする。 調整後割当株式数＝調整前割当株式数×調整前行使価額調整後行使価額 ３．調整後割当株式数の適用日は、当該調整事由にかかる別記「新株予約権の行使時の払込金額」欄第３項第（2）号及び第（5）号による行使価額の調整に関し、各号に定める調整後行使価額を適用する日と同日とする。 ４．割当株式数の調整を行うときは、当社は、調整後割当株式数の適用開始日の前日までに、第８回新株予約権者に対し、かかる調整を行う旨並びにその事由、調整前割当株式数、調整後割当株式数及びその適用開始日その他必要な事項を書面で通知する。但し、適用開始日の前日までに上記通知を行うことができない場合には、適用開始日以降速やかにこれを行う。新株予約権の行使時の払込金額１．第８回新株予約権の行使に際して出資される財産の価額各第８回新株予約権の行使に際して出資される財産は金銭とし、その価額は、行使価額に割当株式数を乗じた額とする。但し、計算の結果１円未満の端数を生ずる場合は、その端数を切り上げるものとする。 ２．第８回新株予約権の行使により当社が当社普通株式を新たに発行し又はこれに代えて当社の保有する当社普通株式を処分する（以下、当社普通株式の発行又は処分を「交付」という。）場合における株式１株当たりの出資される財産の価額（以下、「行使価額」という。）は、2,050円とする。ただし、本欄第３項の規定に従って調整されるものとする。 ３．行使価額の調整 （1） 当社は、第８回新株予約権の発行後、下記第（2）号に掲げる各事由により当社の発行済株式数に変更を生じる場合又は変更を生じる可能性がある場合には、次に定める算式（以下、「行使価額調整式」という。）をもって行使価額を調整する。 既発行株式数＋交付株式数×１株あたり払込金額調整後行使価額＝調整前行使価額×１株あたりの時価既発行株式数＋交付株式数 （2） 行使価額調整式により行使価額の調整を行う場合及び調整後行使価額の適用時期については、次に定めるところによる。 ① 本項第（4）号②に定める時価を下回る払込金額をもって当社普通株式を新たに交付する場合（無償割当てによる場合を含む。）（但し、新株予約権（新株予約権付社債に付されたものを含む。）の行使、取得請求権付株式又は取得条項付株式の取得、その他当社普通株式の交付を請求できる権利の行使によって当社普通株式を交付する場合、及び会社分割、株式交換又は合併により当社普通株式を交付する場合を除く。）調整後行使価額は、払込期日（募集に際して払込期間を定めた場合はその最終日とし、無償割当ての場合はその効力発生日とする。）以降、又はかかる交付につき株主に割当てを受ける権利を与えるための基準日がある場合はその日の翌日以降これを適用する。 ② 普通株式について株式の分割をする場合調整後行使価額は、株式の分割のための基準日の翌日以降これを適用する。なお、行使価額調整式で使用する交付株式数は、株式の分割により増加する当社の普通株式数をいうものとする。 ③ 本項第（4）号②に定める時価を下回る払込金額をもって当社普通株式を交付する定めのある取得請求権付株式又は本項第（4）号②に定める時価を下回る払込金額をもって当社普通株式の交付を請求できる新株予約権（新株予約権付社債に付されたものを含む。）を発行又は付与する場合調整後行使価額は、取得請求権付株式の全部にかかる取得請求権又は新株予約権の全部が当初の条件で行使されたものとみなして行使価額調整式を適用して算出するものとし、払込期日（新株予約権の場合は割当日）以降又は（無償割当ての場合は）効力発生日以降これを適用する。但し、株主に割当てを受ける権利を与えるための基準日がある場合には、その日の翌日以降これを適用する。 ④ 当社の発行した取得条項付株式又は取得条項付新株予約権（新株予約権付社債に付されたものを含む。）の取得と引換えに本項第（4）号②に定める時価を下回る価額をもって当社普通株式を交付する場合調整後行使価額は、取得日の翌日以降これを適用する。 ⑤ 本項第（2）号①から④までの各取引において、株主に割当を受ける権利を与えるための基準日が設定され、かつ各取引の効力の発生が当該基準日以降の株主総会又は取締役会その他当社の機関の承認を条件としているときには本項（2）号①から④にかかわらず、調整後行使価額は、当該承認があった日の翌日以降、これを適用する。この場合において当該基準日の翌日から当該取引の承認があった日までに、第８回新株予約権を行使した第８回新株予約権者に対しては、次の算出方法により、当社普通株式を交付するものとする。 株式数＝（調整前行使価額－調整後行使価額）×調整前行使価額により当該期間内に交付された株式数調整後行使価額 この場合に１株未満の端数を生じるときは、これを切り捨て、現金による調整は行わない。 （3） 行使価額調整式により算出された調整後行使価額と調整前行使価額との差額が１円未満にとどまる場合は、行使価額の調整は行わない。但し、その後行使価額の調整を必要とする事由が発生し、行使価額を調整する場合には、行使価額調整式中の調整前行使価額に代えて調整前行使価額からこの差額を差し引いた額を使用する。 （4） 行使価額調整式の計算については、次に定めるところによる。 ① 円位未満小数第２位まで算出し、小数第２位を切り捨てるものとする。 ② 行使価額調整式で使用する時価は、調整後行使価額が初めて適用される日に先立つ45取引日目に始まる30取引日（終値のない日を除く。）の東京証券取引所における当社普通株式の普通取引の終値の単純平均値とする。この場合、単純平均値の計算は、円位未満小数第２位まで算出し、小数第２位を切り捨てるものとする。 ③ 行使価額調整式で使用する既発行株式数は、株主に割当てを受ける権利を与えるための基準日がある場合はその日、また、かかる基準日がない場合は、調整後行使価額を初めて適用する日の１ヶ月前の日における当社の発行済普通株式の総数から、当該日において当社の保有する当社普通株式を控除した数とする。 （5） 本項第（2）号の行使価額の調整を必要とする場合以外にも、次に掲げる場合には、当社は、必要な行使価額の調整を行う。 ① 株式の併合、資本の減少、会社分割、株式移転、株式交換又は合併のために行使価額の調整を必要とするとき。 ② その他当社の発行済普通株式数の変更又は変更の可能性が生じる事由の発生により行使価額の調整を必要とするとき。 ③ 行使価額を調整すべき複数の事由が相接して発生し、一方の事由に基づく調整後行使価額の算出にあたり使用すべき時価につき、他方の事由による影響を考慮する必要があるとき。 （6） 行使価額の調整を行うときは、当社は、調整後行使価額の適用開始日の前日までに、第８回新株予約権者に対し、かかる調整を行う旨並びにその事由、調整前行使価額、調整後行使価額及びその適用開始日その他必要な事項を書面で通知する。但し、上記通知を行うことができない場合には、適用開始日以降速やかにこれを行う。新株予約権の行使により株式を発行する場合の株式の発行価額の総額411,260,000円（注） 行使価額が調整された場合には、第８回新株予約権の行使により株式を発行する場合の株式の発行価額の総額は増加又は減少する。新株予約権の権利行使期間内に行使が行われない場合及び当社が取得した新株予約権を消却した場合には、第８回新株予約権の行使により株式を発行する場合の株式の発行価額の総額は減少する。新株予約権の行使により株式を発行する場合の株式の発行価格及び資本組入額１．新株予約権の行使により株式を発行する場合の株式１株の発行価格第８回新株予約権の行使により交付する当社普通株式１株の発行価格は、行使請求にかかる各第８回新株予約権の行使に際して払い込むべき金額の総額に、行使請求にかかる各第８回新株予約権の発行価額の総額を加えた額を、別記「新株予約権の目的となる株式の数」欄記載の対象株式数で除した額とする。 ２．新株予約権の行使により株式を発行する場合における増加する資本金及び資本準備金 第８回新株予約権の行使により当社普通株式を発行する場合において増加する資本金の額は、会社計算規則第17条第１項の規定に従い算出される資本金等増加限度額の２分の１の金額とし（計算の結果１円未満の端数を生じる場合はその端数を切り上げた額とする。）、当該資本金等増加限度額から増加する資本金の額を減じた額を増加する資本準備金の額とする。新株予約権の行使期間2026年７月31日から2028年７月30日（但し、行使期間最終日が銀行営業日でない場合にはその前銀行営業日）までの期間とする。但し、別記「組織再編成行為に伴う新株予約権の交付に関する事項」欄に定める組織再編行為をするために第８回新株予約権の行使の停止が必要である場合は、それらの効力発生日から14日以内の日に先立つ30日以内の当社が指定する期間は、第８回新株予約権を行使することはできない。この場合は、行使を停止する期間その他必要な事項を、当該期間の開始日の１ヶ月前までに通知する。新株予約権の行使請求の受付場所、取次場所及び払込取扱場所１．第８回新株予約権の行使請求の受付場所グリーンモンスター株式会社 管理部２．行使請求の取次場所該当事項なし。３．行使請求の払込取扱場所株式会社三井住友銀行 渋谷支店 新株予約権の行使の条件１．第８回新株予約権の行使により、行使に係る第８回新株予約権の新株予約権者が保有することとなる当社株式数が、第８回新株予約権の発行決議日（2026年７月15日）時点における当社発行済株式総数（3,314,900株）の10％（331,490株）（但し、別記「新株予約権の行使時の払込金額」欄の第３項記載の行使価額の調整事由が生じた場合には適切に調整される。）を超えることとなる場合の、当該10％（但し、別記「新株予約権の行使時の払込金額」欄の第３項記載の行使価額の調整事由が生じた場合には適切に調整される。）を超える部分に係る新株予約権の行使はできない。２．第８回新株予約権の行使によって、当社の発行済株式総数が当該時点における授権株式数を超過することとなるときは、当該第８回新株予約権の行使を行うことはできない。３．各第８回新株予約権の一部行使はできない。自己新株予約権の取得の事由及び取得の条件第８回新株予約権の割当日から６ヶ月を経過した日以降いつでも、当社は取締役会により第８回新株予約権を取得する旨及び第８回新株予約権を取得する日（以下、「取得日」という。）を決議することができる。当社は、当該取締役会決議の後、取得の対象となる第８回新株予約権の新株予約権者に対し、取得日の通知又は公告を当該取得日の20営業日前までに行うことにより、取得日の到来をもって、第８回新株予約権１個につき第８回新株予約権１個当たりの払込金額と同額で、当該取得日に残存する第８回新株予約権の全部又は一部を取得することができる。第８回新株予約権の一部の取得をする場合には、按分比例、抽選その他の合理的な方法により行うものとする。新株予約権の譲渡に関する事項第８回新株予約権の譲渡については、当社取締役会の承認を要するものとする。代用払込みに関する事項該当事項なし。組織再編成行為に伴う新株予約権の交付に関する事項当社が吸収合併消滅会社となる吸収合併、新設合併消滅会社となる新設合併、吸収分割会社となる吸収分割、新設分割会社となる新設分割、株式交換完全子会社となる株式交換、又は株式移転完全子会社となる株式移転（以下、「組織再編行為」と総称する。）を行う場合は、当該組織再編行為の効力発生日の直前において残存する第８回新株予約権に代わり、それぞれ吸収合併存続会社、新設合併設立会社、吸収分割承継会社、新設分割設立会社、株式交換完全親会社又は株式移転設立完全親会社（以下、「再編当事会社」と総称する。）は以下の条件に基づき第８回新株予約権にかかる新株予約権者に新たに新株予約権を交付するものとする。① 新たに交付される新株予約権の数新株予約権者が有する第８回新株予約権の数をもとに、組織再編行為の条件等を勘案して合理的に調整する。調整後の１個未満の端数は切り捨てる。② 新たに交付される新株予約権の目的たる株式の種類再編当事会社の同種の株式③ 新たに交付される新株予約権の目的たる株式の数の算定方法組織再編行為の条件等を勘案して合理的に調整する。調整後の１株未満の端数は切り上げる。④ 新たに交付される新株予約権の行使に際して出資される財産の価額組織再編行為の条件等を勘案して合理的に調整する。調整後の１円未満の端数は切り上げる。⑤ 新たに交付される新株予約権にかかる行使期間、当該新株予約権の行使により株式を発行する場合における増加する資本金及び資本準備金、再編当事会社による当該新株予約権の取得事由、組織再編行為の場合の新株予約権の交付、新株予約権証券及び行使の条件第８回新株予約権の内容に準じて、組織再編行為に際して決定する。⑥ 新たに交付される新株予約権の譲渡による取得の制限新たに交付される新株予約権の譲渡による取得については、再編当事会社の取締役会の承認を要する。 （注） １．本新株予約権の発行により資金の調達をしようとする理由上記「１ 新規発行新株予約権証券（第７回新株予約権証券） （2） 新株予約権の内容等 （注）１．本新株予約権の発行により資金の調達をしようとする理由」を参照。２．第８回新株予約権の行使請求の方法（1） 第８回新株予約権を行使請求しようとする第８回新株予約権者は、当社の定める行使請求書に、自己の氏名又は名称及び住所、自己のために開設された当社普通株式の振替を行うための口座（社債、株式等の振替に関する法律（以下「振替法」といいます。）第131条第３項に定める特別口座を除きます。）のコードその他必要事項を記載してこれに記名捺印したうえ、別記「新株予約権の行使期間」に定める行使期間中に別記「新株予約権の行使請求の受付場所、取次場所及び払込取扱場所」欄第１項記載の行使請求受付場所に提出し、かつ、かかる行使請求の対象となった第８回新株予約権の数に行使価額及び割当株式数を乗じた金額を現金にて別記「新株予約権の行使請求の受付場所、取次場所及び払込取扱場所」欄第３項に定める払込取扱場所の当社が指定する口座（以下「指定口座」という。）に振り込むものとします。（2） 本項に従い行使請求を行った者は、その後これを撤回することはできません。（3） 第８回新株予約権の行使請求の効力は、行使請求に必要な全ての書類が、不備なく別記「新株予約権の行使請求の受付場所、取次場所及び払込取扱場所」記載の「新株予約権の行使請求の受付場所」に提出され、かつ当該第８回新株予約権の行使に際して出資される財産の価額の全額が別記「新株予約権の行使請求の受付場所、取次場所及び払込取扱場所」欄第３項に定める当社の指定する口座に入金された日に発生するものとします。（4） 当社は、第８回新株予約権の行使請求の効力発生後速やかに振替法第130条第１項に定めるところに従い、振替機関に対し、当該第８回新株予約権の行使により交付される当社普通株式の新規記録情報を通知します。３．第８回新株予約権に係る株式の交付方法当社は、行使請求の効力発生後、第８回新株予約権者が指定する振替機関又は口座管理機関における振替口座簿の保有欄に振替株式の増加の記録を行うことにより株式を交付します。なお、当社は第８回新株予約権に係る新株予約権証券を発行しません。４．社債、株式等の振替に関する法律の適用等第８回新株予約権は、社債、株式等の振替に関する法律に定める振替新株予約権ではございません。",
2026-07-24T21:02:01+00:00,2026-07-23,2026-07-23 16:31,グリーンモンスター株式会社,E39408,157A0,訂正有価証券届出書（組込方式）,040,022001,S100YS32,臨時報告書：提出事由・発生事実,決定,XBRL_TO_CSV/jpcrp020200-srs-001_E39408-000_2025-06-30_02_2026-07-23.csv,47,"要素ID,コンテキストID,相対年度,連結・個別,期間・時点,ユニットID,単位,値",edinet_csv_zip,7273,"要素ID: jpcrp020200-srs_E39408-000:ParticularsOfNewShareSubscriptionRights2TextBlock | コンテキストID: FilingDateInstant | 相対年度: 提出日時点 | 連結・個別: その他 | 期間・時点: 時点 | ユニットID: － | 単位: － | 値: （2） 【新株予約権の内容等】 新株予約権の目的となる株式の種類グリーンモンスター株式会社 普通株式完全議決権株式であり、権利内容に何ら限定のない当社における標準となる株式である。なお、当社の単元株式数は100株である。新株予約権の目的となる株式の数１．第８回新株予約権の目的である株式の種類及び総数は、当社普通株式200,000株（以下、「対象株式数」という。）とする（第８回新株予約権１個当たりの目的である株式の数（以下、「割当株式数」という。）は100株とする。）。但し、本欄第２項乃至第４項により割当株式数が調整される場合には、第８回新株予約権の目的である株式の総数は調整後割当株式数に応じて調整されるものとする。 ２．当社が別記「新株予約権の行使時の払込金額」欄の第３項の規定に従って行使価額の調整を行う場合には、割当株式数は次の算式により調整される。但し、かかる調整は当該時点において未行使の第８回新株予約権にかかる割当株式数についてのみ行われ、調整の結果生じる１株未満の端数は切り捨てる。なお、かかる算式における調整前行使価額及び調整後行使価額は、別記「新株予約権の行使時の払込金額」欄に定める調整前行使価額及び調整後行使価額とする。 調整後割当株式数＝調整前割当株式数×調整前行使価額調整後行使価額 ３．調整後割当株式数の適用日は、当該調整事由にかかる別記「新株予約権の行使時の払込金額」欄第３項第（2）号及び第（5）号による行使価額の調整に関し、各号に定める調整後行使価額を適用する日と同日とする。 ４．割当株式数の調整を行うときは、当社は、調整後割当株式数の適用開始日の前日までに、第８回新株予約権者に対し、かかる調整を行う旨並びにその事由、調整前割当株式数、調整後割当株式数及びその適用開始日その他必要な事項を書面で通知する。但し、適用開始日の前日までに上記通知を行うことができない場合には、適用開始日以降速やかにこれを行う。新株予約権の行使時の払込金額１．第８回新株予約権の行使に際して出資される財産の価額各第８回新株予約権の行使に際して出資される財産は金銭とし、その価額は、行使価額に割当株式数を乗じた額とする。但し、計算の結果１円未満の端数を生ずる場合は、その端数を切り上げるものとする。 ２．第８回新株予約権の行使により当社が当社普通株式を新たに発行し又はこれに代えて当社の保有する当社普通株式を処分する（以下、当社普通株式の発行又は処分を「交付」という。）場合における株式１株当たりの出資される財産の価額（以下、「行使価額」という。）は、2,050円とする。ただし、本欄第３項の規定に従って調整されるものとする。 ３．行使価額の調整 （1） 当社は、第８回新株予約権の発行後、下記第（2）号に掲げる各事由により当社の発行済株式数に変更を生じる場合又は変更を生じる可能性がある場合には、次に定める算式（以下、「行使価額調整式」という。）をもって行使価額を調整する。 既発行株式数＋交付株式数×１株あたり払込金額調整後行使価額＝調整前行使価額×１株あたりの時価既発行株式数＋交付株式数 （2） 行使価額調整式により行使価額の調整を行う場合及び調整後行使価額の適用時期については、次に定めるところによる。 ① 本項第（4）号②に定める時価を下回る払込金額をもって当社普通株式を新たに交付する場合（無償割当てによる場合を含む。）（但し、新株予約権（新株予約権付社債に付されたものを含む。）の行使、取得請求権付株式又は取得条項付株式の取得、その他当社普通株式の交付を請求できる権利の行使によって当社普通株式を交付する場合、及び会社分割、株式交換又は合併により当社普通株式を交付する場合を除く。）調整後行使価額は、払込期日（募集に際して払込期間を定めた場合はその最終日とし、無償割当ての場合はその効力発生日とする。）以降、又はかかる交付につき株主に割当てを受ける権利を与えるための基準日がある場合はその日の翌日以降これを適用する。 ② 普通株式について株式の分割をする場合調整後行使価額は、株式の分割のための基準日の翌日以降これを適用する。なお、行使価額調整式で使用する交付株式数は、株式の分割により増加する当社の普通株式数をいうものとする。 ③ 本項第（4）号②に定める時価を下回る払込金額をもって当社普通株式を交付する定めのある取得請求権付株式又は本項第（4）号②に定める時価を下回る払込金額をもって当社普通株式の交付を請求できる新株予約権（新株予約権付社債に付されたものを含む。）を発行又は付与する場合調整後行使価額は、取得請求権付株式の全部にかかる取得請求権又は新株予約権の全部が当初の条件で行使されたものとみなして行使価額調整式を適用して算出するものとし、払込期日（新株予約権の場合は割当日）以降又は（無償割当ての場合は）効力発生日以降これを適用する。但し、株主に割当てを受ける権利を与えるための基準日がある場合には、その日の翌日以降これを適用する。 ④ 当社の発行した取得条項付株式又は取得条項付新株予約権（新株予約権付社債に付されたものを含む。）の取得と引換えに本項第（4）号②に定める時価を下回る価額をもって当社普通株式を交付する場合調整後行使価額は、取得日の翌日以降これを適用する。 ⑤ 本項第（2）号①から④までの各取引において、株主に割当を受ける権利を与えるための基準日が設定され、かつ各取引の効力の発生が当該基準日以降の株主総会又は取締役会その他当社の機関の承認を条件としているときには本項（2）号①から④にかかわらず、調整後行使価額は、当該承認があった日の翌日以降、これを適用する。この場合において当該基準日の翌日から当該取引の承認があった日までに、第８回新株予約権を行使した第８回新株予約権者に対しては、次の算出方法により、当社普通株式を交付するものとする。 株式数＝（調整前行使価額－調整後行使価額）×調整前行使価額により当該期間内に交付された株式数調整後行使価額 この場合に１株未満の端数を生じるときは、これを切り捨て、現金による調整は行わない。 （3） 行使価額調整式により算出された調整後行使価額と調整前行使価額との差額が１円未満にとどまる場合は、行使価額の調整は行わない。但し、その後行使価額の調整を必要とする事由が発生し、行使価額を調整する場合には、行使価額調整式中の調整前行使価額に代えて調整前行使価額からこの差額を差し引いた額を使用する。 （4） 行使価額調整式の計算については、次に定めるところによる。 ① 円位未満小数第２位まで算出し、小数第２位を切り捨てるものとする。 ② 行使価額調整式で使用する時価は、調整後行使価額が初めて適用される日に先立つ45取引日目に始まる30取引日（終値のない日を除く。）の東京証券取引所における当社普通株式の普通取引の終値の単純平均値とする。この場合、単純平均値の計算は、円位未満小数第２位まで算出し、小数第２位を切り捨てるものとする。 ③ 行使価額調整式で使用する既発行株式数は、株主に割当てを受ける権利を与えるための基準日がある場合はその日、また、かかる基準日がない場合は、調整後行使価額を初めて適用する日の１ヶ月前の日における当社の発行済普通株式の総数から、当該日において当社の保有する当社普通株式を控除した数とする。 （5） 本項第（2）号の行使価額の調整を必要とする場合以外にも、次に掲げる場合には、当社は、必要な行使価額の調整を行う。 ① 株式の併合、資本の減少、会社分割、株式移転、株式交換又は合併のために行使価額の調整を必要とするとき。 ② その他当社の発行済普通株式数の変更又は変更の可能性が生じる事由の発生により行使価額の調整を必要とするとき。 ③ 行使価額を調整すべき複数の事由が相接して発生し、一方の事由に基づく調整後行使価額の算出にあたり使用すべき時価につき、他方の事由による影響を考慮する必要があるとき。 （6） 行使価額の調整を行うときは、当社は、調整後行使価額の適用開始日の前日までに、第８回新株予約権者に対し、かかる調整を行う旨並びにその事由、調整前行使価額、調整後行使価額及びその適用開始日その他必要な事項を書面で通知する。但し、上記通知を行うことができない場合には、適用開始日以降速やかにこれを行う。新株予約権の行使により株式を発行する場合の株式の発行価額の総額411,260,000円（注） 行使価額が調整された場合には、第８回新株予約権の行使により株式を発行する場合の株式の発行価額の総額は増加又は減少する。新株予約権の権利行使期間内に行使が行われない場合及び当社が取得した新株予約権を消却した場合には、第８回新株予約権の行使により株式を発行する場合の株式の発行価額の総額は減少する。新株予約権の行使により株式を発行する場合の株式の発行価格及び資本組入額１．新株予約権の行使により株式を発行する場合の株式１株の発行価格第８回新株予約権の行使により交付する当社普通株式１株の発行価格は、行使請求にかかる各第８回新株予約権の行使に際して払い込むべき金額の総額に、行使請求にかかる各第８回新株予約権の発行価額の総額を加えた額を、別記「新株予約権の目的となる株式の数」欄記載の対象株式数で除した額とする。 ２．新株予約権の行使により株式を発行する場合における増加する資本金及び資本準備金 第８回新株予約権の行使により当社普通株式を発行する場合において増加する資本金の額は、会社計算規則第17条第１項の規定に従い算出される資本金等増加限度額の２分の１の金額とし（計算の結果１円未満の端数を生じる場合はその端数を切り上げた額とする。）、当該資本金等増加限度額から増加する資本金の額を減じた額を増加する資本準備金の額とする。新株予約権の行使期間2026年７月31日から2028年７月30日（但し、行使期間最終日が銀行営業日でない場合にはその前銀行営業日）までの期間とする。但し、別記「組織再編成行為に伴う新株予約権の交付に関する事項」欄に定める組織再編行為をするために第８回新株予約権の行使の停止が必要である場合は、それらの効力発生日から14日以内の日に先立つ30日以内の当社が指定する期間は、第８回新株予約権を行使することはできない。この場合は、行使を停止する期間その他必要な事項を、当該期間の開始日の１ヶ月前までに通知する。新株予約権の行使請求の受付場所、取次場所及び払込取扱場所１．第８回新株予約権の行使請求の受付場所グリーンモンスター株式会社 管理部２．行使請求の取次場所該当事項なし。３．行使請求の払込取扱場所株式会社三井住友銀行 渋谷支店 新株予約権の行使の条件１．第８回新株予約権の行使により、行使に係る第８回新株予約権の新株予約権者が保有することとなる当社株式数が、第８回新株予約権の発行決議日（2026年７月15日）時点における当社発行済株式総数（3,314,900株）の10％（331,490株）（但し、別記「新株予約権の行使時の払込金額」欄の第３項記載の行使価額の調整事由が生じた場合には適切に調整される。）を超えることとなる場合の、当該10％（但し、別記「新株予約権の行使時の払込金額」欄の第３項記載の行使価額の調整事由が生じた場合には適切に調整される。）を超える部分に係る新株予約権の行使はできない。２．第８回新株予約権の行使によって、当社の発行済株式総数が当該時点における授権株式数を超過することとなるときは、当該第８回新株予約権の行使を行うことはできない。３．各第８回新株予約権の一部行使はできない。自己新株予約権の取得の事由及び取得の条件第８回新株予約権の割当日から６ヶ月を経過した日以降いつでも、当社は取締役会により第８回新株予約権を取得する旨及び第８回新株予約権を取得する日（以下、「取得日」という。）を決議することができる。当社は、当該取締役会決議の後、取得の対象となる第８回新株予約権の新株予約権者に対し、取得日の通知又は公告を当該取得日の20営業日前までに行うことにより、取得日の到来をもって、第８回新株予約権１個につき第８回新株予約権１個当たりの払込金額と同額で、当該取得日に残存する第８回新株予約権の全部又は一部を取得することができる。第８回新株予約権の一部の取得をする場合には、按分比例、抽選その他の合理的な方法により行うものとする。新株予約権の譲渡に関する事項第８回新株予約権の譲渡については、当社取締役会の承認を要するものとする。代用払込みに関する事項該当事項なし。組織再編成行為に伴う新株予約権の交付に関する事項当社が吸収合併消滅会社となる吸収合併、新設合併消滅会社となる新設合併、吸収分割会社となる吸収分割、新設分割会社となる新設分割、株式交換完全子会社となる株式交換、又は株式移転完全子会社となる株式移転（以下、「組織再編行為」と総称する。）を行う場合は、当該組織再編行為の効力発生日の直前において残存する第８回新株予約権に代わり、それぞれ吸収合併存続会社、新設合併設立会社、吸収分割承継会社、新設分割設立会社、株式交換完全親会社又は株式移転設立完全親会社（以下、「再編当事会社」と総称する。）は以下の条件に基づき第８回新株予約権にかかる新株予約権者に新たに新株予約権を交付するものとする。① 新たに交付される新株予約権の数新株予約権者が有する第８回新株予約権の数をもとに、組織再編行為の条件等を勘案して合理的に調整する。調整後の１個未満の端数は切り捨てる。② 新たに交付される新株予約権の目的たる株式の種類再編当事会社の同種の株式③ 新たに交付される新株予約権の目的たる株式の数の算定方法組織再編行為の条件等を勘案して合理的に調整する。調整後の１株未満の端数は切り上げる。④ 新たに交付される新株予約権の行使に際して出資される財産の価額組織再編行為の条件等を勘案して合理的に調整する。調整後の１円未満の端数は切り上げる。⑤ 新たに交付される新株予約権にかかる行使期間、当該新株予約権の行使により株式を発行する場合における増加する資本金及び資本準備金、再編当事会社による当該新株予約権の取得事由、組織再編行為の場合の新株予約権の交付、新株予約権証券及び行使の条件第８回新株予約権の内容に準じて、組織再編行為に際して決定する。⑥ 新たに交付される新株予約権の譲渡による取得の制限新たに交付される新株予約権の譲渡による取得については、再編当事会社の取締役会の承認を要する。 （注） １．本新株予約権の発行により資金の調達をしようとする理由上記「１ 新規発行新株予約権証券（第７回新株予約権証券） （2） 新株予約権の内容等 （注）１．本新株予約権の発行により資金の調達をしようとする理由」を参照。２．第８回新株予約権の行使請求の方法（1） 第８回新株予約権を行使請求しようとする第８回新株予約権者は、当社の定める行使請求書に、自己の氏名又は名称及び住所、自己のために開設された当社普通株式の振替を行うための口座（社債、株式等の振替に関する法律（以下「振替法」といいます。）第131条第３項に定める特別口座を除きます。）のコードその他必要事項を記載してこれに記名捺印したうえ、別記「新株予約権の行使期間」に定める行使期間中に別記「新株予約権の行使請求の受付場所、取次場所及び払込取扱場所」欄第１項記載の行使請求受付場所に提出し、かつ、かかる行使請求の対象となった第８回新株予約権の数に行使価額及び割当株式数を乗じた金額を現金にて別記「新株予約権の行使請求の受付場所、取次場所及び払込取扱場所」欄第３項に定める払込取扱場所の当社が指定する口座（以下「指定口座」という。）に振り込むものとします。（2） 本項に従い行使請求を行った者は、その後これを撤回することはできません。（3） 第８回新株予約権の行使請求の効力は、行使請求に必要な全ての書類が、不備なく別記「新株予約権の行使請求の受付場所、取次場所及び払込取扱場所」記載の「新株予約権の行使請求の受付場所」に提出され、かつ当該第８回新株予約権の行使に際して出資される財産の価額の全額が別記「新株予約権の行使請求の受付場所、取次場所及び払込取扱場所」欄第３項に定める当社の指定する口座に入金された日に発生するものとします。（4） 当社は、第８回新株予約権の行使請求の効力発生後速やかに振替法第130条第１項に定めるところに従い、振替機関に対し、当該第８回新株予約権の行使により交付される当社普通株式の新規記録情報を通知します。３．第８回新株予約権に係る株式の交付方法当社は、行使請求の効力発生後、第８回新株予約権者が指定する振替機関又は口座管理機関における振替口座簿の保有欄に振替株式の増加の記録を行うことにより株式を交付します。なお、当社は第８回新株予約権に係る新株予約権証券を発行しません。４．社債、株式等の振替に関する法律の適用等第８回新株予約権は、社債、株式等の振替に関する法律に定める振替新株予約権ではございません。",
2026-07-24T21:02:01+00:00,2026-07-23,2026-07-23 16:31,グリーンモンスター株式会社,E39408,157A0,訂正有価証券届出書（組込方式）,040,022001,S100YS32,大量保有：保有割合・増減,増加,XBRL_TO_CSV/jpcrp020200-srs-001_E39408-000_2025-06-30_02_2026-07-23.csv,50,"要素ID,コンテキストID,相対年度,連結・個別,期間・時点,ユニットID,単位,値",edinet_csv_zip,7274,"要素ID: jpcrp020200-srs_E39408-000:ParticularsOfNewShareSubscriptionRights3TextBlock | コンテキストID: FilingDateInstant | 相対年度: 提出日時点 | 連結・個別: その他 | 期間・時点: 時点 | ユニットID: － | 単位: － | 値: （2） 【新株予約権の内容等】 新株予約権の目的となる株式の種類グリーンモンスター株式会社 普通株式完全議決権株式であり、権利内容に何ら限定のない当社における標準となる株式である。なお、当社の単元株式数は100株である。新株予約権の目的となる株式の数１．第９回新株予約権の目的である株式の種類及び総数は、当社普通株式350,000株（以下、「対象株式数」という。）とする（第９回新株予約権１個当たりの目的である株式の数（以下、「割当株式数」という。）は100株とする。）。但し、本欄第２項乃至第４項により割当株式数が調整される場合には、第９回新株予約権の目的である株式の総数は調整後割当株式数に応じて調整されるものとする。 ２．当社が別記「新株予約権の行使時の払込金額」欄の第３項の規定に従って行使価額の調整を行う場合には、割当株式数は次の算式により調整される。但し、かかる調整は当該時点において未行使の第９回新株予約権にかかる割当株式数についてのみ行われ、調整の結果生じる１株未満の端数は切り捨てる。なお、かかる算式における調整前行使価額及び調整後行使価額は、別記「新株予約権の行使時の払込金額」欄に定める調整前行使価額及び調整後行使価額とする。 調整後割当株式数＝調整前割当株式数×調整前行使価額調整後行使価額 ３．調整後割当株式数の適用日は、当該調整事由にかかる別記「新株予約権の行使時の払込金額」欄第３項第（2）号及び第（5）号による行使価額の調整に関し、各号に定める調整後行使価額を適用する日と同日とする。 ４．割当株式数の調整を行うときは、当社は、調整後割当株式数の適用開始日の前日までに、第９回新株予約権者に対し、かかる調整を行う旨並びにその事由、調整前割当株式数、調整後割当株式数及びその適用開始日その他必要な事項を書面で通知する。但し、適用開始日の前日までに上記通知を行うことができない場合には、適用開始日以降速やかにこれを行う。新株予約権の行使時の払込金額１．第９回新株予約権の行使に際して出資される財産の価額各第９回新株予約権の行使に際して出資される財産は金銭とし、その価額は、行使価額に割当株式数を乗じた額とする。但し、計算の結果１円未満の端数を生ずる場合は、その端数を切り上げるものとする。 ２．第９回新株予約権の行使により当社が当社普通株式を新たに発行し又はこれに代えて当社の保有する当社普通株式を処分する（以下、当社普通株式の発行又は処分を「交付」という。）場合における株式１株当たりの出資される財産の価額（以下、「行使価額」という。）は、2,500円とする。ただし、本欄第３項の規定に従って調整されるものとする。 ３．行使価額の調整 （1） 当社は、第９回新株予約権の発行後、下記第（2）号に掲げる各事由により当社の発行済株式数に変更を生じる場合又は変更を生じる可能性がある場合には、次に定める算式（以下、「行使価額調整式」という。）をもって行使価額を調整する。 既発行株式数＋交付株式数×１株あたり払込金額 調整後行使価額＝調整前行使価額×１株あたりの時価既発行株式数＋交付株式数 （2） 行使価額調整式により行使価額の調整を行う場合及び調整後行使価額の適用時期については、次に定めるところによる。 ① 本項第（4）号②に定める時価を下回る払込金額をもって当社普通株式を新たに交付する場合（無償割当てによる場合を含む。）（但し、新株予約権（新株予約権付社債に付されたものを含む。）の行使、取得請求権付株式又は取得条項付株式の取得、その他当社普通株式の交付を請求できる権利の行使によって当社普通株式を交付する場合、及び会社分割、株式交換又は合併により当社普通株式を交付する場合を除く。）調整後行使価額は、払込期日（募集に際して払込期間を定めた場合はその最終日とし、無償割当ての場合はその効力発生日とする。）以降、又はかかる交付につき株主に割当てを受ける権利を与えるための基準日がある場合はその日の翌日以降これを適用する。 ② 普通株式について株式の分割をする場合調整後行使価額は、株式の分割のための基準日の翌日以降これを適用する。なお、行使価額調整式で使用する交付株式数は、株式の分割により増加する当社の普通株式数をいうものとする。 ③ 本項第（4）号②に定める時価を下回る払込金額をもって当社普通株式を交付する定めのある取得請求権付株式又は本項第（4）号②に定める時価を下回る払込金額をもって当社普通株式の交付を請求できる新株予約権（新株予約権付社債に付されたものを含む。）を発行又は付与する場合調整後行使価額は、取得請求権付株式の全部にかかる取得請求権又は新株予約権の全部が当初の条件で行使されたものとみなして行使価額調整式を適用して算出するものとし、払込期日（新株予約権の場合は割当日）以降又は（無償割当ての場合は）効力発生日以降これを適用する。但し、株主に割当てを受ける権利を与えるための基準日がある場合には、その日の翌日以降これを適用する。 ④ 当社の発行した取得条項付株式又は取得条項付新株予約権（新株予約権付社債に付されたものを含む。）の取得と引換えに本項第（4）号②に定める時価を下回る価額をもって当社普通株式を交付する場合調整後行使価額は、取得日の翌日以降これを適用する。 ⑤ 本項第（2）号①から④までの各取引において、株主に割当を受ける権利を与えるための基準日が設定され、かつ各取引の効力の発生が当該基準日以降の株主総会又は取締役会その他当社の機関の承認を条件としているときには本項（2）号①から④にかかわらず、調整後行使価額は、当該承認があった日の翌日以降、これを適用する。この場合において当該基準日の翌日から当該取引の承認があった日までに、第９回新株予約権を行使した第９回新株予約権者に対しては、次の算出方法により、当社普通株式を交付するものとする。 株式数＝（調整前行使価額－調整後行使価額）×調整前行使価額により当該期間内に交付された株式数調整後行使価額 この場合に１株未満の端数を生じるときは、これを切り捨て、現金による調整は行わない。 （3） 行使価額調整式により算出された調整後行使価額と調整前行使価額との差額が１円未満にとどまる場合は、行使価額の調整は行わない。但し、その後行使価額の調整を必要とする事由が発生し、行使価額を調整する場合には、行使価額調整式中の調整前行使価額に代えて調整前行使価額からこの差額を差し引いた額を使用する。 （4） 行使価額調整式の計算については、次に定めるところによる。 ① 円位未満小数第２位まで算出し、小数第２位を切り捨てるものとする。 ② 行使価額調整式で使用する時価は、調整後行使価額が初めて適用される日に先立つ45取引日目に始まる30取引日（終値のない日を除く。）の東京証券取引所における当社普通株式の普通取引の終値の単純平均値とする。この場合、単純平均値の計算は、円位未満小数第２位まで算出し、小数第２位を切り捨てるものとする。 ③ 行使価額調整式で使用する既発行株式数は、株主に割当てを受ける権利を与えるための基準日がある場合はその日、また、かかる基準日がない場合は、調整後行使価額を初めて適用する日の１ヶ月前の日における当社の発行済普通株式の総数から、当該日において当社の保有する当社普通株式を控除した数とする。 （5） 本項第（2）号の行使価額の調整を必要とする場合以外にも、次に掲げる場合には、当社は、必要な行使価額の調整を行う。 ① 株式の併合、資本の減少、会社分割、株式移転、株式交換又は合併のために行使価額の調整を必要とするとき。 ② その他当社の発行済普通株式数の変更又は変更の可能性が生じる事由の発生により行使価額の調整を必要とするとき。 ③ 行使価額を調整すべき複数の事由が相接して発生し、一方の事由に基づく調整後行使価額の算出にあたり使用すべき時価につき、他方の事由による影響を考慮する必要があるとき。 （6） 行使価額の調整を行うときは、当社は、調整後行使価額の適用開始日の前日までに、第９回新株予約権者に対し、かかる調整を行う旨並びにその事由、調整前行使価額、調整後行使価額及びその適用開始日その他必要な事項を書面で通知する。但し、上記通知を行うことができない場合には、適用開始日以降速やかにこれを行う。新株予約権の行使により株式を発行する場合の株式の発行価額の総額875,350,000円（注） 行使価額が調整された場合には、第９回新株予約権の行使により株式を発行する場合の株式の発行価額の総額は増加又は減少する。新株予約権の権利行使期間内に行使が行われない場合及び当社が取得した新株予約権を消却した場合には、第９回新株予約権の行使により株式を発行する場合の株式の発行価額の総額は減少する。新株予約権の行使により株式を発行する場合の株式の発行価格及び資本組入額１．新株予約権の行使により株式を発行する場合の株式１株の発行価格第９回新株予約権の行使により交付する当社普通株式１株の発行価格は、行使請求にかかる各第９回新株予約権の行使に際して払い込むべき金額の総額に、行使請求にかかる各第９回新株予約権の発行価額の総額を加えた額を、別記「新株予約権の目的となる株式の数」欄記載の対象株式数で除した額とする。 ２．新株予約権の行使により株式を発行する場合における増加する資本金及び資本準備金 第９回新株予約権の行使により当社普通株式を発行する場合において増加する資本金の額は、会社計算規則第17条第１項の規定に従い算出される資本金等増加限度額の２分の１の金額とし（計算の結果１円未満の端数を生じる場合はその端数を切り上げた額とする。）、当該資本金等増加限度額から増加する資本金の額を減じた額を増加する資本準備金の額とする。新株予約権の行使期間2026年７月31日から2028年７月30日（但し、行使期間最終日が銀行営業日でない場合にはその前銀行営業日）までの期間とする。但し、別記「組織再編成行為に伴う新株予約権の交付に関する事項」欄に定める組織再編行為をするために第９回新株予約権の行使の停止が必要である場合は、それらの効力発生日から14日以内の日に先立つ30日以内の当社が指定する期間は、第９回新株予約権を行使することはできない。この場合は、行使を停止する期間その他必要な事項を、当該期間の開始日の１ヶ月前までに通知する。新株予約権の行使請求の受付場所、取次場所及び払込取扱場所１．第９回新株予約権の行使請求の受付場所グリーンモンスター株式会社 管理部２．行使請求の取次場所該当事項なし。３．行使請求の払込取扱場所株式会社三井住友銀行 渋谷支店 新株予約権の行使の条件１．第９回新株予約権の行使により、行使に係る第９回新株予約権の新株予約権者が保有することとなる当社株式数が、第９回新株予約権の発行決議日（2026年７月15日）時点における当社発行済株式総数（3,314,900株）の10％（331,490株）（但し、別記「新株予約権の行使時の払込金額」欄の第３項記載の行使価額の調整事由が生じた場合には適切に調整される。）を超えることとなる場合の、当該10％（但し、別記「新株予約権の行使時の払込金額」欄の第３項記載の行使価額の調整事由が生じた場合には適切に調整される。）を超える部分に係る新株予約権の行使はできない。２．第９回新株予約権の行使によって、当社の発行済株式総数が当該時点における授権株式数を超過することとなるときは、当該第９回新株予約権の行使を行うことはできない。３．各第９回新株予約権の一部行使はできない。自己新株予約権の取得の事由及び取得の条件第９回新株予約権の割当日から６ヶ月を経過した日以降いつでも、当社は取締役会により第９回新株予約権を取得する旨及び第９回新株予約権を取得する日（以下、「取得日」という。）を決議することができる。当社は、当該取締役会決議の後、取得の対象となる第９回新株予約権の新株予約権者に対し、取得日の通知又は公告を当該取得日の20営業日前までに行うことにより、取得日の到来をもって、第９回新株予約権１個につき第９回新株予約権１個当たりの払込金額と同額で、当該取得日に残存する第９回新株予約権の全部又は一部を取得することができる。第９回新株予約権の一部の取得をする場合には、按分比例、抽選その他の合理的な方法により行うものとする。新株予約権の譲渡に関する事項第９回新株予約権の譲渡については、当社取締役会の承認を要するものとする。代用払込みに関する事項該当事項なし。組織再編成行為に伴う新株予約権の交付に関する事項当社が吸収合併消滅会社となる吸収合併、新設合併消滅会社となる新設合併、吸収分割会社となる吸収分割、新設分割会社となる新設分割、株式交換完全子会社となる株式交換、又は株式移転完全子会社となる株式移転（以下、「組織再編行為」と総称する。）を行う場合は、当該組織再編行為の効力発生日の直前において残存する第９回新株予約権に代わり、それぞれ吸収合併存続会社、新設合併設立会社、吸収分割承継会社、新設分割設立会社、株式交換完全親会社又は株式移転設立完全親会社（以下、「再編当事会社」と総称する。）は以下の条件に基づき第９回新株予約権にかかる新株予約権者に新たに新株予約権を交付するものとする。① 新たに交付される新株予約権の数新株予約権者が有する第９回新株予約権の数をもとに、組織再編行為の条件等を勘案して合理的に調整する。調整後の１個未満の端数は切り捨てる。② 新たに交付される新株予約権の目的たる株式の種類再編当事会社の同種の株式③ 新たに交付される新株予約権の目的たる株式の数の算定方法組織再編行為の条件等を勘案して合理的に調整する。調整後の１株未満の端数は切り上げる。④ 新たに交付される新株予約権の行使に際して出資される財産の価額組織再編行為の条件等を勘案して合理的に調整する。調整後の１円未満の端数は切り上げる。⑤ 新たに交付される新株予約権にかかる行使期間、当該新株予約権の行使により株式を発行する場合における増加する資本金及び資本準備金、再編当事会社による当該新株予約権の取得事由、組織再編行為の場合の新株予約権の交付、新株予約権証券及び行使の条件第９回新株予約権の内容に準じて、組織再編行為に際して決定する。⑥ 新たに交付される新株予約権の譲渡による取得の制限新たに交付される新株予約権の譲渡による取得については、再編当事会社の取締役会の承認を要する。 （注） １．本新株予約権の発行により資金の調達をしようとする理由上記「１ 新規発行新株予約権証券（第７回新株予約権証券） （2） 新株予約権の内容等 （注）１．本新株予約権の発行により資金の調達をしようとする理由」を参照。２．第９回新株予約権の行使請求の方法（1） 第９回新株予約権を行使請求しようとする第９回新株予約権者は、当社の定める行使請求書に、自己の氏名又は名称及び住所、自己のために開設された当社普通株式の振替を行うための口座（社債、株式等の振替に関する法律（以下「振替法」といいます。）第131条第３項に定める特別口座を除きます。）のコードその他必要事項を記載してこれに記名捺印したうえ、別記「新株予約権の行使期間」に定める行使期間中に別記「新株予約権の行使請求の受付場所、取次場所及び払込取扱場所」欄第１項記載の行使請求受付場所に提出し、かつ、かかる行使請求の対象となった第９回新株予約権の数に行使価額及び割当株式数を乗じた金額を現金にて別記「新株予約権の行使請求の受付場所、取次場所及び払込取扱場所」欄第３項に定める払込取扱場所の当社が指定する口座（以下「指定口座」という。）に振り込むものとします。（2） 本項に従い行使請求を行った者は、その後これを撤回することはできません。（3） 第９回新株予約権の行使請求の効力は、行使請求に必要な全ての書類が、不備なく別記「新株予約権の行使請求の受付場所、取次場所及び払込取扱場所」記載の「新株予約権の行使請求の受付場所」に提出され、かつ当該第９回新株予約権の行使に際して出資される財産の価額の全額が別記「新株予約権の行使請求の受付場所、取次場所及び払込取扱場所」欄第３項に定める当社の指定する口座に入金された日に発生するものとします。（4） 当社は、第９回新株予約権の行使請求の効力発生後速やかに振替法第130条第１項に定めるところに従い、振替機関に対し、当該第９回新株予約権の行使により交付される当社普通株式の新規記録情報を通知します。３．第９回新株予約権に係る株式の交付方法当社は、行使請求の効力発生後、第９回新株予約権者が指定する振替機関又は口座管理機関における振替口座簿の保有欄に振替株式の増加の記録を行うことにより株式を交付します。なお、当社は第９回新株予約権に係る新株予約権証券を発行しません。４．社債、株式等の振替に関する法律の適用等第９回新株予約権は、社債、株式等の振替に関する法律に定める振替新株予約権ではございません。",
2026-07-24T21:02:01+00:00,2026-07-23,2026-07-23 16:31,グリーンモンスター株式会社,E39408,157A0,訂正有価証券届出書（組込方式）,040,022001,S100YS32,臨時報告書：提出事由・発生事実,決定,XBRL_TO_CSV/jpcrp020200-srs-001_E39408-000_2025-06-30_02_2026-07-23.csv,50,"要素ID,コンテキストID,相対年度,連結・個別,期間・時点,ユニットID,単位,値",edinet_csv_zip,7274,"要素ID: jpcrp020200-srs_E39408-000:ParticularsOfNewShareSubscriptionRights3TextBlock | コンテキストID: FilingDateInstant | 相対年度: 提出日時点 | 連結・個別: その他 | 期間・時点: 時点 | ユニットID: － | 単位: － | 値: （2） 【新株予約権の内容等】 新株予約権の目的となる株式の種類グリーンモンスター株式会社 普通株式完全議決権株式であり、権利内容に何ら限定のない当社における標準となる株式である。なお、当社の単元株式数は100株である。新株予約権の目的となる株式の数１．第９回新株予約権の目的である株式の種類及び総数は、当社普通株式350,000株（以下、「対象株式数」という。）とする（第９回新株予約権１個当たりの目的である株式の数（以下、「割当株式数」という。）は100株とする。）。但し、本欄第２項乃至第４項により割当株式数が調整される場合には、第９回新株予約権の目的である株式の総数は調整後割当株式数に応じて調整されるものとする。 ２．当社が別記「新株予約権の行使時の払込金額」欄の第３項の規定に従って行使価額の調整を行う場合には、割当株式数は次の算式により調整される。但し、かかる調整は当該時点において未行使の第９回新株予約権にかかる割当株式数についてのみ行われ、調整の結果生じる１株未満の端数は切り捨てる。なお、かかる算式における調整前行使価額及び調整後行使価額は、別記「新株予約権の行使時の払込金額」欄に定める調整前行使価額及び調整後行使価額とする。 調整後割当株式数＝調整前割当株式数×調整前行使価額調整後行使価額 ３．調整後割当株式数の適用日は、当該調整事由にかかる別記「新株予約権の行使時の払込金額」欄第３項第（2）号及び第（5）号による行使価額の調整に関し、各号に定める調整後行使価額を適用する日と同日とする。 ４．割当株式数の調整を行うときは、当社は、調整後割当株式数の適用開始日の前日までに、第９回新株予約権者に対し、かかる調整を行う旨並びにその事由、調整前割当株式数、調整後割当株式数及びその適用開始日その他必要な事項を書面で通知する。但し、適用開始日の前日までに上記通知を行うことができない場合には、適用開始日以降速やかにこれを行う。新株予約権の行使時の払込金額１．第９回新株予約権の行使に際して出資される財産の価額各第９回新株予約権の行使に際して出資される財産は金銭とし、その価額は、行使価額に割当株式数を乗じた額とする。但し、計算の結果１円未満の端数を生ずる場合は、その端数を切り上げるものとする。 ２．第９回新株予約権の行使により当社が当社普通株式を新たに発行し又はこれに代えて当社の保有する当社普通株式を処分する（以下、当社普通株式の発行又は処分を「交付」という。）場合における株式１株当たりの出資される財産の価額（以下、「行使価額」という。）は、2,500円とする。ただし、本欄第３項の規定に従って調整されるものとする。 ３．行使価額の調整 （1） 当社は、第９回新株予約権の発行後、下記第（2）号に掲げる各事由により当社の発行済株式数に変更を生じる場合又は変更を生じる可能性がある場合には、次に定める算式（以下、「行使価額調整式」という。）をもって行使価額を調整する。 既発行株式数＋交付株式数×１株あたり払込金額 調整後行使価額＝調整前行使価額×１株あたりの時価既発行株式数＋交付株式数 （2） 行使価額調整式により行使価額の調整を行う場合及び調整後行使価額の適用時期については、次に定めるところによる。 ① 本項第（4）号②に定める時価を下回る払込金額をもって当社普通株式を新たに交付する場合（無償割当てによる場合を含む。）（但し、新株予約権（新株予約権付社債に付されたものを含む。）の行使、取得請求権付株式又は取得条項付株式の取得、その他当社普通株式の交付を請求できる権利の行使によって当社普通株式を交付する場合、及び会社分割、株式交換又は合併により当社普通株式を交付する場合を除く。）調整後行使価額は、払込期日（募集に際して払込期間を定めた場合はその最終日とし、無償割当ての場合はその効力発生日とする。）以降、又はかかる交付につき株主に割当てを受ける権利を与えるための基準日がある場合はその日の翌日以降これを適用する。 ② 普通株式について株式の分割をする場合調整後行使価額は、株式の分割のための基準日の翌日以降これを適用する。なお、行使価額調整式で使用する交付株式数は、株式の分割により増加する当社の普通株式数をいうものとする。 ③ 本項第（4）号②に定める時価を下回る払込金額をもって当社普通株式を交付する定めのある取得請求権付株式又は本項第（4）号②に定める時価を下回る払込金額をもって当社普通株式の交付を請求できる新株予約権（新株予約権付社債に付されたものを含む。）を発行又は付与する場合調整後行使価額は、取得請求権付株式の全部にかかる取得請求権又は新株予約権の全部が当初の条件で行使されたものとみなして行使価額調整式を適用して算出するものとし、払込期日（新株予約権の場合は割当日）以降又は（無償割当ての場合は）効力発生日以降これを適用する。但し、株主に割当てを受ける権利を与えるための基準日がある場合には、その日の翌日以降これを適用する。 ④ 当社の発行した取得条項付株式又は取得条項付新株予約権（新株予約権付社債に付されたものを含む。）の取得と引換えに本項第（4）号②に定める時価を下回る価額をもって当社普通株式を交付する場合調整後行使価額は、取得日の翌日以降これを適用する。 ⑤ 本項第（2）号①から④までの各取引において、株主に割当を受ける権利を与えるための基準日が設定され、かつ各取引の効力の発生が当該基準日以降の株主総会又は取締役会その他当社の機関の承認を条件としているときには本項（2）号①から④にかかわらず、調整後行使価額は、当該承認があった日の翌日以降、これを適用する。この場合において当該基準日の翌日から当該取引の承認があった日までに、第９回新株予約権を行使した第９回新株予約権者に対しては、次の算出方法により、当社普通株式を交付するものとする。 株式数＝（調整前行使価額－調整後行使価額）×調整前行使価額により当該期間内に交付された株式数調整後行使価額 この場合に１株未満の端数を生じるときは、これを切り捨て、現金による調整は行わない。 （3） 行使価額調整式により算出された調整後行使価額と調整前行使価額との差額が１円未満にとどまる場合は、行使価額の調整は行わない。但し、その後行使価額の調整を必要とする事由が発生し、行使価額を調整する場合には、行使価額調整式中の調整前行使価額に代えて調整前行使価額からこの差額を差し引いた額を使用する。 （4） 行使価額調整式の計算については、次に定めるところによる。 ① 円位未満小数第２位まで算出し、小数第２位を切り捨てるものとする。 ② 行使価額調整式で使用する時価は、調整後行使価額が初めて適用される日に先立つ45取引日目に始まる30取引日（終値のない日を除く。）の東京証券取引所における当社普通株式の普通取引の終値の単純平均値とする。この場合、単純平均値の計算は、円位未満小数第２位まで算出し、小数第２位を切り捨てるものとする。 ③ 行使価額調整式で使用する既発行株式数は、株主に割当てを受ける権利を与えるための基準日がある場合はその日、また、かかる基準日がない場合は、調整後行使価額を初めて適用する日の１ヶ月前の日における当社の発行済普通株式の総数から、当該日において当社の保有する当社普通株式を控除した数とする。 （5） 本項第（2）号の行使価額の調整を必要とする場合以外にも、次に掲げる場合には、当社は、必要な行使価額の調整を行う。 ① 株式の併合、資本の減少、会社分割、株式移転、株式交換又は合併のために行使価額の調整を必要とするとき。 ② その他当社の発行済普通株式数の変更又は変更の可能性が生じる事由の発生により行使価額の調整を必要とするとき。 ③ 行使価額を調整すべき複数の事由が相接して発生し、一方の事由に基づく調整後行使価額の算出にあたり使用すべき時価につき、他方の事由による影響を考慮する必要があるとき。 （6） 行使価額の調整を行うときは、当社は、調整後行使価額の適用開始日の前日までに、第９回新株予約権者に対し、かかる調整を行う旨並びにその事由、調整前行使価額、調整後行使価額及びその適用開始日その他必要な事項を書面で通知する。但し、上記通知を行うことができない場合には、適用開始日以降速やかにこれを行う。新株予約権の行使により株式を発行する場合の株式の発行価額の総額875,350,000円（注） 行使価額が調整された場合には、第９回新株予約権の行使により株式を発行する場合の株式の発行価額の総額は増加又は減少する。新株予約権の権利行使期間内に行使が行われない場合及び当社が取得した新株予約権を消却した場合には、第９回新株予約権の行使により株式を発行する場合の株式の発行価額の総額は減少する。新株予約権の行使により株式を発行する場合の株式の発行価格及び資本組入額１．新株予約権の行使により株式を発行する場合の株式１株の発行価格第９回新株予約権の行使により交付する当社普通株式１株の発行価格は、行使請求にかかる各第９回新株予約権の行使に際して払い込むべき金額の総額に、行使請求にかかる各第９回新株予約権の発行価額の総額を加えた額を、別記「新株予約権の目的となる株式の数」欄記載の対象株式数で除した額とする。 ２．新株予約権の行使により株式を発行する場合における増加する資本金及び資本準備金 第９回新株予約権の行使により当社普通株式を発行する場合において増加する資本金の額は、会社計算規則第17条第１項の規定に従い算出される資本金等増加限度額の２分の１の金額とし（計算の結果１円未満の端数を生じる場合はその端数を切り上げた額とする。）、当該資本金等増加限度額から増加する資本金の額を減じた額を増加する資本準備金の額とする。新株予約権の行使期間2026年７月31日から2028年７月30日（但し、行使期間最終日が銀行営業日でない場合にはその前銀行営業日）までの期間とする。但し、別記「組織再編成行為に伴う新株予約権の交付に関する事項」欄に定める組織再編行為をするために第９回新株予約権の行使の停止が必要である場合は、それらの効力発生日から14日以内の日に先立つ30日以内の当社が指定する期間は、第９回新株予約権を行使することはできない。この場合は、行使を停止する期間その他必要な事項を、当該期間の開始日の１ヶ月前までに通知する。新株予約権の行使請求の受付場所、取次場所及び払込取扱場所１．第９回新株予約権の行使請求の受付場所グリーンモンスター株式会社 管理部２．行使請求の取次場所該当事項なし。３．行使請求の払込取扱場所株式会社三井住友銀行 渋谷支店 新株予約権の行使の条件１．第９回新株予約権の行使により、行使に係る第９回新株予約権の新株予約権者が保有することとなる当社株式数が、第９回新株予約権の発行決議日（2026年７月15日）時点における当社発行済株式総数（3,314,900株）の10％（331,490株）（但し、別記「新株予約権の行使時の払込金額」欄の第３項記載の行使価額の調整事由が生じた場合には適切に調整される。）を超えることとなる場合の、当該10％（但し、別記「新株予約権の行使時の払込金額」欄の第３項記載の行使価額の調整事由が生じた場合には適切に調整される。）を超える部分に係る新株予約権の行使はできない。２．第９回新株予約権の行使によって、当社の発行済株式総数が当該時点における授権株式数を超過することとなるときは、当該第９回新株予約権の行使を行うことはできない。３．各第９回新株予約権の一部行使はできない。自己新株予約権の取得の事由及び取得の条件第９回新株予約権の割当日から６ヶ月を経過した日以降いつでも、当社は取締役会により第９回新株予約権を取得する旨及び第９回新株予約権を取得する日（以下、「取得日」という。）を決議することができる。当社は、当該取締役会決議の後、取得の対象となる第９回新株予約権の新株予約権者に対し、取得日の通知又は公告を当該取得日の20営業日前までに行うことにより、取得日の到来をもって、第９回新株予約権１個につき第９回新株予約権１個当たりの払込金額と同額で、当該取得日に残存する第９回新株予約権の全部又は一部を取得することができる。第９回新株予約権の一部の取得をする場合には、按分比例、抽選その他の合理的な方法により行うものとする。新株予約権の譲渡に関する事項第９回新株予約権の譲渡については、当社取締役会の承認を要するものとする。代用払込みに関する事項該当事項なし。組織再編成行為に伴う新株予約権の交付に関する事項当社が吸収合併消滅会社となる吸収合併、新設合併消滅会社となる新設合併、吸収分割会社となる吸収分割、新設分割会社となる新設分割、株式交換完全子会社となる株式交換、又は株式移転完全子会社となる株式移転（以下、「組織再編行為」と総称する。）を行う場合は、当該組織再編行為の効力発生日の直前において残存する第９回新株予約権に代わり、それぞれ吸収合併存続会社、新設合併設立会社、吸収分割承継会社、新設分割設立会社、株式交換完全親会社又は株式移転設立完全親会社（以下、「再編当事会社」と総称する。）は以下の条件に基づき第９回新株予約権にかかる新株予約権者に新たに新株予約権を交付するものとする。① 新たに交付される新株予約権の数新株予約権者が有する第９回新株予約権の数をもとに、組織再編行為の条件等を勘案して合理的に調整する。調整後の１個未満の端数は切り捨てる。② 新たに交付される新株予約権の目的たる株式の種類再編当事会社の同種の株式③ 新たに交付される新株予約権の目的たる株式の数の算定方法組織再編行為の条件等を勘案して合理的に調整する。調整後の１株未満の端数は切り上げる。④ 新たに交付される新株予約権の行使に際して出資される財産の価額組織再編行為の条件等を勘案して合理的に調整する。調整後の１円未満の端数は切り上げる。⑤ 新たに交付される新株予約権にかかる行使期間、当該新株予約権の行使により株式を発行する場合における増加する資本金及び資本準備金、再編当事会社による当該新株予約権の取得事由、組織再編行為の場合の新株予約権の交付、新株予約権証券及び行使の条件第９回新株予約権の内容に準じて、組織再編行為に際して決定する。⑥ 新たに交付される新株予約権の譲渡による取得の制限新たに交付される新株予約権の譲渡による取得については、再編当事会社の取締役会の承認を要する。 （注） １．本新株予約権の発行により資金の調達をしようとする理由上記「１ 新規発行新株予約権証券（第７回新株予約権証券） （2） 新株予約権の内容等 （注）１．本新株予約権の発行により資金の調達をしようとする理由」を参照。２．第９回新株予約権の行使請求の方法（1） 第９回新株予約権を行使請求しようとする第９回新株予約権者は、当社の定める行使請求書に、自己の氏名又は名称及び住所、自己のために開設された当社普通株式の振替を行うための口座（社債、株式等の振替に関する法律（以下「振替法」といいます。）第131条第３項に定める特別口座を除きます。）のコードその他必要事項を記載してこれに記名捺印したうえ、別記「新株予約権の行使期間」に定める行使期間中に別記「新株予約権の行使請求の受付場所、取次場所及び払込取扱場所」欄第１項記載の行使請求受付場所に提出し、かつ、かかる行使請求の対象となった第９回新株予約権の数に行使価額及び割当株式数を乗じた金額を現金にて別記「新株予約権の行使請求の受付場所、取次場所及び払込取扱場所」欄第３項に定める払込取扱場所の当社が指定する口座（以下「指定口座」という。）に振り込むものとします。（2） 本項に従い行使請求を行った者は、その後これを撤回することはできません。（3） 第９回新株予約権の行使請求の効力は、行使請求に必要な全ての書類が、不備なく別記「新株予約権の行使請求の受付場所、取次場所及び払込取扱場所」記載の「新株予約権の行使請求の受付場所」に提出され、かつ当該第９回新株予約権の行使に際して出資される財産の価額の全額が別記「新株予約権の行使請求の受付場所、取次場所及び払込取扱場所」欄第３項に定める当社の指定する口座に入金された日に発生するものとします。（4） 当社は、第９回新株予約権の行使請求の効力発生後速やかに振替法第130条第１項に定めるところに従い、振替機関に対し、当該第９回新株予約権の行使により交付される当社普通株式の新規記録情報を通知します。３．第９回新株予約権に係る株式の交付方法当社は、行使請求の効力発生後、第９回新株予約権者が指定する振替機関又は口座管理機関における振替口座簿の保有欄に振替株式の増加の記録を行うことにより株式を交付します。なお、当社は第９回新株予約権に係る新株予約権証券を発行しません。４．社債、株式等の振替に関する法律の適用等第９回新株予約権は、社債、株式等の振替に関する法律に定める振替新株予約権ではございません。",
2026-07-24T21:02:01+00:00,2026-07-23,2026-07-23 16:31,グリーンモンスター株式会社,E39408,157A0,訂正有価証券届出書（組込方式）,040,022001,S100YS32,大量保有：保有割合・増減,増加,XBRL_TO_CSV/jpcrp020200-srs-001_E39408-000_2025-06-30_02_2026-07-23.csv,52,"要素ID,項目名,コンテキストID,相対年度,連結・個別,期間・時点,ユニットID,単位,値",edinet_csv_zip,806,"要素ID: jpcrp_cor:AmountOfNetProceedsFromNewIssuanceTextBlock | 項目名: 新規発行による手取金の額 [テキストブロック] | コンテキストID: FilingDateInstant | 相対年度: 提出日時点 | 連結・個別: その他 | 期間・時点: 時点 | ユニットID: － | 単位: － | 値: （1） 【新規発行による手取金の額】 払込金額の総額（円）発行諸費用の概算額（円）差引手取概算額（円）1,413,510,00013,420,0001,400,090,000 （注） １．上記払込金額の総額は、本新株予約権の払込金額の総額（第７回新株予約権1,900,000円、第８回新株予約権1,260,000円、第９回新株予約権350,000円、合計3,510,000円）及び本新株予約権の行使に際して出資される財産の額（第７回新株予約権125,000,000円、第８回新株予約権410,000,000円、第９回新株予約権875,000,000円、合計1,410,000,000円）を合算した金額であります。２．本新株予約権の行使に際して出資される財産の額は、全ての本新株予約権が行使価額で行使されたと仮定した場合の金額であります。行使価額が調整された場合には、本新株予約権の行使に際して出資される財産の額及び差引手取概算額は増加又は減少する可能性があります。また、本新株予約権の権利行使期間内に行使が行われない場合及び当社が取得した新株予約権を消却した場合には、本新株予約権の行使に際して出資される財産の額及び差引手取概算額は減少します。３．発行諸費用の概算額の内訳は、本新株予約権の発行に関する弁護士費用、評価算定費用、信用調査の外部委託費用等の合計額であります。４．発行諸費用の概算額には、消費税及び地方消費税は含まれておりません。",
2026-07-24T21:02:01+00:00,2026-07-23,2026-07-23 16:31,グリーンモンスター株式会社,E39408,157A0,訂正有価証券届出書（組込方式）,040,022001,S100YS32,サステナビリティ・人的資本,人材,XBRL_TO_CSV/jpcrp020200-srs-001_E39408-000_2025-06-30_02_2026-07-23.csv,53,"要素ID,項目名,コンテキストID,相対年度,連結・個別,期間・時点,ユニットID,単位,値",edinet_csv_zip,3864,"要素ID: jpcrp_cor:UseOfNetProceedsTextBlock | 項目名: 手取金の使途 [テキストブロック] | コンテキストID: FilingDateInstant | 相対年度: 提出日時点 | 連結・個別: その他 | 期間・時点: 時点 | ユニットID: － | 単位: － | 値: （2） 【手取金の使途】本新株予約権の発行並びに割当予定先による本新株予約権の行使によって調達する資金の額は合計約1,400百万円となる予定であり、調達する資金の具体的な使途については、次のとおり予定しています。 具体的な使途金額（百万円）支出予定時期① AI、ブロックチェーン及び新興インフラ技術への投資7502026年9月～2028年６月② 香港拠点の構築・運営に係る費用2302026年８月～2026年12月③ 次世代金融教育に向けた新ソリューションの研究及び開発3002026年７月～2028年６月④ 上記①及び②以外のAI及びブロックチェーン・インフラストラクチャー事業の開発、準備、運用に係る費用1202026年７月～2028年６月合計1,400 （注） １．今回調達した資金について、実際に支出するまでは、当社銀行普通預金口座にて管理することとしています。２．行使価額が調整された場合には、本新株予約権の払込金額の総額に本新株予約権の行使に際して出資される財産の価額の合計額を合算した金額は増加又は減少します。本新株予約権の権利行使期間内に行使が行われない場合及び当社が取得した本新株予約権を消却した場合には、本新株予約権証券の発行価額の総額に本新株予約権の行使に際して払い込むべき金額の合計額を合算した金額は減少します。３．上記の表の「具体的な使途」は、現時点での優先順位の順に記載しており、優先順位の高位から順次充当する予定です。上記②について上記の「支出予定時期」までに本新株予約権の行使による必要資金の調達が間に合わない場合は、その費用を手元資金から支出し、余剰となった投資資金は、上記③及び④に充当いたします。 調達する資金の使途の詳細は以下のとおりです。 ①AI、ブロックチェーン及び新興インフラ技術への投資本第三者割当により調達する資金のうち750百万円については、AI、ブロックチェーン及び新興インフラ技術事業の立ち上げへの初期的な戦略投資に充当する予定です。具体的には、AI技術への投資、AI及びAIエージェントとブロックチェーン技術を融合したインフラ・ソリューションの開発、技術パートナーとの共同開発、セキュリティの整備、並びにソリューション運営に必要となる費用に充当する予定です。AIインフラ事業においては、GPU、クラウド基盤及び関連技術への投資が数十億円規模となる事例が確認されております。また、ブロックチェーン・インフラ事業においてはバリデーター資産の取得、ステーキング運営体制の構築及びデジタル資産の取得・運営に数億円から数十億円規模の資金を要する事例が確認されております。当社としては、これらAIとブロックチェーン及びその他新興インフラ技術を融合したソリューションを目指しており、これらの事例をそのまま当社に適用するのではなく、当社の現在の事業規模、財務状況、リスク許容度及び段階的な事業展開方針を踏まえ、初期投資枠として750百万円を上限として設定いたしました。 当社は、これらの投資、開発及び運営を通じて事業基盤を強化し、中長期的な企業価値の向上を目指してまいります。 ②香港拠点の構築・運営に係る費用本第三者割当により調達する資金のうち230百万円については、香港拠点の構築及び運営に係る費用に充当する予定です。その内訳として、85百万円を香港子会社及び事業体制の構築に係る費用、145百万円をソリューション運営体制の構築に係る費用に充当する予定です。香港子会社及び事業体制の構築に係る費用については、香港子会社の設立及び運営に伴う管理体制の、人材、事業開発、その他拠点の基盤構築に充当する予定です。具体的には、香港子会社の設立及び運営に伴う法務・会計・監査などの管理体制整備費用、システム及びインフラ環境の構築費用、人材採用費用、事業開発費用、並びにその他運営費用等に充当する予定です。ソリューション運営体制の構築に係る費用については、システム及びインフラ環境の構築費用、運営体制整備、外部パートナーとの連携、その他運営に必要な費用に充当する予定です。なお、上記の各金額は現時点における計画に基づく見込みであり、今後の事業環境、市場動向、事業の進捗状況等に応じて、当資金配分を変更する可能性がありますが、香港拠点の構築及び運営に係る費用として充当する方針に変更はありません。 ③次世代金融教育に向けた新ソリューションの研究及び開発に係る費用本第三者割当により調達する資金のうち300百万円については、次世代金融教育分野における新たなソリューションの研究・開発に係る費用に充当することを予定しています。その内訳として、100百万円を体験型金融教育（投資シミュレーション）の新アプリ開発に係る費用、200百万円を各種専門人材の採用、外部パートナーシップの構築及びM&amp;Aに係る費用に充当する予定です。体験型金融教育（投資シミュレーション）の新アプリ開発に係る費用については、投資シミュレーション機能を活用した金融教育サービスの企画、設計、開発及び運営体制の構築等に必要な費用に充当する予定です。また、各種専門人材の採用、外部パートナーシップ及びM&amp;Aに係る費用については、事業開発、プロダクト開発、AI、データ分析その他の専門領域における人材の採用費用、外部企業及び専門機関との提携に係る費用並びに事業拡大及び成長加速を目的としたM&amp;A関連費用に充当する予定です。なお、上記の各金額は現時点における計画に基づく見込みであり、今後の事業環境、市場動向、事業の進捗状況、提携先との協議状況及びM&amp;A案件の検討状況等に応じて、当資金配分を変更する可能性がありますが、次世代金融教育に向けた新ソリューションの研究及び開発に係る費用として充当する方針に変更はありません。なお、現時点において具体的に予定しているM&amp;A案件は存在しません。M&amp;Aの成立には不確実性が伴うため、適切な投資先が存在しない等、支出予定時期までに想定したM&amp;Aを実行せず、M&amp;Aの実行のための資金に充当されない場合には、上記「①AI、ブロックチェーン及び新興インフラ技術への投資、②香港拠点の構築・運営に係る費用」に充当する予定です。なお、資金使途に変更が生じた場合は速やかに開示いたします。 ④上記①及び②以外のAI及びブロックチェーン・インフラストラクチャー事業の開発、準備、運用に係る費用本第三者割当により調達する資金のうち120百万円については、AI及びブロックチェーン・インフラストラクチャー事業の高度化並びに追加的な投資に係る費用に充当する予定です。その内訳として、20百万円をエンタープライズ及び金融機関向け機能並びに運営体制の整備に係る費用、100百万円を研究開発に係る費用に充当する予定です。エンタープライズ及び金融機関向け機能並びに運営体制の整備に係る費用については、法人顧客及び金融機関向けのサービス並びに事業運営体制の高度化等に必要な費用に充当する予定です。また、研究開発に係る費用については、AI及びブロックチェーン技術を活用した新たなサービス及びソリューションの研究開発、並びに将来の事業機会創出を目的とした先端技術の調査及び検証等に充当する予定です。なお、上記の各金額は現時点における計画に基づく見込みであり、今後の事業環境、市場動向、技術動向及び事業の進捗状況等に応じて、当資金配分を変更する可能性がありますが、AI及びブロックチェーン・インフラストラクチャー事業の開発、準備及び運用に係る費用として充当する方針に変更はありません。 ＜直近の資金調達及び調達資金の充当の状況＞当社は、2024年３月28日を払込期日として、当社普通株式を発行し、採用費及び人件費の資金等を目的として資金調達を行いました。その後、当社グループの事業拡大と強固な収益基盤を確立していくためには、中長期の計画としていたＭ＆Ａを前倒して積極的に取り組んでいくことが有効な手段の一つであると判断し、2024年８月14日付で、資金使途及び充当時期を変更し、下記の表に記載のとおりといたしました。現時点での資金使途及び充当時期並びに未充当額は、以下のとおりです。 具体的な使途金額（千円）支出予定時期① 人件費・採用費65,400（0）2025年６月期② M&amp;A300,000（0）2025年６月期③ 広告宣伝費19,000（281,000）2025年６月期～2026年６月期 （注） 上記の表中の金額欄の括弧書きの数値は現時点における未充当額となります。なお、③について、本有価証券届出書提出日（2026年７月15日）現在において支出予定時期を経過しておりますが、決算処理中であり、未充当額の有無及びその額は確認中です。決算内容が確定し、未充当額があることが判明した場合には、速やかに支出予定時期の変更の開示を行います。",
2026-07-24T21:02:01+00:00,2026-07-23,2026-07-23 16:31,グリーンモンスター株式会社,E39408,157A0,訂正有価証券届出書（組込方式）,040,022001,S100YS32,大量保有：保有割合・増減,増加,XBRL_TO_CSV/jpcrp020200-srs-001_E39408-000_2025-06-30_02_2026-07-23.csv,53,"要素ID,項目名,コンテキストID,相対年度,連結・個別,期間・時点,ユニットID,単位,値",edinet_csv_zip,3864,"要素ID: jpcrp_cor:UseOfNetProceedsTextBlock | 項目名: 手取金の使途 [テキストブロック] | コンテキストID: FilingDateInstant | 相対年度: 提出日時点 | 連結・個別: その他 | 期間・時点: 時点 | ユニットID: － | 単位: － | 値: （2） 【手取金の使途】本新株予約権の発行並びに割当予定先による本新株予約権の行使によって調達する資金の額は合計約1,400百万円となる予定であり、調達する資金の具体的な使途については、次のとおり予定しています。 具体的な使途金額（百万円）支出予定時期① AI、ブロックチェーン及び新興インフラ技術への投資7502026年9月～2028年６月② 香港拠点の構築・運営に係る費用2302026年８月～2026年12月③ 次世代金融教育に向けた新ソリューションの研究及び開発3002026年７月～2028年６月④ 上記①及び②以外のAI及びブロックチェーン・インフラストラクチャー事業の開発、準備、運用に係る費用1202026年７月～2028年６月合計1,400 （注） １．今回調達した資金について、実際に支出するまでは、当社銀行普通預金口座にて管理することとしています。２．行使価額が調整された場合には、本新株予約権の払込金額の総額に本新株予約権の行使に際して出資される財産の価額の合計額を合算した金額は増加又は減少します。本新株予約権の権利行使期間内に行使が行われない場合及び当社が取得した本新株予約権を消却した場合には、本新株予約権証券の発行価額の総額に本新株予約権の行使に際して払い込むべき金額の合計額を合算した金額は減少します。３．上記の表の「具体的な使途」は、現時点での優先順位の順に記載しており、優先順位の高位から順次充当する予定です。上記②について上記の「支出予定時期」までに本新株予約権の行使による必要資金の調達が間に合わない場合は、その費用を手元資金から支出し、余剰となった投資資金は、上記③及び④に充当いたします。 調達する資金の使途の詳細は以下のとおりです。 ①AI、ブロックチェーン及び新興インフラ技術への投資本第三者割当により調達する資金のうち750百万円については、AI、ブロックチェーン及び新興インフラ技術事業の立ち上げへの初期的な戦略投資に充当する予定です。具体的には、AI技術への投資、AI及びAIエージェントとブロックチェーン技術を融合したインフラ・ソリューションの開発、技術パートナーとの共同開発、セキュリティの整備、並びにソリューション運営に必要となる費用に充当する予定です。AIインフラ事業においては、GPU、クラウド基盤及び関連技術への投資が数十億円規模となる事例が確認されております。また、ブロックチェーン・インフラ事業においてはバリデーター資産の取得、ステーキング運営体制の構築及びデジタル資産の取得・運営に数億円から数十億円規模の資金を要する事例が確認されております。当社としては、これらAIとブロックチェーン及びその他新興インフラ技術を融合したソリューションを目指しており、これらの事例をそのまま当社に適用するのではなく、当社の現在の事業規模、財務状況、リスク許容度及び段階的な事業展開方針を踏まえ、初期投資枠として750百万円を上限として設定いたしました。 当社は、これらの投資、開発及び運営を通じて事業基盤を強化し、中長期的な企業価値の向上を目指してまいります。 ②香港拠点の構築・運営に係る費用本第三者割当により調達する資金のうち230百万円については、香港拠点の構築及び運営に係る費用に充当する予定です。その内訳として、85百万円を香港子会社及び事業体制の構築に係る費用、145百万円をソリューション運営体制の構築に係る費用に充当する予定です。香港子会社及び事業体制の構築に係る費用については、香港子会社の設立及び運営に伴う管理体制の、人材、事業開発、その他拠点の基盤構築に充当する予定です。具体的には、香港子会社の設立及び運営に伴う法務・会計・監査などの管理体制整備費用、システム及びインフラ環境の構築費用、人材採用費用、事業開発費用、並びにその他運営費用等に充当する予定です。ソリューション運営体制の構築に係る費用については、システム及びインフラ環境の構築費用、運営体制整備、外部パートナーとの連携、その他運営に必要な費用に充当する予定です。なお、上記の各金額は現時点における計画に基づく見込みであり、今後の事業環境、市場動向、事業の進捗状況等に応じて、当資金配分を変更する可能性がありますが、香港拠点の構築及び運営に係る費用として充当する方針に変更はありません。 ③次世代金融教育に向けた新ソリューションの研究及び開発に係る費用本第三者割当により調達する資金のうち300百万円については、次世代金融教育分野における新たなソリューションの研究・開発に係る費用に充当することを予定しています。その内訳として、100百万円を体験型金融教育（投資シミュレーション）の新アプリ開発に係る費用、200百万円を各種専門人材の採用、外部パートナーシップの構築及びM&amp;Aに係る費用に充当する予定です。体験型金融教育（投資シミュレーション）の新アプリ開発に係る費用については、投資シミュレーション機能を活用した金融教育サービスの企画、設計、開発及び運営体制の構築等に必要な費用に充当する予定です。また、各種専門人材の採用、外部パートナーシップ及びM&amp;Aに係る費用については、事業開発、プロダクト開発、AI、データ分析その他の専門領域における人材の採用費用、外部企業及び専門機関との提携に係る費用並びに事業拡大及び成長加速を目的としたM&amp;A関連費用に充当する予定です。なお、上記の各金額は現時点における計画に基づく見込みであり、今後の事業環境、市場動向、事業の進捗状況、提携先との協議状況及びM&amp;A案件の検討状況等に応じて、当資金配分を変更する可能性がありますが、次世代金融教育に向けた新ソリューションの研究及び開発に係る費用として充当する方針に変更はありません。なお、現時点において具体的に予定しているM&amp;A案件は存在しません。M&amp;Aの成立には不確実性が伴うため、適切な投資先が存在しない等、支出予定時期までに想定したM&amp;Aを実行せず、M&amp;Aの実行のための資金に充当されない場合には、上記「①AI、ブロックチェーン及び新興インフラ技術への投資、②香港拠点の構築・運営に係る費用」に充当する予定です。なお、資金使途に変更が生じた場合は速やかに開示いたします。 ④上記①及び②以外のAI及びブロックチェーン・インフラストラクチャー事業の開発、準備、運用に係る費用本第三者割当により調達する資金のうち120百万円については、AI及びブロックチェーン・インフラストラクチャー事業の高度化並びに追加的な投資に係る費用に充当する予定です。その内訳として、20百万円をエンタープライズ及び金融機関向け機能並びに運営体制の整備に係る費用、100百万円を研究開発に係る費用に充当する予定です。エンタープライズ及び金融機関向け機能並びに運営体制の整備に係る費用については、法人顧客及び金融機関向けのサービス並びに事業運営体制の高度化等に必要な費用に充当する予定です。また、研究開発に係る費用については、AI及びブロックチェーン技術を活用した新たなサービス及びソリューションの研究開発、並びに将来の事業機会創出を目的とした先端技術の調査及び検証等に充当する予定です。なお、上記の各金額は現時点における計画に基づく見込みであり、今後の事業環境、市場動向、技術動向及び事業の進捗状況等に応じて、当資金配分を変更する可能性がありますが、AI及びブロックチェーン・インフラストラクチャー事業の開発、準備及び運用に係る費用として充当する方針に変更はありません。 ＜直近の資金調達及び調達資金の充当の状況＞当社は、2024年３月28日を払込期日として、当社普通株式を発行し、採用費及び人件費の資金等を目的として資金調達を行いました。その後、当社グループの事業拡大と強固な収益基盤を確立していくためには、中長期の計画としていたＭ＆Ａを前倒して積極的に取り組んでいくことが有効な手段の一つであると判断し、2024年８月14日付で、資金使途及び充当時期を変更し、下記の表に記載のとおりといたしました。現時点での資金使途及び充当時期並びに未充当額は、以下のとおりです。 具体的な使途金額（千円）支出予定時期① 人件費・採用費65,400（0）2025年６月期② M&amp;A300,000（0）2025年６月期③ 広告宣伝費19,000（281,000）2025年６月期～2026年６月期 （注） 上記の表中の金額欄の括弧書きの数値は現時点における未充当額となります。なお、③について、本有価証券届出書提出日（2026年７月15日）現在において支出予定時期を経過しておりますが、決算処理中であり、未充当額の有無及びその額は確認中です。決算内容が確定し、未充当額があることが判明した場合には、速やかに支出予定時期の変更の開示を行います。",
2026-07-24T21:02:01+00:00,2026-07-23,2026-07-23 16:31,グリーンモンスター株式会社,E39408,157A0,訂正有価証券届出書（組込方式）,040,022001,S100YS32,経営方針・経営環境・対処すべき課題,経営方針,XBRL_TO_CSV/jpcrp020200-srs-001_E39408-000_2025-06-30_02_2026-07-23.csv,55,"要素ID,項目名,コンテキストID,相対年度,連結・個別,期間・時点,ユニットID,単位,値",edinet_csv_zip,3315,"要素ID: jpcrp_cor:InformationAboutPartiesToBeAllottedToTextBlock | 項目名: 割当予定先の状況 [テキストブロック] | コンテキストID: FilingDateInstant | 相対年度: 提出日時点 | 連結・個別: その他 | 期間・時点: 時点 | ユニットID: － | 単位: － | 値: １ 【割当予定先の状況】（1） 割当予定先の概要、及び提出者と割当予定先との間の関係ａ．割当予定先の概要名称マイルストーン・キャピタル・マネジメント株式会社本店の所在地東京都千代田区大手町一丁目６番１号代表者の役職及び氏名代表取締役 浦谷 元彦資本金10百万円事業の内容投資事業主たる出資者及びその出資比率浦谷 元彦 100％ｂ．提出者と割当予定先との間の関係出資関係該当事項はありません。人事関係該当事項はありません。資金関係該当事項はありません。技術又は取引等関係該当事項はありません。 （注） 割当予定先の概要の欄及び提出者と割当予定先の間の関係欄は、別途記載のある場合を除き、2026年7月14日現在におけるものです。 （2） 割当予定先の選定理由マイルストーン・キャピタル・マネジメント株式会社（以下「マイルストーン社」といいます。）を今回の割当予定先として選定いたしました理由は、以下のとおりであります。当社はこれまでも、事業の進捗を図るため必要となる資金の調達方法について、どのような方法が当社にとって最良の資金調達方法であるかを検討してまいりました。また、割当予定先の選定にあたっては、第一に純投資を目的として、当社の事業内容や中長期事業計画について当社の経営方針を尊重していただけること、第二に最終的に市場で売却することにより流動性向上に寄与していただけることを優先し、資金調達が適時に行われること、必要な資金が確保できる可能性が高いことを前提として、複数の割当予定先となり得る事業会社、投資会社等との協議・交渉を進めてまいりました。このような検討を進めるなかで、2025年より当社代表取締役が情報交換を続けていたマイルストーン社と、2026年４月頃より新株予約権を活用した資金調達について協議及び交渉を開始し、2026年５月に本資金調達の概要について合意いたしました。これをもって、当社は、2026年７月15日開催の取締役会決議においてマイルストーン社を割当予定先とする第三者割当の方法による新株予約権の発行を行うことといたしました。マイルストーン社は、2009年２月に、代表取締役の浦谷元彦氏により設立された、東京に拠点を置く投資事業を目的とした株式会社であり、既に日本の上場企業複数社で新株予約権の引受けの実績があり、払込みも確実に行っております。マイルストーン社から開示された資料を確認したところ、同社は設立以降本日現在までに、当社を除く上場企業約67社に対して、第三者割当による新株式、新株予約権及び新株予約権付社債の引受けを行っている実績があります。マイルストーン社がこれまで引受けを行った新株予約権は主に行使価額と目的株式数が固定された新株予約権であり、実質的に行使可能となるのは発行会社の株価が新株予約権の権利行使価額を上回る場合に限られます。発行会社の株価が権利行使価額を下回って推移する期間があることを勘案いたしますと、その行使実績からは、マイルストーン社による新株予約権の行使が市場動向に応じて適時に行われていることが推認できます。したがって、マイルストーン社を割当予定先として選定することは、適時の資金確保を図るという本新株予約権の発行目的に合致するものと考えております。また、本新株予約権は、「第１ 募集要項 １ 新規発行新株予約権証券（第７回新株予約権証券） （2） 新株予約権の内容等 （注）１．本新株予約権の発行により資金の調達をしようとする理由」に記載したとおり、現在、当社が採り得る資金調達手段の中でもっとも適した条件であり、資金調達の可能性が高いものであると判断いたしました。上記に加え、本新株予約権が全部行使された場合には、理論上は同社が当社の主要株主となりますが、本新株予約権には行使制限条項（上記「第１ 募集要項 １ 新規発行新株予約権証券（第７回新株予約権証券） （2） 新株予約権の内容等 注１．（2） 本新株予約権の概要 （イ）行使制限条項」をご参照ください。）が付されているため、同社が主要株主となることはございません。また、同社は市場動向を勘案しつつ適時株式を売却していく方針であり、当社の経営方針への悪影響を防止するべく当社の経営に介入する意思がないことにより、今般同社を割当予定先として選定することといたしました。 （3） 割り当てようとする株式の数本新株予約権の目的である株式の総数は、650,000株であり、その全てをマイルストーン社に割当てますが、その内訳は以下のとおりです。第７回新株予約権：普通株式100,000株第８回新株予約権：普通株式200,000株第９回新株予約権：普通株式350,000株 （4） 株券等の保有方針割当予定先とは保有方針に関して特段の取り決めはありませんが、割当予定先からは当社の企業価値向上を目指した純投資である旨の意向を表明していただいております。本新株予約権の行使により交付を受けることとなる当社普通株式については、市場動向を勘案しながら売却する方針と伺っております。 （5） 払込みに要する資金等の状況当社は、2025年２月１日から2026年１月31日に係る割当予定先の第14期事業報告書を受領し、その損益計算書により、当該期間の売上高6,500百万円、営業利益が1,429百万円、経常利益が1,447百万円、当期純利益が1,143百万円であることを確認し、また、貸借対照表により、2026年１月31日現在の純資産が4,696百万円、総資産が5,097百万円であることを確認いたしました。また、当社は割当予定先の預金口座の残高照会の写しを受領し、2026年５月28日現在の預金残高が約716百万円であることを確認し、払込みに必要な財産の存在を確認いたしました。当社が、割当予定先が本新株予約権の引受け及び本新株予約権の行使に係る資金を保有していると判断した理由といたしましては、財務諸表の各数値及び預金口座残高により財務の健全性が確認されたことと、本新株予約権の引受け及び本新株予約権の行使に必要な現金及び預金を保有していることを確認できたことによるものであります。割当予定先は、当社以外の会社の新株予約権も引き受けておりますが、それらの会社においても当社と概ね同様のスキームで、新株予約権の行使により取得した当該会社の株式を売却することにより、新たな新株予約権の行使に必要な資金を調達することが可能である旨を聴取により確認しております。以上より、当社は割当予定先が本新株予約権の発行価額総額の払込みに要する金額を有しているものと判断いたしました。 （6） 割当予定先の実態当社は、割当予定先から、反社会的勢力との関係がない旨の表明書を受領しております。当社においても割当予定先の法人、割当予定先の代表取締役、役員又は主要株主（主な出資者）が反社会的勢力とは関係がないことを確認するため、独自に専門の調査機関（株式会社トクチョー、東京都中央区日本橋大伝馬町11番８号、代表取締役社長荒川一枝）に調査を依頼いたしました。株式会社トクチョーからは、反社会的勢力等の関与事実が無い旨の調査報告書を受領し、また調査方法について確認したところ、登記簿謄本などの官公庁提出書類等の公開情報や、独自情報等から調査、分析をしたとの回答を得ております。当社は、当該報告・結果内容は妥当であり、割当予定先の法人、割当予定先の代表取締役、役員又は主要株主（主な出資者）は反社会的勢力とは一切関係がないと判断し、その旨の確認書を東京証券取引所に提出しています。",
2026-07-24T21:02:01+00:00,2026-07-23,2026-07-23 16:31,グリーンモンスター株式会社,E39408,157A0,訂正有価証券届出書（組込方式）,040,022001,S100YS32,臨時報告書：提出事由・発生事実,決定,XBRL_TO_CSV/jpcrp020200-srs-001_E39408-000_2025-06-30_02_2026-07-23.csv,57,"要素ID,項目名,コンテキストID,相対年度,連結・個別,期間・時点,ユニットID,単位,値",edinet_csv_zip,3448,"要素ID: jpcrp_cor:InformationAboutTermsOfIssuanceTextBlock | 項目名: 発行条件に関する事項 [テキストブロック] | コンテキストID: FilingDateInstant | 相対年度: 提出日時点 | 連結・個別: その他 | 期間・時点: 時点 | ユニットID: － | 単位: － | 値: ３ 【発行条件に関する事項】（1） 発行価格の算定根拠及び発行条件の合理性に関する考え方当社は、本新株予約権の発行要項及び割当予定先との間で締結する予定の本新株予約権の引受契約（以下「本引受契約」といいます。）に定められた諸条件を考慮した本新株予約権の評価を第三者算定機関である株式会社プルータス・コンサルティング（住所：東京都千代田区霞が関三丁目２番５号、代表者：野口真人）（以下「プルータス」といいます。）に依頼しました。当社はプルータスが第三者割当増資の引受案件において多数の評価実績があり、新株予約権の発行実務及び価値評価に関する十分な専門知識・経験を有すると認められることから本新株予約権の第三者算定機関に選定いたしました。プルータスと当社及び割当予定先との間には、重要な利害関係はありません。 プルータスは、価格算定に使用する価格算定モデルの決定にあたって、ブラック・ショールズ・モデルや二項モデルといった他の価格算定モデルとの比較及び検討を実施した上で、本新株予約権の発行要項及び割当予定先との間で締結する予定の本引受契約に定められたその他の諸条件を相対的に適切に算定結果に反映できる価格算定モデルとして、一般的な価格算定モデルのうちモンテカルロ・シミュレーションを用いて本新株予約権の評価を実施しております。また、当該算定機関は、評価基準日（2026年７月14日）の市場環境や割当予定先の権利行使行動等を考慮した一定の前提（当社は、第７回新株予約権が行使されたのち、第８回及び第９回新株予約権についても随時行使許可を行うが、基本的には割当予定先による本新株予約権の行使を待つものとする）（当社の株価（868円）、ボラティリティ（66.34％）、配当利回り（1.15％）、無リスク利子率（1.446％）及び市場出来高を含みます。）について一定の前提を置き、株式の流動性から売却可能株数を想定して評価を実施しております。 当社は、プルータスが上記前提条件を基に算定した評価額を参考に、割当予定先との間での協議を経て、本新株予約権の１個当たりの払込金額を当該評価額と同額（第７回新株予約権1,900円、第８回新株予約権630円、第９回新株予約権100円）としました。 本新株予約権の発行価額の決定にあたっては、当該算定機関が公正な評価額に影響を及ぼす可能性のある事象を前提として考慮し、新株予約権の評価額の算定手法として一般的に用いられているモンテカルロ・シミュレーションを用いて公正価値を算定していることから、当該算定機関の算定結果は合理的な公正価格であると考えられるところ、払込金額が算定結果である評価額と同額とされているため、本新株予約権の発行価額はいずれも有利発行には該当せず、適正かつ妥当な価額であると判断いたしました。また、本新株予約権の行使価額については、本新株予約権発行に係る取締役会決議日の前取引日（2026年７月14日）の東京証券取引所における普通取引の終値868円を参考として、第７回新株予約権について1,250円、第８回新株予約権について2,050円、第９回新株予約権について2,500円に決定いたしました。当社はあらかじめ将来の株価上昇を見越し、段階的に株式を発行できることを期待して行使許可条項を設定しております。本新株予約権は、かかる設定を通じて、当社の持続的成長のための資金需要や株価動向を総合的に判断しつつ機動的な資金調達が可能となると考え、急激な株式の希薄化も考慮し、３段階の新株予約権の行使価額が妥当であると当社が決定したものであります。なお、本新株予約権の行使価額の当該直前営業日までの１か月間の終値平均879円に対する乖離率は第７回新株予約権42.21％、第８回新株予約権133.22％、第９回新株予約権184.41％であり、当該直前営業日までの３か月間の終値平均931円に対する乖離率は第７回新株予約権34.26％、第８回新株予約権120.19％、第９回新株予約権168.53％、当該直前営業日までの６か月間の終値平均1,031円に対する乖離率は第７回新株予約権21.24％、第８回新株予約権98.84％、第９回新株予約権142.48％となっております。本新株予約権の行使価額の算定方法について、本新株予約権発行に係る取締役会決議日の前取引日終値を参考値として採用いたしましたのは、当社の過去１年間の株価は変動幅が大きく、ボラティリティが高まっており、過去１か月平均、３か月平均、６か月平均といった過去の特定期間の終値平均株価を用いて行使価額を算定するのは、必ずしも直近の当社株式の価値を公正に反映していないと考えられ、当該取締役会決議日の前取引日終値に形成されている株価が、直近の市場価格として、当社の株式価値をより適正に反映していると判断したためであります。なお、当社監査役３名（うち社外監査役２名）は、発行要項の内容の説明を受けた結果に加え、本新株予約権に係る本評価報告書の結果を踏まえ検討し、当社及び割当予定先から独立した第三者算定機関であるプルータスが本新株予約権の算定を行っていること、プルータスによる本新株予約権の価格算定方法は金融工学により一般的に認められた合理的な方法であること、本新株予約権の評価額に影響を及ぼす可能性のある主要な事実をその評価の基礎とし、その算定過程及び前提条件等に関して不合理な点は見当たらないこと、本新株予約権の払込金額とその公正な価値とは同額であることから、本新株予約権の発行はプルータスの算定結果に照らして割当予定先に特に有利でなく、取締役の判断について法令に違反する重大な事実は認められないとの意見を表明しております。 （2） 発行数量及び株式の希薄化の規模の合理性に関する考え方本新株予約権の行使による発行株式数は650,000株であり、2026年７月15日現在の当社発行済株式総数3,314,900株に対し19.61％（2026年７月15日現在の当社議決権個数32,303個に対しては20.12％）の割合の希薄化が生じます。これにより既存株主様におきましては、株式持分及び議決権比率が低下いたします。また、１株当たり純資産額が低下するおそれがあります。しかしながら、本第三者割当は、事業基盤の強化及び成長領域への戦略投資を着実に推進し、中長期的な企業価値の向上を図ることを目的に行うものであり、当社企業グループ全体での売上高及び利益の向上並びに財務体質の安定化につながることから、中長期的には企業価値の向上による既存株主の皆様の利益拡大が図られると考えております。なお、上記「第１ 募集要項 １ 新規発行新株予約権証券（第７回新株予約権証券） (2）新株予約権の内容等 （注）１．本新株予約権の発行により資金の調達をしようとする理由」に記載のとおり、本新株予約権のうち第８回新株予約権及び第９回新株予約権は、行使許可条項が付されており、また、本新株予約権に付されている取得条項に基づき一定条件を満たせば残存する新株予約権の全部又は一部を当社が取得することも可能であることから、株式の急激な希薄化を抑制することが可能であり、当社の株価が上昇し、より有利な条件での資金調達手段が見つかるなどした場合は、その時点で残存する新株予約権を取得する予定です。また、当社の過去３期の１株当たり当期純利益は、2023年６月期49.83円、2024年６月期59.33円、2025年６月期10.37円となっております。本資金調達により選択と集中を図り、持続的な成長をすることにより、当期純利益の改善が図れるものと考えております。以上の理由により、当社といたしましては、本新株予約権の発行は、企業価値、株主価値の向上に寄与するものと見込まれ、既存株主の利益にも資するものと判断しており、今回の発行数量及び株式の希薄化規模は合理的であると考えております。",
2026-07-24T21:02:01+00:00,2026-07-23,2026-07-23 16:31,グリーンモンスター株式会社,E39408,157A0,訂正有価証券届出書（組込方式）,040,022001,S100YS32,大株主の状況,大株主の状況,XBRL_TO_CSV/jpcrp020200-srs-001_E39408-000_2025-06-30_02_2026-07-23.csv,59,"要素ID,項目名,コンテキストID,相対年度,連結・個別,期間・時点,ユニットID,単位,値",edinet_csv_zip,1357,"要素ID: jpcrp_cor:MajorShareholdersAfterThirdPartyAllotmentTextBlock | 項目名: 第三者割当後の大株主の状況 [テキストブロック] | コンテキストID: FilingDateInstant | 相対年度: 提出日時点 | 連結・個別: その他 | 期間・時点: 時点 | ユニットID: － | 単位: － | 値: ５ 【第三者割当後の大株主の状況】 氏名又は名称住所所有株式数（株）総議決権数に対する所有議決権数の割合（％）割当後の所有株式数（株）割当後の総議決権数に対する所有議決権数の割合（％）Sumo Japan Ventures Segregated Portfolio of Fundviews SPC Ltd.（常任代理人 株式会社三菱ＵＦＪ銀行）PO BOX 116, ROAD TOWN, TORTOLA, BRITISH VIRGIN ISLANDS（千代田区丸の内一丁目４番）909,84028.16909,84023.45マイルストーン・キャピタル・マネジメント株式会社東京都千代田区大手町一丁目６番１号――650,00016.75豊田 亜理沙東京都渋谷区322,0009.97322,0008.30小川 亮東京都世田谷区162,7605.04162,7604.19ABN AMRO CLEARING BANK N.V.,SINGAPORE BRANCH（常任代理人 エービーエヌ・アムロ・クリアリング証券株式会社）FRASERS TOWER SINGAPORE 069547（港区愛宕二丁目５番１号）120,1003.72120,1003.10久保 ひふみ東京都足立区110,0003.41110,0002.83ＧＭＯクリック証券株式会社東京都渋谷区道玄坂一丁目２番３号102,9003.19102,9002.65ＷＭグロース４号投資事業有限責任組合東京都千代田区麹町三丁目２番地90,0002.7990,0002.32楽天証券株式会社共有口東京都港区南青山二丁目６番21号67,2002.0867,2001.73株式会社ＳＢＩ証券東京都港区六本木一丁目６番１号55,1071.7155,1071.42計－1,939,90760.052,589,90766.74 （注） １．割当前の「所有株式数」及び「総議決権数に対する所有議決権数の割合」は、2026年３月31日現在の株主名簿上の株式数により作成しております。２．「割当後の総議決権数に対する所有議決権数の割合」は、「割当後の所有株式数」に係る議決権の数を、2026年６月30日時点の総議決権数32,303個に、本新株予約権の目的となる株式の発行により増加する議決権数（6,500個）を加えた数で除して算出しております。３．割当前の「総議決権数に対する所有議決権数の割合」及び「割当後の総議決権数に対する所有議決権数の割合」は、小数点第３位を四捨五入しております。４．割当予定先の「割当後の所有株式数」は、割当予定先が本新株予約権の行使により取得する当社普通株式を全て保有した場合の数となります。割当予定先の保有方針は純投資であり、長期保有は見込まれない予定です。",
2026-07-24T21:02:01+00:00,2026-07-23,2026-07-23 16:31,グリーンモンスター株式会社,E39408,157A0,訂正有価証券届出書（組込方式）,040,022001,S100YS32,大量保有：保有割合・増減,増加,XBRL_TO_CSV/jpcrp020200-srs-001_E39408-000_2025-06-30_02_2026-07-23.csv,59,"要素ID,項目名,コンテキストID,相対年度,連結・個別,期間・時点,ユニットID,単位,値",edinet_csv_zip,1357,"要素ID: jpcrp_cor:MajorShareholdersAfterThirdPartyAllotmentTextBlock | 項目名: 第三者割当後の大株主の状況 [テキストブロック] | コンテキストID: FilingDateInstant | 相対年度: 提出日時点 | 連結・個別: その他 | 期間・時点: 時点 | ユニットID: － | 単位: － | 値: ５ 【第三者割当後の大株主の状況】 氏名又は名称住所所有株式数（株）総議決権数に対する所有議決権数の割合（％）割当後の所有株式数（株）割当後の総議決権数に対する所有議決権数の割合（％）Sumo Japan Ventures Segregated Portfolio of Fundviews SPC Ltd.（常任代理人 株式会社三菱ＵＦＪ銀行）PO BOX 116, ROAD TOWN, TORTOLA, BRITISH VIRGIN ISLANDS（千代田区丸の内一丁目４番）909,84028.16909,84023.45マイルストーン・キャピタル・マネジメント株式会社東京都千代田区大手町一丁目６番１号――650,00016.75豊田 亜理沙東京都渋谷区322,0009.97322,0008.30小川 亮東京都世田谷区162,7605.04162,7604.19ABN AMRO CLEARING BANK N.V.,SINGAPORE BRANCH（常任代理人 エービーエヌ・アムロ・クリアリング証券株式会社）FRASERS TOWER SINGAPORE 069547（港区愛宕二丁目５番１号）120,1003.72120,1003.10久保 ひふみ東京都足立区110,0003.41110,0002.83ＧＭＯクリック証券株式会社東京都渋谷区道玄坂一丁目２番３号102,9003.19102,9002.65ＷＭグロース４号投資事業有限責任組合東京都千代田区麹町三丁目２番地90,0002.7990,0002.32楽天証券株式会社共有口東京都港区南青山二丁目６番21号67,2002.0867,2001.73株式会社ＳＢＩ証券東京都港区六本木一丁目６番１号55,1071.7155,1071.42計－1,939,90760.052,589,90766.74 （注） １．割当前の「所有株式数」及び「総議決権数に対する所有議決権数の割合」は、2026年３月31日現在の株主名簿上の株式数により作成しております。２．「割当後の総議決権数に対する所有議決権数の割合」は、「割当後の所有株式数」に係る議決権の数を、2026年６月30日時点の総議決権数32,303個に、本新株予約権の目的となる株式の発行により増加する議決権数（6,500個）を加えた数で除して算出しております。３．割当前の「総議決権数に対する所有議決権数の割合」及び「割当後の総議決権数に対する所有議決権数の割合」は、小数点第３位を四捨五入しております。４．割当予定先の「割当後の所有株式数」は、割当予定先が本新株予約権の行使により取得する当社普通株式を全て保有した場合の数となります。割当予定先の保有方針は純投資であり、長期保有は見込まれない予定です。",
2026-07-24T21:02:01+00:00,2026-07-23,2026-07-23 16:31,グリーンモンスター株式会社,E39408,157A0,訂正有価証券届出書（組込方式）,040,022001,S100YS32,事業等のリスク,事業等のリスク,XBRL_TO_CSV/jpcrp020200-srs-001_E39408-000_2025-06-30_02_2026-07-23.csv,67,"要素ID,項目名,コンテキストID,相対年度,連結・個別,期間・時点,ユニットID,単位,値",edinet_csv_zip,7660,"要素ID: jpcrp_cor:AdditionalSupplementaryInformationTextBlock | 項目名: 追完情報 [テキストブロック] | コンテキストID: FilingDateInstant | 相対年度: 提出日時点 | 連結・個別: その他 | 期間・時点: 時点 | ユニットID: － | 単位: － | 値: 第三部 【追完情報】 １．事業等のリスクについて 「第四部 組込情報」に記載の有価証券報告書（第12期、提出日2025年９月24日）及び訂正有価証券報告書（第12期、提出日2025年９月25日）並びに半期報告書（第13期中、提出日2026年２月13日）（以下「有価証券報告書等」といいます。）の提出日以降、本有価証券届出書提出日（2026年７月15日）までの間において、当該有価証券報告書等に記載された「事業等のリスク」について、以下を追加いたします。以下の見出しに付された項目番号は、有価証券報告書における「事業等のリスク」の項目番号に対応したものであり、文中の下線部分が変更箇所です。 （事業等のリスクの追加事項）【事業等のリスク】(1)、(2) （略）(3) その他のリスク①～⑥ （略）⑦代表取締役に関するハラスメントの疑いについて発生可能性：中、発生する可能性のある時期：１年以内、影響度：中当社は、当社監査役から、当社代表取締役の過去の業務外の会食の場における、ハラスメントの疑いがある言動に関する申立書を受領いたしました。現時点において、当社として当該申立内容に関する事実認定や法的評価を行っておりませんが、事実関係を客観的に調査するため、2026年６月24日開催の取締役会において、当社と利害関係を有しない弁護士で構成する第三者委員会を設置することを決定いたしました。この第三者委員会は、日本弁護士連合会が策定した「企業等不祥事における第三者委員会ガイドライン」に準拠するものです。 なお、当社業績への影響については、現在精査中です。 また、当該有価証券報告書等に記載されている将来に関する事項は、本有価証券届出書提出日（2026年７月15日）現在においても変更の必要はないものと判断しております。 ２．臨時報告書の提出「第四部 組込情報」に記載の第12期有価証券報告書の提出日（2025年９月24日）以降、本有価証券届出書提出日（2026年７月15日）までの間において、以下の臨時報告書及び臨時報告書の訂正報告書を関東財務局長に提出しております。（2025年９月26日提出の臨時報告書）１ 提出理由2025年９月25日開催の当社第12期定時株主総会において、決議事項が決議されましたので、金融商品取引法第24条の５第４項及び企業内容等の開示に関する内閣府令第19条第２項第９号の２の規定に基づき、本臨時報告書を提出するものであります。 ２ 報告内容（1） 株主総会が開催された年月日2025年９月25日 （2） 決議事項の内容第１号議案 定款一部変更の件将来の事業領域の拡充に備え、現行定款第２条の事業目的を追加する。 第２号議案 取締役３名選任の件取締役として、小川亮、藤沢亜理沙、軒名彰の各氏を選任する。 第３号議案 監査役１名選任の件監査役として、宮腰哲也氏を選任する。 （3） 決議事項に対する賛成、反対及び棄権の意思の表示に係る議決権の数、当該決議事項が可決されるための要件並びに当該決議の結果 決議事項賛成数（個）反対数（個）棄権数（個）可決要件決議の結果及び賛成割合（％）第１号議案21,2561010（注）１可決 98.86第２号議案 （注）２ 小川亮21,1971600可決 98.58藤沢亜理沙21,2441130可決 98.80軒名彰21,2451120可決 98.80第３号議案 （注）２ 宮腰哲也21,2021550可決 98.60 （注） １．議決権を行使することができる株主の議決権の３分の１以上を有する株主が出席し、出席した当該株主の議決権の３分の２以上の賛成による。２．議決権を行使することができる株主の議決権の３分の１以上を有する株主が出席し、出席した当該株主の議決権の過半数の賛成による。 （4） 株主総会に出席した株主の議決権の数の一部を加算しなかった理由本総会前日までの事前行使分及び当日出席の一部の株主のうち賛否に関して確認できたものを合計したことにより、決議事項の可決又は否決が明らかになったため、本総会当日出席の株主のうち、賛成、反対及び棄権の確認ができていない議決権数は加算しておりません。 （2025年11月５日提出の臨時報告書）１ 提出理由当社は、2025年10月10日の取締役会において、当社が保有するブラックモンスター株式会社の全株式を譲渡することを決議いたしました。これにより、当社の特定子会社の異動が発生する事になりましたので、金融商品取引法第24条の５第４項及び企業内容等の開示に関する内閣府令第19条第２項第３号の規定に基づき、本臨時報告書を提出するものであります。 ２ 報告内容１．特定子会社の異動に関する事項（企業内容等の開示に関する内閣府令第19条第２項第３号に基づく報告）（1） 当該異動に係る特定子会社の名称、住所、代表者の氏名、資本金及び事業の内容① 名称：ブラックモンスター株式会社② 住所：東京都渋谷区神南１丁目４番９号③ 代表者の氏名：代表取締役 岩尾 達大④ 資本金：10百万円⑤ 事業の内容：外壁塗装業者向け営業支援サービス （2） 当該異動の前後における当社の所有に係る当該特定子会社の議決権の数及び当該特定子会社の総株主等の議決権に対する割合① 当社の所有に係る当該特定子会社の議決権の数異動前 1,000個異動後 －個 ② 総株主等の議決権に対する割合異動前 100.0％異動後 －％ （3） 当該異動の理由及びその年月日① 異動の理由当社は、2024年10月に外壁塗装業者向け営業支援サービス「カベナビJAPAN」を事業譲受し、その運営主体として2024年11月に100％子会社であるブラックモンスター社を設立いたしました。事業譲受後、当社グループとしては、経営管理体制の整備やサービス運営体制の強化を進め、ブラックモンスター社は当初計画に沿った事業運営を継続しております。一方で、当社グループ全体の中長期的な成長戦略および経営資源の最適配分の観点から、当該事業に対して追加的な投資やリソースを投入するよりも、他の重点事業領域に経営資源を集中させることが企業価値の向上につながると判断し、ブラックモンスター社の株式を譲渡することを決定いたしました。当社グループのコア事業ドメインである金融教育や資産形成およびその周辺・関連分野に対する社会的な関心は一層高まっております。当社は、資本効率の最大化および経営資源の最適配分の観点から、常に事業ポートフォリオ全体をモニタリングし、最適な経営判断を行う体制を維持しております。今後は、当該コア事業ドメインに経営資源を重点的に投下する方針をより明確化するとともに、将来を見据えた事業ポートフォリオの最適化に注力することが当社グループにとって最善と判断し、ブラックモンスター社の株式譲渡について検討を重ねてまいりました。その結果、ブラックモンスター社の事業成長に最適な経営主体として、株式会社フロンティアファーストのもとで事業成長を加速させることが、ブラックモンスター社のさらなる発展につながるとの結論に至りました。これらを踏まえ、当社は保有するブラックモンスター社の全株式を株式会社フロンティアファーストに譲渡することを決定いたしました。 ② 異動の年月日2025年10月10日 （2025年11月20日提出の臨時報告書）１ 提出理由当社及び当社グループの財政状態、経営成績及びキャッシュ・フローの状況に著しい影響を与える事象が発生いたしましたので、金融商品取引法第24条の５第４項並びに企業内容等の開示に関する内閣府令第19条第２項第12号及び19号の規定に基づき、本臨時報告書を提出するものであります。 ２ 報告内容（1） 当該事象の発生年月日2025年11月13日（取締役会決議日） （2） 当該事象の内容当社グループのＢＰＯ及びＤＸ事業における固定資産について、今後の事業環境の変化や業績見通し等を勘案し将来の回収可能性について慎重に検討した結果、30,192千円の減損損失を特別損失として計上いたしました。また、当社の連結子会社であるブラックモンスター株式会社の株式について、今後の事業環境等を勘案し売却したことに伴い、17,514千円の関係会社株式売却損を特別損失として計上いたしました。 （3） 当該事業の損益及び連結損益に与える影響額当該事象の発生により、2026年６月期の個別決算及び連結決算において、下記のとおり特別損失を計上する予定であります。・個別決算関係会社株式売却損 8,400千円・連結決算関係会社株式売却損 17,514千円減損損失 30,192千円 （2025年11月20日提出の臨時報告書）１ 提出理由当社は、2025年11月13日付で、当社の主要株主である小川亮より、同氏が保有する当社普通株式939,840株を市場外での相対取引により、Sumo Japan Ventures Segregated Portfolio of Fundviews SPC Ltd.へ譲渡する旨の報告を受けました。これにより、当社の主要株主に異動が生じる予定ですので、金融商品取引法第24条の５第４項及び企業内容等の開示に関する内閣府令第19条第２項第４号の規定に基づき、本臨時報告書を提出するものであります。 ２ 報告内容（1） 当該異動に係る主要株主の氏名又は名称主要株主となるもの Sumo Japan Ventures Segregated Portfolio of Fundviews SPC Ltd.主要株主でなくなるもの 小川亮 （2） 当該異動前後における当該主要株主の所有議決権の数及びその株主等の議決権に対する割合① 主要株主となるものSumo Japan Ventures Segregated Portfolio of Fundviews SPC Ltd. 所有議決権の数総株主等の議決権に対する割合異動前－個－％異動後9,398個30.02％ ② 主要株主でなくなるもの小川亮 所有議決権の数総株主等の議決権に対する割合異動前（2025年6月30日現在）11,500個36.74％異動後2,102個6.71％ 注１） 小川亮の所有議決権の数には、Don’t Look Back in Anger株式会社が所有している株式数（400個）を含めた実質所有により記載しております。注２） 総株主の議決権に対する割合は、2025年６月30日現在の総議決権数31,304個を分母として計算（小数点以下第三位を四捨五入）しております。 （3） 当該異動の年月日2025年11月21日から2025年12月15日までの間のいずれかの日（ただし、当事者間で合意した日とします） （4） 本報告書提出日現在の資本金の額及び発行済み株式総数資本金の額 35,165,250円発行済株式総数 普通株式 3,224,300株 （2025年12月15日提出の臨時報告書の訂正報告書）１ 臨時報告書の訂正報告書の提出理由当社は、当社の主要株主の異動について、金融商品取引法第24条の５第４項及び企業内容等の開示に関する内閣府令第19条第２項第４号の規定に基づき、2025年11月20日付で臨時報告書を提出しておりますが、当該臨時報告書の記載事項に一部変更がありましたので、金融商品取引法第24条の５第５項の規定に基づき、上記臨時報告書の訂正報告書を提出するものであります。 ２ 訂正事項訂正箇所は下線で示しております。 （3） 当該異動の年月日（訂正前）2025年11月21日から2025年12月15日までの間のいずれかの日（ただし、当事者間で合意した日とします）（訂正後）2025年12月15日から2026年１月６日までの間のいずれかの日（ただし、当事者間で合意した日とします） （2025年12月26日提出の臨時報告書の訂正報告書）１ 臨時報告書の訂正報告書の提出理由当社は、当社の主要株主の異動について、金融商品取引法第24条の５第４項及び企業内容等の開示に関する内閣府令第19条第２項第４号の規定に基づき、2025年11月20日付で臨時報告書を、2025年12月15日付で訂正臨時報告書をそれぞれ提出しておりますが、当該臨時報告書の記載事項に一部変更がありましたので、金融商品取引法第24条の５第５項の規定に基づき、上記臨時報告書の訂正報告書を提出するものであります。 ２ 訂正事項訂正箇所は下線で示しております。 （3） 当該異動の年月日（訂正前）2025年12月15日から2026年１月６日までの間のいずれかの日（ただし、当事者間で合意した日とします）（訂正後）2025年12月22日 （2026年２月16日提出の臨時報告書）１ 提出理由当社は、2026年２月13日開催の取締役会において、当社の特定子会社となる株式会社Financial Free Collegeの設立、および当該子会社が株式会社バイアンドホールドより投資スクール事業を譲り受けることを決議いたしました。つきましては、金融商品取引法第24条の５第４項並びに企業内容等の開示に関する内閣府令第19条第２項第３号及び第16号の規定に基づき、本臨時報告書を提出するものであります。 ２ 報告内容（1） 当該子会社の概要① 名称 ：株式会社Financial Free College② 住所 ：東京都渋谷区神南一丁目４番９号③ 代表者の氏名 ：代表取締役社長 小川 亮④ 資本金 ：10,000千円⑤ 事業内容 ：投資スクール事業の運営 （2） 当該異動の前後における当社の所有に係る当該特定子会社の議決権の数及び総株主等の議決権に対する割合① 異動前議決権の数 ：０個（うち直接所有：０個）議決権の割合 ：０％（うち直接所有：０％）② 異動後議決権の数 ：10,000個（うち直接所有：10,000個）議決権の割合 ：100％（うち直接所有：100％） （3） 当該異動の理由及び年月日① 異動の理由当社による100％出資子会社設立により、当該子会社の資本金の額が当社の資本金の額の100分の10以上に相当し、当社の特定子会社に該当することとなるためであります。② 異動年月日2026年２月27日（予定） （4） 当該事業の譲受先の名称、住所、代表者の氏名、資本金及び事業の内容① 名称 ：株式会社バイアンドホールド② 住所 ：神奈川県逗子市桜山８－１－３グレイス桜山２０１③ 代表者の氏名：代表取締役 山口 貴大④ 資本金 ：9,990千円⑤ 事業の内容 ：投資スクールの運営 （5） 当該事業の譲受けの目的資産形成支援事業における新たな収益機会の創出およびグループ全体の成長を目的とし、本事業の譲受を決定いたしました。 （6） 当該事業の譲受けの契約の内容① 譲受ける事業の内容投資スクール（Financial Free College）事業② 譲受価額300百万円③ 日程取締役会決議日 2026年２月13日譲受契約締結日 2026年２月27日（予定）事業譲受実行日 2026年２月27日（予定） （2026年６月３日提出の臨時報告書）１ 提出理由2026年６月３日開催の当社第13期臨時株主総会において、決議事項が決議されましたので、金融商品取引法第24条の５第４項及び企業内容等の開示に関する内閣府令第19条第２項第９号の２の規定に基づき、本臨時報告書を提出するものであります。 ２ 報告内容（1） 株主総会が開催された年月日2026年６月３日 （2） 決議事項の内容第１号議案 定款一部変更の件発行可能株式総数を12,760,000株から13,259,600株に変更する。 第２号議案 取締役３名選任の件取締役として、WilliamWang、渡邊竜士、RyanRabagliaの各氏を選任する。 （3） 決議事項に対する賛成、反対及び棄権の意思の表示に係る議決権の数、当該決議事項が可決されるための要件並びに当該決議の結果 決議事項賛成数（個）反対数（個）棄権数（個）可決要件決議の結果及び賛成割合（％）第１号議案18,7131110（注）１可決 99.02第２号議案 （注）２ WilliamWang18,7001260可決 98.94渡邊竜士18,7041220可決 98.96RyanRabaglia18,6991270可決 98.94 （注） １．議決権を行使することができる株主の議決権の３分の１以上を有する株主が出席し、出席した当該株主の議決権の３分の２以上の賛成による。２．議決権を行使することができる株主の議決権の３分の１以上を有する株主が出席し、出席した当該株主の議決権の過半数の賛成による。 （4） 株主総会に出席した株主の議決権の数の一部を加算しなかった理由本総会前日までの事前行使分及び当日出席の一部の株主のうち賛否に関して確認できたものを合計したことにより、決議事項の可決又は否決が明らかになったため、本総会当日出席の株主のうち、賛成、反対及び棄権の確認ができていない議決権数は加算しておりません。 ３．資本金の増減「第四部 組込情報」に記載の有価証券報告書（第12期、提出日2025年９月24日）「第一部 企業情報 第４ 提出会社の状況 １ 株式等の状況 （4） 発行済株式総数、資本金等の推移」に記載の資本金等は、当該有価証券報告書の提出日（2025年９月24日）以降、本有価証券届出書提出日（2026年７月15日）までの間において、以下のとおり増加しております。 年月日発行済株式総数増減数（株）発行済株式総数残高（株）資本金増減額（千円）資本金残高（千円）資本準備金増減額（千円）資本準備金残高（千円）2025年９月25日～2026年７月15日100,2003,314,90011,18645,37011,18513,470 （注） 新株予約権の行使に伴う新株式発行による増加であります。",
2026-07-24T21:02:01+00:00,2026-07-23,2026-07-23 16:31,グリーンモンスター株式会社,E39408,157A0,訂正有価証券届出書（組込方式）,040,022001,S100YS32,経営成績等の状況・MD&A,財政状態,XBRL_TO_CSV/jpcrp020200-srs-001_E39408-000_2025-06-30_02_2026-07-23.csv,67,"要素ID,項目名,コンテキストID,相対年度,連結・個別,期間・時点,ユニットID,単位,値",edinet_csv_zip,7660,"要素ID: jpcrp_cor:AdditionalSupplementaryInformationTextBlock | 項目名: 追完情報 [テキストブロック] | コンテキストID: FilingDateInstant | 相対年度: 提出日時点 | 連結・個別: その他 | 期間・時点: 時点 | ユニットID: － | 単位: － | 値: 第三部 【追完情報】 １．事業等のリスクについて 「第四部 組込情報」に記載の有価証券報告書（第12期、提出日2025年９月24日）及び訂正有価証券報告書（第12期、提出日2025年９月25日）並びに半期報告書（第13期中、提出日2026年２月13日）（以下「有価証券報告書等」といいます。）の提出日以降、本有価証券届出書提出日（2026年７月15日）までの間において、当該有価証券報告書等に記載された「事業等のリスク」について、以下を追加いたします。以下の見出しに付された項目番号は、有価証券報告書における「事業等のリスク」の項目番号に対応したものであり、文中の下線部分が変更箇所です。 （事業等のリスクの追加事項）【事業等のリスク】(1)、(2) （略）(3) その他のリスク①～⑥ （略）⑦代表取締役に関するハラスメントの疑いについて発生可能性：中、発生する可能性のある時期：１年以内、影響度：中当社は、当社監査役から、当社代表取締役の過去の業務外の会食の場における、ハラスメントの疑いがある言動に関する申立書を受領いたしました。現時点において、当社として当該申立内容に関する事実認定や法的評価を行っておりませんが、事実関係を客観的に調査するため、2026年６月24日開催の取締役会において、当社と利害関係を有しない弁護士で構成する第三者委員会を設置することを決定いたしました。この第三者委員会は、日本弁護士連合会が策定した「企業等不祥事における第三者委員会ガイドライン」に準拠するものです。 なお、当社業績への影響については、現在精査中です。 また、当該有価証券報告書等に記載されている将来に関する事項は、本有価証券届出書提出日（2026年７月15日）現在においても変更の必要はないものと判断しております。 ２．臨時報告書の提出「第四部 組込情報」に記載の第12期有価証券報告書の提出日（2025年９月24日）以降、本有価証券届出書提出日（2026年７月15日）までの間において、以下の臨時報告書及び臨時報告書の訂正報告書を関東財務局長に提出しております。（2025年９月26日提出の臨時報告書）１ 提出理由2025年９月25日開催の当社第12期定時株主総会において、決議事項が決議されましたので、金融商品取引法第24条の５第４項及び企業内容等の開示に関する内閣府令第19条第２項第９号の２の規定に基づき、本臨時報告書を提出するものであります。 ２ 報告内容（1） 株主総会が開催された年月日2025年９月25日 （2） 決議事項の内容第１号議案 定款一部変更の件将来の事業領域の拡充に備え、現行定款第２条の事業目的を追加する。 第２号議案 取締役３名選任の件取締役として、小川亮、藤沢亜理沙、軒名彰の各氏を選任する。 第３号議案 監査役１名選任の件監査役として、宮腰哲也氏を選任する。 （3） 決議事項に対する賛成、反対及び棄権の意思の表示に係る議決権の数、当該決議事項が可決されるための要件並びに当該決議の結果 決議事項賛成数（個）反対数（個）棄権数（個）可決要件決議の結果及び賛成割合（％）第１号議案21,2561010（注）１可決 98.86第２号議案 （注）２ 小川亮21,1971600可決 98.58藤沢亜理沙21,2441130可決 98.80軒名彰21,2451120可決 98.80第３号議案 （注）２ 宮腰哲也21,2021550可決 98.60 （注） １．議決権を行使することができる株主の議決権の３分の１以上を有する株主が出席し、出席した当該株主の議決権の３分の２以上の賛成による。２．議決権を行使することができる株主の議決権の３分の１以上を有する株主が出席し、出席した当該株主の議決権の過半数の賛成による。 （4） 株主総会に出席した株主の議決権の数の一部を加算しなかった理由本総会前日までの事前行使分及び当日出席の一部の株主のうち賛否に関して確認できたものを合計したことにより、決議事項の可決又は否決が明らかになったため、本総会当日出席の株主のうち、賛成、反対及び棄権の確認ができていない議決権数は加算しておりません。 （2025年11月５日提出の臨時報告書）１ 提出理由当社は、2025年10月10日の取締役会において、当社が保有するブラックモンスター株式会社の全株式を譲渡することを決議いたしました。これにより、当社の特定子会社の異動が発生する事になりましたので、金融商品取引法第24条の５第４項及び企業内容等の開示に関する内閣府令第19条第２項第３号の規定に基づき、本臨時報告書を提出するものであります。 ２ 報告内容１．特定子会社の異動に関する事項（企業内容等の開示に関する内閣府令第19条第２項第３号に基づく報告）（1） 当該異動に係る特定子会社の名称、住所、代表者の氏名、資本金及び事業の内容① 名称：ブラックモンスター株式会社② 住所：東京都渋谷区神南１丁目４番９号③ 代表者の氏名：代表取締役 岩尾 達大④ 資本金：10百万円⑤ 事業の内容：外壁塗装業者向け営業支援サービス （2） 当該異動の前後における当社の所有に係る当該特定子会社の議決権の数及び当該特定子会社の総株主等の議決権に対する割合① 当社の所有に係る当該特定子会社の議決権の数異動前 1,000個異動後 －個 ② 総株主等の議決権に対する割合異動前 100.0％異動後 －％ （3） 当該異動の理由及びその年月日① 異動の理由当社は、2024年10月に外壁塗装業者向け営業支援サービス「カベナビJAPAN」を事業譲受し、その運営主体として2024年11月に100％子会社であるブラックモンスター社を設立いたしました。事業譲受後、当社グループとしては、経営管理体制の整備やサービス運営体制の強化を進め、ブラックモンスター社は当初計画に沿った事業運営を継続しております。一方で、当社グループ全体の中長期的な成長戦略および経営資源の最適配分の観点から、当該事業に対して追加的な投資やリソースを投入するよりも、他の重点事業領域に経営資源を集中させることが企業価値の向上につながると判断し、ブラックモンスター社の株式を譲渡することを決定いたしました。当社グループのコア事業ドメインである金融教育や資産形成およびその周辺・関連分野に対する社会的な関心は一層高まっております。当社は、資本効率の最大化および経営資源の最適配分の観点から、常に事業ポートフォリオ全体をモニタリングし、最適な経営判断を行う体制を維持しております。今後は、当該コア事業ドメインに経営資源を重点的に投下する方針をより明確化するとともに、将来を見据えた事業ポートフォリオの最適化に注力することが当社グループにとって最善と判断し、ブラックモンスター社の株式譲渡について検討を重ねてまいりました。その結果、ブラックモンスター社の事業成長に最適な経営主体として、株式会社フロンティアファーストのもとで事業成長を加速させることが、ブラックモンスター社のさらなる発展につながるとの結論に至りました。これらを踏まえ、当社は保有するブラックモンスター社の全株式を株式会社フロンティアファーストに譲渡することを決定いたしました。 ② 異動の年月日2025年10月10日 （2025年11月20日提出の臨時報告書）１ 提出理由当社及び当社グループの財政状態、経営成績及びキャッシュ・フローの状況に著しい影響を与える事象が発生いたしましたので、金融商品取引法第24条の５第４項並びに企業内容等の開示に関する内閣府令第19条第２項第12号及び19号の規定に基づき、本臨時報告書を提出するものであります。 ２ 報告内容（1） 当該事象の発生年月日2025年11月13日（取締役会決議日） （2） 当該事象の内容当社グループのＢＰＯ及びＤＸ事業における固定資産について、今後の事業環境の変化や業績見通し等を勘案し将来の回収可能性について慎重に検討した結果、30,192千円の減損損失を特別損失として計上いたしました。また、当社の連結子会社であるブラックモンスター株式会社の株式について、今後の事業環境等を勘案し売却したことに伴い、17,514千円の関係会社株式売却損を特別損失として計上いたしました。 （3） 当該事業の損益及び連結損益に与える影響額当該事象の発生により、2026年６月期の個別決算及び連結決算において、下記のとおり特別損失を計上する予定であります。・個別決算関係会社株式売却損 8,400千円・連結決算関係会社株式売却損 17,514千円減損損失 30,192千円 （2025年11月20日提出の臨時報告書）１ 提出理由当社は、2025年11月13日付で、当社の主要株主である小川亮より、同氏が保有する当社普通株式939,840株を市場外での相対取引により、Sumo Japan Ventures Segregated Portfolio of Fundviews SPC Ltd.へ譲渡する旨の報告を受けました。これにより、当社の主要株主に異動が生じる予定ですので、金融商品取引法第24条の５第４項及び企業内容等の開示に関する内閣府令第19条第２項第４号の規定に基づき、本臨時報告書を提出するものであります。 ２ 報告内容（1） 当該異動に係る主要株主の氏名又は名称主要株主となるもの Sumo Japan Ventures Segregated Portfolio of Fundviews SPC Ltd.主要株主でなくなるもの 小川亮 （2） 当該異動前後における当該主要株主の所有議決権の数及びその株主等の議決権に対する割合① 主要株主となるものSumo Japan Ventures Segregated Portfolio of Fundviews SPC Ltd. 所有議決権の数総株主等の議決権に対する割合異動前－個－％異動後9,398個30.02％ ② 主要株主でなくなるもの小川亮 所有議決権の数総株主等の議決権に対する割合異動前（2025年6月30日現在）11,500個36.74％異動後2,102個6.71％ 注１） 小川亮の所有議決権の数には、Don’t Look Back in Anger株式会社が所有している株式数（400個）を含めた実質所有により記載しております。注２） 総株主の議決権に対する割合は、2025年６月30日現在の総議決権数31,304個を分母として計算（小数点以下第三位を四捨五入）しております。 （3） 当該異動の年月日2025年11月21日から2025年12月15日までの間のいずれかの日（ただし、当事者間で合意した日とします） （4） 本報告書提出日現在の資本金の額及び発行済み株式総数資本金の額 35,165,250円発行済株式総数 普通株式 3,224,300株 （2025年12月15日提出の臨時報告書の訂正報告書）１ 臨時報告書の訂正報告書の提出理由当社は、当社の主要株主の異動について、金融商品取引法第24条の５第４項及び企業内容等の開示に関する内閣府令第19条第２項第４号の規定に基づき、2025年11月20日付で臨時報告書を提出しておりますが、当該臨時報告書の記載事項に一部変更がありましたので、金融商品取引法第24条の５第５項の規定に基づき、上記臨時報告書の訂正報告書を提出するものであります。 ２ 訂正事項訂正箇所は下線で示しております。 （3） 当該異動の年月日（訂正前）2025年11月21日から2025年12月15日までの間のいずれかの日（ただし、当事者間で合意した日とします）（訂正後）2025年12月15日から2026年１月６日までの間のいずれかの日（ただし、当事者間で合意した日とします） （2025年12月26日提出の臨時報告書の訂正報告書）１ 臨時報告書の訂正報告書の提出理由当社は、当社の主要株主の異動について、金融商品取引法第24条の５第４項及び企業内容等の開示に関する内閣府令第19条第２項第４号の規定に基づき、2025年11月20日付で臨時報告書を、2025年12月15日付で訂正臨時報告書をそれぞれ提出しておりますが、当該臨時報告書の記載事項に一部変更がありましたので、金融商品取引法第24条の５第５項の規定に基づき、上記臨時報告書の訂正報告書を提出するものであります。 ２ 訂正事項訂正箇所は下線で示しております。 （3） 当該異動の年月日（訂正前）2025年12月15日から2026年１月６日までの間のいずれかの日（ただし、当事者間で合意した日とします）（訂正後）2025年12月22日 （2026年２月16日提出の臨時報告書）１ 提出理由当社は、2026年２月13日開催の取締役会において、当社の特定子会社となる株式会社Financial Free Collegeの設立、および当該子会社が株式会社バイアンドホールドより投資スクール事業を譲り受けることを決議いたしました。つきましては、金融商品取引法第24条の５第４項並びに企業内容等の開示に関する内閣府令第19条第２項第３号及び第16号の規定に基づき、本臨時報告書を提出するものであります。 ２ 報告内容（1） 当該子会社の概要① 名称 ：株式会社Financial Free College② 住所 ：東京都渋谷区神南一丁目４番９号③ 代表者の氏名 ：代表取締役社長 小川 亮④ 資本金 ：10,000千円⑤ 事業内容 ：投資スクール事業の運営 （2） 当該異動の前後における当社の所有に係る当該特定子会社の議決権の数及び総株主等の議決権に対する割合① 異動前議決権の数 ：０個（うち直接所有：０個）議決権の割合 ：０％（うち直接所有：０％）② 異動後議決権の数 ：10,000個（うち直接所有：10,000個）議決権の割合 ：100％（うち直接所有：100％） （3） 当該異動の理由及び年月日① 異動の理由当社による100％出資子会社設立により、当該子会社の資本金の額が当社の資本金の額の100分の10以上に相当し、当社の特定子会社に該当することとなるためであります。② 異動年月日2026年２月27日（予定） （4） 当該事業の譲受先の名称、住所、代表者の氏名、資本金及び事業の内容① 名称 ：株式会社バイアンドホールド② 住所 ：神奈川県逗子市桜山８－１－３グレイス桜山２０１③ 代表者の氏名：代表取締役 山口 貴大④ 資本金 ：9,990千円⑤ 事業の内容 ：投資スクールの運営 （5） 当該事業の譲受けの目的資産形成支援事業における新たな収益機会の創出およびグループ全体の成長を目的とし、本事業の譲受を決定いたしました。 （6） 当該事業の譲受けの契約の内容① 譲受ける事業の内容投資スクール（Financial Free College）事業② 譲受価額300百万円③ 日程取締役会決議日 2026年２月13日譲受契約締結日 2026年２月27日（予定）事業譲受実行日 2026年２月27日（予定） （2026年６月３日提出の臨時報告書）１ 提出理由2026年６月３日開催の当社第13期臨時株主総会において、決議事項が決議されましたので、金融商品取引法第24条の５第４項及び企業内容等の開示に関する内閣府令第19条第２項第９号の２の規定に基づき、本臨時報告書を提出するものであります。 ２ 報告内容（1） 株主総会が開催された年月日2026年６月３日 （2） 決議事項の内容第１号議案 定款一部変更の件発行可能株式総数を12,760,000株から13,259,600株に変更する。 第２号議案 取締役３名選任の件取締役として、WilliamWang、渡邊竜士、RyanRabagliaの各氏を選任する。 （3） 決議事項に対する賛成、反対及び棄権の意思の表示に係る議決権の数、当該決議事項が可決されるための要件並びに当該決議の結果 決議事項賛成数（個）反対数（個）棄権数（個）可決要件決議の結果及び賛成割合（％）第１号議案18,7131110（注）１可決 99.02第２号議案 （注）２ WilliamWang18,7001260可決 98.94渡邊竜士18,7041220可決 98.96RyanRabaglia18,6991270可決 98.94 （注） １．議決権を行使することができる株主の議決権の３分の１以上を有する株主が出席し、出席した当該株主の議決権の３分の２以上の賛成による。２．議決権を行使することができる株主の議決権の３分の１以上を有する株主が出席し、出席した当該株主の議決権の過半数の賛成による。 （4） 株主総会に出席した株主の議決権の数の一部を加算しなかった理由本総会前日までの事前行使分及び当日出席の一部の株主のうち賛否に関して確認できたものを合計したことにより、決議事項の可決又は否決が明らかになったため、本総会当日出席の株主のうち、賛成、反対及び棄権の確認ができていない議決権数は加算しておりません。 ３．資本金の増減「第四部 組込情報」に記載の有価証券報告書（第12期、提出日2025年９月24日）「第一部 企業情報 第４ 提出会社の状況 １ 株式等の状況 （4） 発行済株式総数、資本金等の推移」に記載の資本金等は、当該有価証券報告書の提出日（2025年９月24日）以降、本有価証券届出書提出日（2026年７月15日）までの間において、以下のとおり増加しております。 年月日発行済株式総数増減数（株）発行済株式総数残高（株）資本金増減額（千円）資本金残高（千円）資本準備金増減額（千円）資本準備金残高（千円）2025年９月25日～2026年７月15日100,2003,314,90011,18645,37011,18513,470 （注） 新株予約権の行使に伴う新株式発行による増加であります。",
2026-07-24T21:02:01+00:00,2026-07-23,2026-07-23 16:31,グリーンモンスター株式会社,E39408,157A0,訂正有価証券届出書（組込方式）,040,022001,S100YS32,大量保有：保有割合・増減,増加,XBRL_TO_CSV/jpcrp020200-srs-001_E39408-000_2025-06-30_02_2026-07-23.csv,67,"要素ID,項目名,コンテキストID,相対年度,連結・個別,期間・時点,ユニットID,単位,値",edinet_csv_zip,7660,"要素ID: jpcrp_cor:AdditionalSupplementaryInformationTextBlock | 項目名: 追完情報 [テキストブロック] | コンテキストID: FilingDateInstant | 相対年度: 提出日時点 | 連結・個別: その他 | 期間・時点: 時点 | ユニットID: － | 単位: － | 値: 第三部 【追完情報】 １．事業等のリスクについて 「第四部 組込情報」に記載の有価証券報告書（第12期、提出日2025年９月24日）及び訂正有価証券報告書（第12期、提出日2025年９月25日）並びに半期報告書（第13期中、提出日2026年２月13日）（以下「有価証券報告書等」といいます。）の提出日以降、本有価証券届出書提出日（2026年７月15日）までの間において、当該有価証券報告書等に記載された「事業等のリスク」について、以下を追加いたします。以下の見出しに付された項目番号は、有価証券報告書における「事業等のリスク」の項目番号に対応したものであり、文中の下線部分が変更箇所です。 （事業等のリスクの追加事項）【事業等のリスク】(1)、(2) （略）(3) その他のリスク①～⑥ （略）⑦代表取締役に関するハラスメントの疑いについて発生可能性：中、発生する可能性のある時期：１年以内、影響度：中当社は、当社監査役から、当社代表取締役の過去の業務外の会食の場における、ハラスメントの疑いがある言動に関する申立書を受領いたしました。現時点において、当社として当該申立内容に関する事実認定や法的評価を行っておりませんが、事実関係を客観的に調査するため、2026年６月24日開催の取締役会において、当社と利害関係を有しない弁護士で構成する第三者委員会を設置することを決定いたしました。この第三者委員会は、日本弁護士連合会が策定した「企業等不祥事における第三者委員会ガイドライン」に準拠するものです。 なお、当社業績への影響については、現在精査中です。 また、当該有価証券報告書等に記載されている将来に関する事項は、本有価証券届出書提出日（2026年７月15日）現在においても変更の必要はないものと判断しております。 ２．臨時報告書の提出「第四部 組込情報」に記載の第12期有価証券報告書の提出日（2025年９月24日）以降、本有価証券届出書提出日（2026年７月15日）までの間において、以下の臨時報告書及び臨時報告書の訂正報告書を関東財務局長に提出しております。（2025年９月26日提出の臨時報告書）１ 提出理由2025年９月25日開催の当社第12期定時株主総会において、決議事項が決議されましたので、金融商品取引法第24条の５第４項及び企業内容等の開示に関する内閣府令第19条第２項第９号の２の規定に基づき、本臨時報告書を提出するものであります。 ２ 報告内容（1） 株主総会が開催された年月日2025年９月25日 （2） 決議事項の内容第１号議案 定款一部変更の件将来の事業領域の拡充に備え、現行定款第２条の事業目的を追加する。 第２号議案 取締役３名選任の件取締役として、小川亮、藤沢亜理沙、軒名彰の各氏を選任する。 第３号議案 監査役１名選任の件監査役として、宮腰哲也氏を選任する。 （3） 決議事項に対する賛成、反対及び棄権の意思の表示に係る議決権の数、当該決議事項が可決されるための要件並びに当該決議の結果 決議事項賛成数（個）反対数（個）棄権数（個）可決要件決議の結果及び賛成割合（％）第１号議案21,2561010（注）１可決 98.86第２号議案 （注）２ 小川亮21,1971600可決 98.58藤沢亜理沙21,2441130可決 98.80軒名彰21,2451120可決 98.80第３号議案 （注）２ 宮腰哲也21,2021550可決 98.60 （注） １．議決権を行使することができる株主の議決権の３分の１以上を有する株主が出席し、出席した当該株主の議決権の３分の２以上の賛成による。２．議決権を行使することができる株主の議決権の３分の１以上を有する株主が出席し、出席した当該株主の議決権の過半数の賛成による。 （4） 株主総会に出席した株主の議決権の数の一部を加算しなかった理由本総会前日までの事前行使分及び当日出席の一部の株主のうち賛否に関して確認できたものを合計したことにより、決議事項の可決又は否決が明らかになったため、本総会当日出席の株主のうち、賛成、反対及び棄権の確認ができていない議決権数は加算しておりません。 （2025年11月５日提出の臨時報告書）１ 提出理由当社は、2025年10月10日の取締役会において、当社が保有するブラックモンスター株式会社の全株式を譲渡することを決議いたしました。これにより、当社の特定子会社の異動が発生する事になりましたので、金融商品取引法第24条の５第４項及び企業内容等の開示に関する内閣府令第19条第２項第３号の規定に基づき、本臨時報告書を提出するものであります。 ２ 報告内容１．特定子会社の異動に関する事項（企業内容等の開示に関する内閣府令第19条第２項第３号に基づく報告）（1） 当該異動に係る特定子会社の名称、住所、代表者の氏名、資本金及び事業の内容① 名称：ブラックモンスター株式会社② 住所：東京都渋谷区神南１丁目４番９号③ 代表者の氏名：代表取締役 岩尾 達大④ 資本金：10百万円⑤ 事業の内容：外壁塗装業者向け営業支援サービス （2） 当該異動の前後における当社の所有に係る当該特定子会社の議決権の数及び当該特定子会社の総株主等の議決権に対する割合① 当社の所有に係る当該特定子会社の議決権の数異動前 1,000個異動後 －個 ② 総株主等の議決権に対する割合異動前 100.0％異動後 －％ （3） 当該異動の理由及びその年月日① 異動の理由当社は、2024年10月に外壁塗装業者向け営業支援サービス「カベナビJAPAN」を事業譲受し、その運営主体として2024年11月に100％子会社であるブラックモンスター社を設立いたしました。事業譲受後、当社グループとしては、経営管理体制の整備やサービス運営体制の強化を進め、ブラックモンスター社は当初計画に沿った事業運営を継続しております。一方で、当社グループ全体の中長期的な成長戦略および経営資源の最適配分の観点から、当該事業に対して追加的な投資やリソースを投入するよりも、他の重点事業領域に経営資源を集中させることが企業価値の向上につながると判断し、ブラックモンスター社の株式を譲渡することを決定いたしました。当社グループのコア事業ドメインである金融教育や資産形成およびその周辺・関連分野に対する社会的な関心は一層高まっております。当社は、資本効率の最大化および経営資源の最適配分の観点から、常に事業ポートフォリオ全体をモニタリングし、最適な経営判断を行う体制を維持しております。今後は、当該コア事業ドメインに経営資源を重点的に投下する方針をより明確化するとともに、将来を見据えた事業ポートフォリオの最適化に注力することが当社グループにとって最善と判断し、ブラックモンスター社の株式譲渡について検討を重ねてまいりました。その結果、ブラックモンスター社の事業成長に最適な経営主体として、株式会社フロンティアファーストのもとで事業成長を加速させることが、ブラックモンスター社のさらなる発展につながるとの結論に至りました。これらを踏まえ、当社は保有するブラックモンスター社の全株式を株式会社フロンティアファーストに譲渡することを決定いたしました。 ② 異動の年月日2025年10月10日 （2025年11月20日提出の臨時報告書）１ 提出理由当社及び当社グループの財政状態、経営成績及びキャッシュ・フローの状況に著しい影響を与える事象が発生いたしましたので、金融商品取引法第24条の５第４項並びに企業内容等の開示に関する内閣府令第19条第２項第12号及び19号の規定に基づき、本臨時報告書を提出するものであります。 ２ 報告内容（1） 当該事象の発生年月日2025年11月13日（取締役会決議日） （2） 当該事象の内容当社グループのＢＰＯ及びＤＸ事業における固定資産について、今後の事業環境の変化や業績見通し等を勘案し将来の回収可能性について慎重に検討した結果、30,192千円の減損損失を特別損失として計上いたしました。また、当社の連結子会社であるブラックモンスター株式会社の株式について、今後の事業環境等を勘案し売却したことに伴い、17,514千円の関係会社株式売却損を特別損失として計上いたしました。 （3） 当該事業の損益及び連結損益に与える影響額当該事象の発生により、2026年６月期の個別決算及び連結決算において、下記のとおり特別損失を計上する予定であります。・個別決算関係会社株式売却損 8,400千円・連結決算関係会社株式売却損 17,514千円減損損失 30,192千円 （2025年11月20日提出の臨時報告書）１ 提出理由当社は、2025年11月13日付で、当社の主要株主である小川亮より、同氏が保有する当社普通株式939,840株を市場外での相対取引により、Sumo Japan Ventures Segregated Portfolio of Fundviews SPC Ltd.へ譲渡する旨の報告を受けました。これにより、当社の主要株主に異動が生じる予定ですので、金融商品取引法第24条の５第４項及び企業内容等の開示に関する内閣府令第19条第２項第４号の規定に基づき、本臨時報告書を提出するものであります。 ２ 報告内容（1） 当該異動に係る主要株主の氏名又は名称主要株主となるもの Sumo Japan Ventures Segregated Portfolio of Fundviews SPC Ltd.主要株主でなくなるもの 小川亮 （2） 当該異動前後における当該主要株主の所有議決権の数及びその株主等の議決権に対する割合① 主要株主となるものSumo Japan Ventures Segregated Portfolio of Fundviews SPC Ltd. 所有議決権の数総株主等の議決権に対する割合異動前－個－％異動後9,398個30.02％ ② 主要株主でなくなるもの小川亮 所有議決権の数総株主等の議決権に対する割合異動前（2025年6月30日現在）11,500個36.74％異動後2,102個6.71％ 注１） 小川亮の所有議決権の数には、Don’t Look Back in Anger株式会社が所有している株式数（400個）を含めた実質所有により記載しております。注２） 総株主の議決権に対する割合は、2025年６月30日現在の総議決権数31,304個を分母として計算（小数点以下第三位を四捨五入）しております。 （3） 当該異動の年月日2025年11月21日から2025年12月15日までの間のいずれかの日（ただし、当事者間で合意した日とします） （4） 本報告書提出日現在の資本金の額及び発行済み株式総数資本金の額 35,165,250円発行済株式総数 普通株式 3,224,300株 （2025年12月15日提出の臨時報告書の訂正報告書）１ 臨時報告書の訂正報告書の提出理由当社は、当社の主要株主の異動について、金融商品取引法第24条の５第４項及び企業内容等の開示に関する内閣府令第19条第２項第４号の規定に基づき、2025年11月20日付で臨時報告書を提出しておりますが、当該臨時報告書の記載事項に一部変更がありましたので、金融商品取引法第24条の５第５項の規定に基づき、上記臨時報告書の訂正報告書を提出するものであります。 ２ 訂正事項訂正箇所は下線で示しております。 （3） 当該異動の年月日（訂正前）2025年11月21日から2025年12月15日までの間のいずれかの日（ただし、当事者間で合意した日とします）（訂正後）2025年12月15日から2026年１月６日までの間のいずれかの日（ただし、当事者間で合意した日とします） （2025年12月26日提出の臨時報告書の訂正報告書）１ 臨時報告書の訂正報告書の提出理由当社は、当社の主要株主の異動について、金融商品取引法第24条の５第４項及び企業内容等の開示に関する内閣府令第19条第２項第４号の規定に基づき、2025年11月20日付で臨時報告書を、2025年12月15日付で訂正臨時報告書をそれぞれ提出しておりますが、当該臨時報告書の記載事項に一部変更がありましたので、金融商品取引法第24条の５第５項の規定に基づき、上記臨時報告書の訂正報告書を提出するものであります。 ２ 訂正事項訂正箇所は下線で示しております。 （3） 当該異動の年月日（訂正前）2025年12月15日から2026年１月６日までの間のいずれかの日（ただし、当事者間で合意した日とします）（訂正後）2025年12月22日 （2026年２月16日提出の臨時報告書）１ 提出理由当社は、2026年２月13日開催の取締役会において、当社の特定子会社となる株式会社Financial Free Collegeの設立、および当該子会社が株式会社バイアンドホールドより投資スクール事業を譲り受けることを決議いたしました。つきましては、金融商品取引法第24条の５第４項並びに企業内容等の開示に関する内閣府令第19条第２項第３号及び第16号の規定に基づき、本臨時報告書を提出するものであります。 ２ 報告内容（1） 当該子会社の概要① 名称 ：株式会社Financial Free College② 住所 ：東京都渋谷区神南一丁目４番９号③ 代表者の氏名 ：代表取締役社長 小川 亮④ 資本金 ：10,000千円⑤ 事業内容 ：投資スクール事業の運営 （2） 当該異動の前後における当社の所有に係る当該特定子会社の議決権の数及び総株主等の議決権に対する割合① 異動前議決権の数 ：０個（うち直接所有：０個）議決権の割合 ：０％（うち直接所有：０％）② 異動後議決権の数 ：10,000個（うち直接所有：10,000個）議決権の割合 ：100％（うち直接所有：100％） （3） 当該異動の理由及び年月日① 異動の理由当社による100％出資子会社設立により、当該子会社の資本金の額が当社の資本金の額の100分の10以上に相当し、当社の特定子会社に該当することとなるためであります。② 異動年月日2026年２月27日（予定） （4） 当該事業の譲受先の名称、住所、代表者の氏名、資本金及び事業の内容① 名称 ：株式会社バイアンドホールド② 住所 ：神奈川県逗子市桜山８－１－３グレイス桜山２０１③ 代表者の氏名：代表取締役 山口 貴大④ 資本金 ：9,990千円⑤ 事業の内容 ：投資スクールの運営 （5） 当該事業の譲受けの目的資産形成支援事業における新たな収益機会の創出およびグループ全体の成長を目的とし、本事業の譲受を決定いたしました。 （6） 当該事業の譲受けの契約の内容① 譲受ける事業の内容投資スクール（Financial Free College）事業② 譲受価額300百万円③ 日程取締役会決議日 2026年２月13日譲受契約締結日 2026年２月27日（予定）事業譲受実行日 2026年２月27日（予定） （2026年６月３日提出の臨時報告書）１ 提出理由2026年６月３日開催の当社第13期臨時株主総会において、決議事項が決議されましたので、金融商品取引法第24条の５第４項及び企業内容等の開示に関する内閣府令第19条第２項第９号の２の規定に基づき、本臨時報告書を提出するものであります。 ２ 報告内容（1） 株主総会が開催された年月日2026年６月３日 （2） 決議事項の内容第１号議案 定款一部変更の件発行可能株式総数を12,760,000株から13,259,600株に変更する。 第２号議案 取締役３名選任の件取締役として、WilliamWang、渡邊竜士、RyanRabagliaの各氏を選任する。 （3） 決議事項に対する賛成、反対及び棄権の意思の表示に係る議決権の数、当該決議事項が可決されるための要件並びに当該決議の結果 決議事項賛成数（個）反対数（個）棄権数（個）可決要件決議の結果及び賛成割合（％）第１号議案18,7131110（注）１可決 99.02第２号議案 （注）２ WilliamWang18,7001260可決 98.94渡邊竜士18,7041220可決 98.96RyanRabaglia18,6991270可決 98.94 （注） １．議決権を行使することができる株主の議決権の３分の１以上を有する株主が出席し、出席した当該株主の議決権の３分の２以上の賛成による。２．議決権を行使することができる株主の議決権の３分の１以上を有する株主が出席し、出席した当該株主の議決権の過半数の賛成による。 （4） 株主総会に出席した株主の議決権の数の一部を加算しなかった理由本総会前日までの事前行使分及び当日出席の一部の株主のうち賛否に関して確認できたものを合計したことにより、決議事項の可決又は否決が明らかになったため、本総会当日出席の株主のうち、賛成、反対及び棄権の確認ができていない議決権数は加算しておりません。 ３．資本金の増減「第四部 組込情報」に記載の有価証券報告書（第12期、提出日2025年９月24日）「第一部 企業情報 第４ 提出会社の状況 １ 株式等の状況 （4） 発行済株式総数、資本金等の推移」に記載の資本金等は、当該有価証券報告書の提出日（2025年９月24日）以降、本有価証券届出書提出日（2026年７月15日）までの間において、以下のとおり増加しております。 年月日発行済株式総数増減数（株）発行済株式総数残高（株）資本金増減額（千円）資本金残高（千円）資本準備金増減額（千円）資本準備金残高（千円）2025年９月25日～2026年７月15日100,2003,314,90011,18645,37011,18513,470 （注） 新株予約権の行使に伴う新株式発行による増加であります。",
2026-07-24T21:02:01+00:00,2026-07-23,2026-07-23 16:31,グリーンモンスター株式会社,E39408,157A0,訂正有価証券届出書（組込方式）,040,022001,S100YS32,臨時報告書：提出事由・発生事実,異動,XBRL_TO_CSV/jpcrp020200-srs-001_E39408-000_2025-06-30_02_2026-07-23.csv,67,"要素ID,項目名,コンテキストID,相対年度,連結・個別,期間・時点,ユニットID,単位,値",edinet_csv_zip,7660,"要素ID: jpcrp_cor:AdditionalSupplementaryInformationTextBlock | 項目名: 追完情報 [テキストブロック] | コンテキストID: FilingDateInstant | 相対年度: 提出日時点 | 連結・個別: その他 | 期間・時点: 時点 | ユニットID: － | 単位: － | 値: 第三部 【追完情報】 １．事業等のリスクについて 「第四部 組込情報」に記載の有価証券報告書（第12期、提出日2025年９月24日）及び訂正有価証券報告書（第12期、提出日2025年９月25日）並びに半期報告書（第13期中、提出日2026年２月13日）（以下「有価証券報告書等」といいます。）の提出日以降、本有価証券届出書提出日（2026年７月15日）までの間において、当該有価証券報告書等に記載された「事業等のリスク」について、以下を追加いたします。以下の見出しに付された項目番号は、有価証券報告書における「事業等のリスク」の項目番号に対応したものであり、文中の下線部分が変更箇所です。 （事業等のリスクの追加事項）【事業等のリスク】(1)、(2) （略）(3) その他のリスク①～⑥ （略）⑦代表取締役に関するハラスメントの疑いについて発生可能性：中、発生する可能性のある時期：１年以内、影響度：中当社は、当社監査役から、当社代表取締役の過去の業務外の会食の場における、ハラスメントの疑いがある言動に関する申立書を受領いたしました。現時点において、当社として当該申立内容に関する事実認定や法的評価を行っておりませんが、事実関係を客観的に調査するため、2026年６月24日開催の取締役会において、当社と利害関係を有しない弁護士で構成する第三者委員会を設置することを決定いたしました。この第三者委員会は、日本弁護士連合会が策定した「企業等不祥事における第三者委員会ガイドライン」に準拠するものです。 なお、当社業績への影響については、現在精査中です。 また、当該有価証券報告書等に記載されている将来に関する事項は、本有価証券届出書提出日（2026年７月15日）現在においても変更の必要はないものと判断しております。 ２．臨時報告書の提出「第四部 組込情報」に記載の第12期有価証券報告書の提出日（2025年９月24日）以降、本有価証券届出書提出日（2026年７月15日）までの間において、以下の臨時報告書及び臨時報告書の訂正報告書を関東財務局長に提出しております。（2025年９月26日提出の臨時報告書）１ 提出理由2025年９月25日開催の当社第12期定時株主総会において、決議事項が決議されましたので、金融商品取引法第24条の５第４項及び企業内容等の開示に関する内閣府令第19条第２項第９号の２の規定に基づき、本臨時報告書を提出するものであります。 ２ 報告内容（1） 株主総会が開催された年月日2025年９月25日 （2） 決議事項の内容第１号議案 定款一部変更の件将来の事業領域の拡充に備え、現行定款第２条の事業目的を追加する。 第２号議案 取締役３名選任の件取締役として、小川亮、藤沢亜理沙、軒名彰の各氏を選任する。 第３号議案 監査役１名選任の件監査役として、宮腰哲也氏を選任する。 （3） 決議事項に対する賛成、反対及び棄権の意思の表示に係る議決権の数、当該決議事項が可決されるための要件並びに当該決議の結果 決議事項賛成数（個）反対数（個）棄権数（個）可決要件決議の結果及び賛成割合（％）第１号議案21,2561010（注）１可決 98.86第２号議案 （注）２ 小川亮21,1971600可決 98.58藤沢亜理沙21,2441130可決 98.80軒名彰21,2451120可決 98.80第３号議案 （注）２ 宮腰哲也21,2021550可決 98.60 （注） １．議決権を行使することができる株主の議決権の３分の１以上を有する株主が出席し、出席した当該株主の議決権の３分の２以上の賛成による。２．議決権を行使することができる株主の議決権の３分の１以上を有する株主が出席し、出席した当該株主の議決権の過半数の賛成による。 （4） 株主総会に出席した株主の議決権の数の一部を加算しなかった理由本総会前日までの事前行使分及び当日出席の一部の株主のうち賛否に関して確認できたものを合計したことにより、決議事項の可決又は否決が明らかになったため、本総会当日出席の株主のうち、賛成、反対及び棄権の確認ができていない議決権数は加算しておりません。 （2025年11月５日提出の臨時報告書）１ 提出理由当社は、2025年10月10日の取締役会において、当社が保有するブラックモンスター株式会社の全株式を譲渡することを決議いたしました。これにより、当社の特定子会社の異動が発生する事になりましたので、金融商品取引法第24条の５第４項及び企業内容等の開示に関する内閣府令第19条第２項第３号の規定に基づき、本臨時報告書を提出するものであります。 ２ 報告内容１．特定子会社の異動に関する事項（企業内容等の開示に関する内閣府令第19条第２項第３号に基づく報告）（1） 当該異動に係る特定子会社の名称、住所、代表者の氏名、資本金及び事業の内容① 名称：ブラックモンスター株式会社② 住所：東京都渋谷区神南１丁目４番９号③ 代表者の氏名：代表取締役 岩尾 達大④ 資本金：10百万円⑤ 事業の内容：外壁塗装業者向け営業支援サービス （2） 当該異動の前後における当社の所有に係る当該特定子会社の議決権の数及び当該特定子会社の総株主等の議決権に対する割合① 当社の所有に係る当該特定子会社の議決権の数異動前 1,000個異動後 －個 ② 総株主等の議決権に対する割合異動前 100.0％異動後 －％ （3） 当該異動の理由及びその年月日① 異動の理由当社は、2024年10月に外壁塗装業者向け営業支援サービス「カベナビJAPAN」を事業譲受し、その運営主体として2024年11月に100％子会社であるブラックモンスター社を設立いたしました。事業譲受後、当社グループとしては、経営管理体制の整備やサービス運営体制の強化を進め、ブラックモンスター社は当初計画に沿った事業運営を継続しております。一方で、当社グループ全体の中長期的な成長戦略および経営資源の最適配分の観点から、当該事業に対して追加的な投資やリソースを投入するよりも、他の重点事業領域に経営資源を集中させることが企業価値の向上につながると判断し、ブラックモンスター社の株式を譲渡することを決定いたしました。当社グループのコア事業ドメインである金融教育や資産形成およびその周辺・関連分野に対する社会的な関心は一層高まっております。当社は、資本効率の最大化および経営資源の最適配分の観点から、常に事業ポートフォリオ全体をモニタリングし、最適な経営判断を行う体制を維持しております。今後は、当該コア事業ドメインに経営資源を重点的に投下する方針をより明確化するとともに、将来を見据えた事業ポートフォリオの最適化に注力することが当社グループにとって最善と判断し、ブラックモンスター社の株式譲渡について検討を重ねてまいりました。その結果、ブラックモンスター社の事業成長に最適な経営主体として、株式会社フロンティアファーストのもとで事業成長を加速させることが、ブラックモンスター社のさらなる発展につながるとの結論に至りました。これらを踏まえ、当社は保有するブラックモンスター社の全株式を株式会社フロンティアファーストに譲渡することを決定いたしました。 ② 異動の年月日2025年10月10日 （2025年11月20日提出の臨時報告書）１ 提出理由当社及び当社グループの財政状態、経営成績及びキャッシュ・フローの状況に著しい影響を与える事象が発生いたしましたので、金融商品取引法第24条の５第４項並びに企業内容等の開示に関する内閣府令第19条第２項第12号及び19号の規定に基づき、本臨時報告書を提出するものであります。 ２ 報告内容（1） 当該事象の発生年月日2025年11月13日（取締役会決議日） （2） 当該事象の内容当社グループのＢＰＯ及びＤＸ事業における固定資産について、今後の事業環境の変化や業績見通し等を勘案し将来の回収可能性について慎重に検討した結果、30,192千円の減損損失を特別損失として計上いたしました。また、当社の連結子会社であるブラックモンスター株式会社の株式について、今後の事業環境等を勘案し売却したことに伴い、17,514千円の関係会社株式売却損を特別損失として計上いたしました。 （3） 当該事業の損益及び連結損益に与える影響額当該事象の発生により、2026年６月期の個別決算及び連結決算において、下記のとおり特別損失を計上する予定であります。・個別決算関係会社株式売却損 8,400千円・連結決算関係会社株式売却損 17,514千円減損損失 30,192千円 （2025年11月20日提出の臨時報告書）１ 提出理由当社は、2025年11月13日付で、当社の主要株主である小川亮より、同氏が保有する当社普通株式939,840株を市場外での相対取引により、Sumo Japan Ventures Segregated Portfolio of Fundviews SPC Ltd.へ譲渡する旨の報告を受けました。これにより、当社の主要株主に異動が生じる予定ですので、金融商品取引法第24条の５第４項及び企業内容等の開示に関する内閣府令第19条第２項第４号の規定に基づき、本臨時報告書を提出するものであります。 ２ 報告内容（1） 当該異動に係る主要株主の氏名又は名称主要株主となるもの Sumo Japan Ventures Segregated Portfolio of Fundviews SPC Ltd.主要株主でなくなるもの 小川亮 （2） 当該異動前後における当該主要株主の所有議決権の数及びその株主等の議決権に対する割合① 主要株主となるものSumo Japan Ventures Segregated Portfolio of Fundviews SPC Ltd. 所有議決権の数総株主等の議決権に対する割合異動前－個－％異動後9,398個30.02％ ② 主要株主でなくなるもの小川亮 所有議決権の数総株主等の議決権に対する割合異動前（2025年6月30日現在）11,500個36.74％異動後2,102個6.71％ 注１） 小川亮の所有議決権の数には、Don’t Look Back in Anger株式会社が所有している株式数（400個）を含めた実質所有により記載しております。注２） 総株主の議決権に対する割合は、2025年６月30日現在の総議決権数31,304個を分母として計算（小数点以下第三位を四捨五入）しております。 （3） 当該異動の年月日2025年11月21日から2025年12月15日までの間のいずれかの日（ただし、当事者間で合意した日とします） （4） 本報告書提出日現在の資本金の額及び発行済み株式総数資本金の額 35,165,250円発行済株式総数 普通株式 3,224,300株 （2025年12月15日提出の臨時報告書の訂正報告書）１ 臨時報告書の訂正報告書の提出理由当社は、当社の主要株主の異動について、金融商品取引法第24条の５第４項及び企業内容等の開示に関する内閣府令第19条第２項第４号の規定に基づき、2025年11月20日付で臨時報告書を提出しておりますが、当該臨時報告書の記載事項に一部変更がありましたので、金融商品取引法第24条の５第５項の規定に基づき、上記臨時報告書の訂正報告書を提出するものであります。 ２ 訂正事項訂正箇所は下線で示しております。 （3） 当該異動の年月日（訂正前）2025年11月21日から2025年12月15日までの間のいずれかの日（ただし、当事者間で合意した日とします）（訂正後）2025年12月15日から2026年１月６日までの間のいずれかの日（ただし、当事者間で合意した日とします） （2025年12月26日提出の臨時報告書の訂正報告書）１ 臨時報告書の訂正報告書の提出理由当社は、当社の主要株主の異動について、金融商品取引法第24条の５第４項及び企業内容等の開示に関する内閣府令第19条第２項第４号の規定に基づき、2025年11月20日付で臨時報告書を、2025年12月15日付で訂正臨時報告書をそれぞれ提出しておりますが、当該臨時報告書の記載事項に一部変更がありましたので、金融商品取引法第24条の５第５項の規定に基づき、上記臨時報告書の訂正報告書を提出するものであります。 ２ 訂正事項訂正箇所は下線で示しております。 （3） 当該異動の年月日（訂正前）2025年12月15日から2026年１月６日までの間のいずれかの日（ただし、当事者間で合意した日とします）（訂正後）2025年12月22日 （2026年２月16日提出の臨時報告書）１ 提出理由当社は、2026年２月13日開催の取締役会において、当社の特定子会社となる株式会社Financial Free Collegeの設立、および当該子会社が株式会社バイアンドホールドより投資スクール事業を譲り受けることを決議いたしました。つきましては、金融商品取引法第24条の５第４項並びに企業内容等の開示に関する内閣府令第19条第２項第３号及び第16号の規定に基づき、本臨時報告書を提出するものであります。 ２ 報告内容（1） 当該子会社の概要① 名称 ：株式会社Financial Free College② 住所 ：東京都渋谷区神南一丁目４番９号③ 代表者の氏名 ：代表取締役社長 小川 亮④ 資本金 ：10,000千円⑤ 事業内容 ：投資スクール事業の運営 （2） 当該異動の前後における当社の所有に係る当該特定子会社の議決権の数及び総株主等の議決権に対する割合① 異動前議決権の数 ：０個（うち直接所有：０個）議決権の割合 ：０％（うち直接所有：０％）② 異動後議決権の数 ：10,000個（うち直接所有：10,000個）議決権の割合 ：100％（うち直接所有：100％） （3） 当該異動の理由及び年月日① 異動の理由当社による100％出資子会社設立により、当該子会社の資本金の額が当社の資本金の額の100分の10以上に相当し、当社の特定子会社に該当することとなるためであります。② 異動年月日2026年２月27日（予定） （4） 当該事業の譲受先の名称、住所、代表者の氏名、資本金及び事業の内容① 名称 ：株式会社バイアンドホールド② 住所 ：神奈川県逗子市桜山８－１－３グレイス桜山２０１③ 代表者の氏名：代表取締役 山口 貴大④ 資本金 ：9,990千円⑤ 事業の内容 ：投資スクールの運営 （5） 当該事業の譲受けの目的資産形成支援事業における新たな収益機会の創出およびグループ全体の成長を目的とし、本事業の譲受を決定いたしました。 （6） 当該事業の譲受けの契約の内容① 譲受ける事業の内容投資スクール（Financial Free College）事業② 譲受価額300百万円③ 日程取締役会決議日 2026年２月13日譲受契約締結日 2026年２月27日（予定）事業譲受実行日 2026年２月27日（予定） （2026年６月３日提出の臨時報告書）１ 提出理由2026年６月３日開催の当社第13期臨時株主総会において、決議事項が決議されましたので、金融商品取引法第24条の５第４項及び企業内容等の開示に関する内閣府令第19条第２項第９号の２の規定に基づき、本臨時報告書を提出するものであります。 ２ 報告内容（1） 株主総会が開催された年月日2026年６月３日 （2） 決議事項の内容第１号議案 定款一部変更の件発行可能株式総数を12,760,000株から13,259,600株に変更する。 第２号議案 取締役３名選任の件取締役として、WilliamWang、渡邊竜士、RyanRabagliaの各氏を選任する。 （3） 決議事項に対する賛成、反対及び棄権の意思の表示に係る議決権の数、当該決議事項が可決されるための要件並びに当該決議の結果 決議事項賛成数（個）反対数（個）棄権数（個）可決要件決議の結果及び賛成割合（％）第１号議案18,7131110（注）１可決 99.02第２号議案 （注）２ WilliamWang18,7001260可決 98.94渡邊竜士18,7041220可決 98.96RyanRabaglia18,6991270可決 98.94 （注） １．議決権を行使することができる株主の議決権の３分の１以上を有する株主が出席し、出席した当該株主の議決権の３分の２以上の賛成による。２．議決権を行使することができる株主の議決権の３分の１以上を有する株主が出席し、出席した当該株主の議決権の過半数の賛成による。 （4） 株主総会に出席した株主の議決権の数の一部を加算しなかった理由本総会前日までの事前行使分及び当日出席の一部の株主のうち賛否に関して確認できたものを合計したことにより、決議事項の可決又は否決が明らかになったため、本総会当日出席の株主のうち、賛成、反対及び棄権の確認ができていない議決権数は加算しておりません。 ３．資本金の増減「第四部 組込情報」に記載の有価証券報告書（第12期、提出日2025年９月24日）「第一部 企業情報 第４ 提出会社の状況 １ 株式等の状況 （4） 発行済株式総数、資本金等の推移」に記載の資本金等は、当該有価証券報告書の提出日（2025年９月24日）以降、本有価証券届出書提出日（2026年７月15日）までの間において、以下のとおり増加しております。 年月日発行済株式総数増減数（株）発行済株式総数残高（株）資本金増減額（千円）資本金残高（千円）資本準備金増減額（千円）資本準備金残高（千円）2025年９月25日～2026年７月15日100,2003,314,90011,18645,37011,18513,470 （注） 新株予約権の行使に伴う新株式発行による増加であります。",
2026-07-24T21:02:01+00:00,2026-07-23,2026-07-23 16:31,グリーンモンスター株式会社,E39408,157A0,訂正有価証券届出書（組込方式）,040,022001,S100YS32,訂正報告書：訂正理由・訂正箇所,訂正箇所,XBRL_TO_CSV/jpcrp020200-srs-001_E39408-000_2025-06-30_02_2026-07-23.csv,67,"要素ID,項目名,コンテキストID,相対年度,連結・個別,期間・時点,ユニットID,単位,値",edinet_csv_zip,7660,"要素ID: jpcrp_cor:AdditionalSupplementaryInformationTextBlock | 項目名: 追完情報 [テキストブロック] | コンテキストID: FilingDateInstant | 相対年度: 提出日時点 | 連結・個別: その他 | 期間・時点: 時点 | ユニットID: － | 単位: － | 値: 第三部 【追完情報】 １．事業等のリスクについて 「第四部 組込情報」に記載の有価証券報告書（第12期、提出日2025年９月24日）及び訂正有価証券報告書（第12期、提出日2025年９月25日）並びに半期報告書（第13期中、提出日2026年２月13日）（以下「有価証券報告書等」といいます。）の提出日以降、本有価証券届出書提出日（2026年７月15日）までの間において、当該有価証券報告書等に記載された「事業等のリスク」について、以下を追加いたします。以下の見出しに付された項目番号は、有価証券報告書における「事業等のリスク」の項目番号に対応したものであり、文中の下線部分が変更箇所です。 （事業等のリスクの追加事項）【事業等のリスク】(1)、(2) （略）(3) その他のリスク①～⑥ （略）⑦代表取締役に関するハラスメントの疑いについて発生可能性：中、発生する可能性のある時期：１年以内、影響度：中当社は、当社監査役から、当社代表取締役の過去の業務外の会食の場における、ハラスメントの疑いがある言動に関する申立書を受領いたしました。現時点において、当社として当該申立内容に関する事実認定や法的評価を行っておりませんが、事実関係を客観的に調査するため、2026年６月24日開催の取締役会において、当社と利害関係を有しない弁護士で構成する第三者委員会を設置することを決定いたしました。この第三者委員会は、日本弁護士連合会が策定した「企業等不祥事における第三者委員会ガイドライン」に準拠するものです。 なお、当社業績への影響については、現在精査中です。 また、当該有価証券報告書等に記載されている将来に関する事項は、本有価証券届出書提出日（2026年７月15日）現在においても変更の必要はないものと判断しております。 ２．臨時報告書の提出「第四部 組込情報」に記載の第12期有価証券報告書の提出日（2025年９月24日）以降、本有価証券届出書提出日（2026年７月15日）までの間において、以下の臨時報告書及び臨時報告書の訂正報告書を関東財務局長に提出しております。（2025年９月26日提出の臨時報告書）１ 提出理由2025年９月25日開催の当社第12期定時株主総会において、決議事項が決議されましたので、金融商品取引法第24条の５第４項及び企業内容等の開示に関する内閣府令第19条第２項第９号の２の規定に基づき、本臨時報告書を提出するものであります。 ２ 報告内容（1） 株主総会が開催された年月日2025年９月25日 （2） 決議事項の内容第１号議案 定款一部変更の件将来の事業領域の拡充に備え、現行定款第２条の事業目的を追加する。 第２号議案 取締役３名選任の件取締役として、小川亮、藤沢亜理沙、軒名彰の各氏を選任する。 第３号議案 監査役１名選任の件監査役として、宮腰哲也氏を選任する。 （3） 決議事項に対する賛成、反対及び棄権の意思の表示に係る議決権の数、当該決議事項が可決されるための要件並びに当該決議の結果 決議事項賛成数（個）反対数（個）棄権数（個）可決要件決議の結果及び賛成割合（％）第１号議案21,2561010（注）１可決 98.86第２号議案 （注）２ 小川亮21,1971600可決 98.58藤沢亜理沙21,2441130可決 98.80軒名彰21,2451120可決 98.80第３号議案 （注）２ 宮腰哲也21,2021550可決 98.60 （注） １．議決権を行使することができる株主の議決権の３分の１以上を有する株主が出席し、出席した当該株主の議決権の３分の２以上の賛成による。２．議決権を行使することができる株主の議決権の３分の１以上を有する株主が出席し、出席した当該株主の議決権の過半数の賛成による。 （4） 株主総会に出席した株主の議決権の数の一部を加算しなかった理由本総会前日までの事前行使分及び当日出席の一部の株主のうち賛否に関して確認できたものを合計したことにより、決議事項の可決又は否決が明らかになったため、本総会当日出席の株主のうち、賛成、反対及び棄権の確認ができていない議決権数は加算しておりません。 （2025年11月５日提出の臨時報告書）１ 提出理由当社は、2025年10月10日の取締役会において、当社が保有するブラックモンスター株式会社の全株式を譲渡することを決議いたしました。これにより、当社の特定子会社の異動が発生する事になりましたので、金融商品取引法第24条の５第４項及び企業内容等の開示に関する内閣府令第19条第２項第３号の規定に基づき、本臨時報告書を提出するものであります。 ２ 報告内容１．特定子会社の異動に関する事項（企業内容等の開示に関する内閣府令第19条第２項第３号に基づく報告）（1） 当該異動に係る特定子会社の名称、住所、代表者の氏名、資本金及び事業の内容① 名称：ブラックモンスター株式会社② 住所：東京都渋谷区神南１丁目４番９号③ 代表者の氏名：代表取締役 岩尾 達大④ 資本金：10百万円⑤ 事業の内容：外壁塗装業者向け営業支援サービス （2） 当該異動の前後における当社の所有に係る当該特定子会社の議決権の数及び当該特定子会社の総株主等の議決権に対する割合① 当社の所有に係る当該特定子会社の議決権の数異動前 1,000個異動後 －個 ② 総株主等の議決権に対する割合異動前 100.0％異動後 －％ （3） 当該異動の理由及びその年月日① 異動の理由当社は、2024年10月に外壁塗装業者向け営業支援サービス「カベナビJAPAN」を事業譲受し、その運営主体として2024年11月に100％子会社であるブラックモンスター社を設立いたしました。事業譲受後、当社グループとしては、経営管理体制の整備やサービス運営体制の強化を進め、ブラックモンスター社は当初計画に沿った事業運営を継続しております。一方で、当社グループ全体の中長期的な成長戦略および経営資源の最適配分の観点から、当該事業に対して追加的な投資やリソースを投入するよりも、他の重点事業領域に経営資源を集中させることが企業価値の向上につながると判断し、ブラックモンスター社の株式を譲渡することを決定いたしました。当社グループのコア事業ドメインである金融教育や資産形成およびその周辺・関連分野に対する社会的な関心は一層高まっております。当社は、資本効率の最大化および経営資源の最適配分の観点から、常に事業ポートフォリオ全体をモニタリングし、最適な経営判断を行う体制を維持しております。今後は、当該コア事業ドメインに経営資源を重点的に投下する方針をより明確化するとともに、将来を見据えた事業ポートフォリオの最適化に注力することが当社グループにとって最善と判断し、ブラックモンスター社の株式譲渡について検討を重ねてまいりました。その結果、ブラックモンスター社の事業成長に最適な経営主体として、株式会社フロンティアファーストのもとで事業成長を加速させることが、ブラックモンスター社のさらなる発展につながるとの結論に至りました。これらを踏まえ、当社は保有するブラックモンスター社の全株式を株式会社フロンティアファーストに譲渡することを決定いたしました。 ② 異動の年月日2025年10月10日 （2025年11月20日提出の臨時報告書）１ 提出理由当社及び当社グループの財政状態、経営成績及びキャッシュ・フローの状況に著しい影響を与える事象が発生いたしましたので、金融商品取引法第24条の５第４項並びに企業内容等の開示に関する内閣府令第19条第２項第12号及び19号の規定に基づき、本臨時報告書を提出するものであります。 ２ 報告内容（1） 当該事象の発生年月日2025年11月13日（取締役会決議日） （2） 当該事象の内容当社グループのＢＰＯ及びＤＸ事業における固定資産について、今後の事業環境の変化や業績見通し等を勘案し将来の回収可能性について慎重に検討した結果、30,192千円の減損損失を特別損失として計上いたしました。また、当社の連結子会社であるブラックモンスター株式会社の株式について、今後の事業環境等を勘案し売却したことに伴い、17,514千円の関係会社株式売却損を特別損失として計上いたしました。 （3） 当該事業の損益及び連結損益に与える影響額当該事象の発生により、2026年６月期の個別決算及び連結決算において、下記のとおり特別損失を計上する予定であります。・個別決算関係会社株式売却損 8,400千円・連結決算関係会社株式売却損 17,514千円減損損失 30,192千円 （2025年11月20日提出の臨時報告書）１ 提出理由当社は、2025年11月13日付で、当社の主要株主である小川亮より、同氏が保有する当社普通株式939,840株を市場外での相対取引により、Sumo Japan Ventures Segregated Portfolio of Fundviews SPC Ltd.へ譲渡する旨の報告を受けました。これにより、当社の主要株主に異動が生じる予定ですので、金融商品取引法第24条の５第４項及び企業内容等の開示に関する内閣府令第19条第２項第４号の規定に基づき、本臨時報告書を提出するものであります。 ２ 報告内容（1） 当該異動に係る主要株主の氏名又は名称主要株主となるもの Sumo Japan Ventures Segregated Portfolio of Fundviews SPC Ltd.主要株主でなくなるもの 小川亮 （2） 当該異動前後における当該主要株主の所有議決権の数及びその株主等の議決権に対する割合① 主要株主となるものSumo Japan Ventures Segregated Portfolio of Fundviews SPC Ltd. 所有議決権の数総株主等の議決権に対する割合異動前－個－％異動後9,398個30.02％ ② 主要株主でなくなるもの小川亮 所有議決権の数総株主等の議決権に対する割合異動前（2025年6月30日現在）11,500個36.74％異動後2,102個6.71％ 注１） 小川亮の所有議決権の数には、Don’t Look Back in Anger株式会社が所有している株式数（400個）を含めた実質所有により記載しております。注２） 総株主の議決権に対する割合は、2025年６月30日現在の総議決権数31,304個を分母として計算（小数点以下第三位を四捨五入）しております。 （3） 当該異動の年月日2025年11月21日から2025年12月15日までの間のいずれかの日（ただし、当事者間で合意した日とします） （4） 本報告書提出日現在の資本金の額及び発行済み株式総数資本金の額 35,165,250円発行済株式総数 普通株式 3,224,300株 （2025年12月15日提出の臨時報告書の訂正報告書）１ 臨時報告書の訂正報告書の提出理由当社は、当社の主要株主の異動について、金融商品取引法第24条の５第４項及び企業内容等の開示に関する内閣府令第19条第２項第４号の規定に基づき、2025年11月20日付で臨時報告書を提出しておりますが、当該臨時報告書の記載事項に一部変更がありましたので、金融商品取引法第24条の５第５項の規定に基づき、上記臨時報告書の訂正報告書を提出するものであります。 ２ 訂正事項訂正箇所は下線で示しております。 （3） 当該異動の年月日（訂正前）2025年11月21日から2025年12月15日までの間のいずれかの日（ただし、当事者間で合意した日とします）（訂正後）2025年12月15日から2026年１月６日までの間のいずれかの日（ただし、当事者間で合意した日とします） （2025年12月26日提出の臨時報告書の訂正報告書）１ 臨時報告書の訂正報告書の提出理由当社は、当社の主要株主の異動について、金融商品取引法第24条の５第４項及び企業内容等の開示に関する内閣府令第19条第２項第４号の規定に基づき、2025年11月20日付で臨時報告書を、2025年12月15日付で訂正臨時報告書をそれぞれ提出しておりますが、当該臨時報告書の記載事項に一部変更がありましたので、金融商品取引法第24条の５第５項の規定に基づき、上記臨時報告書の訂正報告書を提出するものであります。 ２ 訂正事項訂正箇所は下線で示しております。 （3） 当該異動の年月日（訂正前）2025年12月15日から2026年１月６日までの間のいずれかの日（ただし、当事者間で合意した日とします）（訂正後）2025年12月22日 （2026年２月16日提出の臨時報告書）１ 提出理由当社は、2026年２月13日開催の取締役会において、当社の特定子会社となる株式会社Financial Free Collegeの設立、および当該子会社が株式会社バイアンドホールドより投資スクール事業を譲り受けることを決議いたしました。つきましては、金融商品取引法第24条の５第４項並びに企業内容等の開示に関する内閣府令第19条第２項第３号及び第16号の規定に基づき、本臨時報告書を提出するものであります。 ２ 報告内容（1） 当該子会社の概要① 名称 ：株式会社Financial Free College② 住所 ：東京都渋谷区神南一丁目４番９号③ 代表者の氏名 ：代表取締役社長 小川 亮④ 資本金 ：10,000千円⑤ 事業内容 ：投資スクール事業の運営 （2） 当該異動の前後における当社の所有に係る当該特定子会社の議決権の数及び総株主等の議決権に対する割合① 異動前議決権の数 ：０個（うち直接所有：０個）議決権の割合 ：０％（うち直接所有：０％）② 異動後議決権の数 ：10,000個（うち直接所有：10,000個）議決権の割合 ：100％（うち直接所有：100％） （3） 当該異動の理由及び年月日① 異動の理由当社による100％出資子会社設立により、当該子会社の資本金の額が当社の資本金の額の100分の10以上に相当し、当社の特定子会社に該当することとなるためであります。② 異動年月日2026年２月27日（予定） （4） 当該事業の譲受先の名称、住所、代表者の氏名、資本金及び事業の内容① 名称 ：株式会社バイアンドホールド② 住所 ：神奈川県逗子市桜山８－１－３グレイス桜山２０１③ 代表者の氏名：代表取締役 山口 貴大④ 資本金 ：9,990千円⑤ 事業の内容 ：投資スクールの運営 （5） 当該事業の譲受けの目的資産形成支援事業における新たな収益機会の創出およびグループ全体の成長を目的とし、本事業の譲受を決定いたしました。 （6） 当該事業の譲受けの契約の内容① 譲受ける事業の内容投資スクール（Financial Free College）事業② 譲受価額300百万円③ 日程取締役会決議日 2026年２月13日譲受契約締結日 2026年２月27日（予定）事業譲受実行日 2026年２月27日（予定） （2026年６月３日提出の臨時報告書）１ 提出理由2026年６月３日開催の当社第13期臨時株主総会において、決議事項が決議されましたので、金融商品取引法第24条の５第４項及び企業内容等の開示に関する内閣府令第19条第２項第９号の２の規定に基づき、本臨時報告書を提出するものであります。 ２ 報告内容（1） 株主総会が開催された年月日2026年６月３日 （2） 決議事項の内容第１号議案 定款一部変更の件発行可能株式総数を12,760,000株から13,259,600株に変更する。 第２号議案 取締役３名選任の件取締役として、WilliamWang、渡邊竜士、RyanRabagliaの各氏を選任する。 （3） 決議事項に対する賛成、反対及び棄権の意思の表示に係る議決権の数、当該決議事項が可決されるための要件並びに当該決議の結果 決議事項賛成数（個）反対数（個）棄権数（個）可決要件決議の結果及び賛成割合（％）第１号議案18,7131110（注）１可決 99.02第２号議案 （注）２ WilliamWang18,7001260可決 98.94渡邊竜士18,7041220可決 98.96RyanRabaglia18,6991270可決 98.94 （注） １．議決権を行使することができる株主の議決権の３分の１以上を有する株主が出席し、出席した当該株主の議決権の３分の２以上の賛成による。２．議決権を行使することができる株主の議決権の３分の１以上を有する株主が出席し、出席した当該株主の議決権の過半数の賛成による。 （4） 株主総会に出席した株主の議決権の数の一部を加算しなかった理由本総会前日までの事前行使分及び当日出席の一部の株主のうち賛否に関して確認できたものを合計したことにより、決議事項の可決又は否決が明らかになったため、本総会当日出席の株主のうち、賛成、反対及び棄権の確認ができていない議決権数は加算しておりません。 ３．資本金の増減「第四部 組込情報」に記載の有価証券報告書（第12期、提出日2025年９月24日）「第一部 企業情報 第４ 提出会社の状況 １ 株式等の状況 （4） 発行済株式総数、資本金等の推移」に記載の資本金等は、当該有価証券報告書の提出日（2025年９月24日）以降、本有価証券届出書提出日（2026年７月15日）までの間において、以下のとおり増加しております。 年月日発行済株式総数増減数（株）発行済株式総数残高（株）資本金増減額（千円）資本金残高（千円）資本準備金増減額（千円）資本準備金残高（千円）2025年９月25日～2026年７月15日100,2003,314,90011,18645,37011,18513,470 （注） 新株予約権の行使に伴う新株式発行による増加であります。",
