generated_at_utc,file_date,seq_number,doc_id,edinet_code,sec_code,jcn,filer_name,fund_code,ordinance_code,form_code,doc_type_code,period_start,period_end,submit_datetime,doc_description,issuer_edinet_code,subject_edinet_code,subsidiary_edinet_code,current_report_reason,parent_doc_id,ope_date_time,withdrawal_status,doc_info_edit_status,disclosure_status,xbrl_flag,pdf_flag,attach_doc_flag,english_doc_flag,csv_flag
2026-08-21T20:22:59+00:00,2026-08-20,313,S100YXXO,E42127,,5010601036429,株式会社ＴＡＫＡＲＡ,,060,090001,360,,,2026-08-20 17:11,訂正報告書（大量保有報告書・変更報告書）,E36405,,,,S100YWRC,,0,0,0,1,1,0,0,1
2026-08-21T20:22:59+00:00,2026-08-20,312,S100YXTV,E38762,,,ＳＨ　Ｉｎｖｅｓｔｍｅｎｔ，　Ｉｎｃ,,060,020002,350,,,2026-08-20 17:06,変更報告書（短期大量譲渡）,E00780,,,,,,0,0,0,1,1,1,0,1
2026-08-21T20:22:59+00:00,2026-08-20,311,S100YXS0,E38762,,,ＳＨ　Ｉｎｖｅｓｔｍｅｎｔ，　Ｉｎｃ,,060,090001,360,,,2026-08-20 17:04,訂正報告書（大量保有報告書・変更報告書）,E00780,,,,S100YX67,,0,0,0,1,1,1,0,1
2026-08-21T20:22:59+00:00,2026-08-20,310,S100YXXH,E34260,,1010401127885,株式会社カプセルコーポレーション,,060,010002,350,,,2026-08-20 16:50,変更報告書,E34148,,,,,,0,0,0,1,1,0,0,1
2026-08-21T20:22:59+00:00,2026-08-20,309,S100YXX7,E40650,,3011001061143,ケンブリッジフィルターコーポレーション株式会社,,060,090001,360,,,2026-08-20 16:48,訂正報告書（大量保有報告書・変更報告書）,E02421,,,,S100YPSB,,0,0,0,1,1,1,0,1
2026-08-21T20:22:59+00:00,2026-08-20,308,S100YXXF,E40147,277A0,5011101079356,グロービング株式会社,,010,053000,180,,,2026-08-20 16:43,臨時報告書,,,,第19条第2項第2号の2,,,0,0,0,1,1,0,0,1
2026-08-21T20:22:59+00:00,2026-08-20,307,S100YXON,E40263,,,德重　徹,,060,010002,350,,,2026-08-20 16:41,変更報告書,E40060,,,,,,0,0,0,1,1,0,0,1
2026-08-21T20:22:59+00:00,2026-08-20,306,S100YXHW,E09096,,9010001125976,ブラックロック・ジャパン株式会社,,060,030002,350,,,2026-08-20 16:26,変更報告書（特例対象株券等）,E00143,,,,S1009X34,,0,0,0,1,1,1,0,1
2026-08-21T20:22:59+00:00,2026-08-20,305,S100YXHV,E09096,,9010001125976,ブラックロック・ジャパン株式会社,,060,030002,350,,,2026-08-20 16:25,変更報告書（特例対象株券等）,E00052,,,,S100KB01,,0,0,0,1,1,1,0,1
2026-08-21T20:22:59+00:00,2026-08-20,303,S100YXHX,E09096,,9010001125976,ブラックロック・ジャパン株式会社,,060,030002,350,,,2026-08-20 16:25,変更報告書（特例対象株券等）,E24347,,,,S100CZUA,,0,0,0,1,1,1,0,1
2026-08-21T20:22:59+00:00,2026-08-20,304,S100YXHY,E09096,,9010001125976,ブラックロック・ジャパン株式会社,,060,030002,350,,,2026-08-20 16:25,変更報告書（特例対象株券等）,E30513,,,,S100E8RP,,0,0,0,1,1,1,0,1
2026-08-21T20:22:59+00:00,2026-08-20,301,S100YXHZ,E09096,,9010001125976,ブラックロック・ジャパン株式会社,,060,030002,350,,,2026-08-20 16:24,変更報告書（特例対象株券等）,E03462,,,,,,0,0,0,1,1,1,0,1
2026-08-21T20:22:59+00:00,2026-08-20,298,S100YXI1,E09096,,9010001125976,ブラックロック・ジャパン株式会社,,060,030002,350,,,2026-08-20 16:24,変更報告書（特例対象株券等）,E00751,,,,S100XZGP,,0,0,0,1,1,1,0,1
2026-08-21T20:22:59+00:00,2026-08-20,295,S100YXI2,E09096,,9010001125976,ブラックロック・ジャパン株式会社,,060,030002,350,,,2026-08-20 16:24,変更報告書（特例対象株券等）,E01740,,,,S100XEA7,,0,0,0,1,1,1,0,1
2026-08-21T20:22:59+00:00,2026-08-20,299,S100YXI3,E09096,,9010001125976,ブラックロック・ジャパン株式会社,,060,030002,350,,,2026-08-20 16:24,変更報告書（特例対象株券等）,E01182,,,,S100ONPY,,0,0,0,1,1,1,0,1
2026-08-21T20:22:59+00:00,2026-08-20,297,S100YXI4,E09096,,9010001125976,ブラックロック・ジャパン株式会社,,060,030002,350,,,2026-08-20 16:24,変更報告書（特例対象株券等）,E03248,,,,S100WMNJ,,0,0,0,1,1,1,0,1
2026-08-21T20:22:59+00:00,2026-08-20,302,S100YXI5,E09096,,9010001125976,ブラックロック・ジャパン株式会社,,060,030002,350,,,2026-08-20 16:24,変更報告書（特例対象株券等）,E14042,,,,S100CLH3,,0,0,0,1,1,1,0,1
2026-08-21T20:22:59+00:00,2026-08-20,296,S100YXUT,E09096,,9010001125976,ブラックロック・ジャパン株式会社,,060,030002,350,,,2026-08-20 16:24,変更報告書（特例対象株券等）,E00317,,,,S100X54U,,0,0,0,1,1,1,0,1
2026-08-21T20:22:59+00:00,2026-08-20,300,S100YXUU,E09096,,9010001125976,ブラックロック・ジャパン株式会社,,060,030002,350,,,2026-08-20 16:24,変更報告書（特例対象株券等）,E34083,,,,,,0,0,0,1,1,1,0,1
2026-08-21T20:22:59+00:00,2026-08-20,294,S100YXVS,E34722,70580,8010001088704,共栄セキュリティーサービス株式会社,,010,053000,180,,,2026-08-20 16:12,臨時報告書,,,,第19条第2項第3号,,,0,0,0,1,1,0,0,1
2026-08-21T20:22:59+00:00,2026-08-20,292,S100YXGV,E03405,,7010001089380,株式会社エフティグループ,,060,010000,350,,,2026-08-20 16:08,大量保有報告書,E30398,,,,,,0,0,0,1,1,0,0,1
2026-08-21T20:22:59+00:00,2026-08-20,293,S100YXX2,E05609,24920,2010401041383,株式会社インフォマート,,010,053000,180,,,2026-08-20 16:08,臨時報告書,,,,第19条第2項第4号,,,0,0,0,1,1,0,0,1
2026-08-21T20:22:59+00:00,2026-08-20,291,S100YX05,E41053,,,神川　芽伊,,060,010002,350,,,2026-08-20 16:07,変更報告書,E40925,,,,S100WUA4,,0,0,0,1,1,0,0,1
2026-08-21T20:22:59+00:00,2026-08-20,289,S100YXRD,E31883,,,Ｏａｓｉｓ　Ｍａｎａｇｅｍｅｎｔ　Ｃｏｍｐａｎｙ　Ｌｔｄ．,,060,010002,350,,,2026-08-20 16:05,変更報告書,E04896,,,,,,0,0,0,1,1,1,0,1
2026-08-21T20:22:59+00:00,2026-08-20,290,S100YXX0,E01230,72310,2010701019419,トピー工業株式会社,,010,113001,090,,,2026-08-20 16:05,訂正発行登録書,,,,,S100YR29,,0,0,0,0,1,0,0,0
2026-08-21T20:22:59+00:00,2026-08-20,288,S100YX9K,E35239,,2010001143423,光通信株式会社,,060,010002,350,,,2026-08-20 16:04,変更報告書,E04944,,,,S100MZUP,,0,0,0,1,1,1,0,1
2026-08-21T20:22:59+00:00,2026-08-20,285,S100YXEC,E31883,,,Ｏａｓｉｓ　Ｍａｎａｇｅｍｅｎｔ　Ｃｏｍｐａｎｙ　Ｌｔｄ．,,060,010002,350,,,2026-08-20 16:03,変更報告書,E04896,,,,,,0,0,0,1,1,1,0,1
2026-08-21T20:22:59+00:00,2026-08-20,287,S100YXJ9,E41067,,,神川　貴実彦,,060,010002,350,,,2026-08-20 16:03,変更報告書,E40925,,,,S100WU5I,,0,0,0,1,1,1,0,1
2026-08-21T20:22:59+00:00,2026-08-20,286,S100YXRX,E08430,,,冨田　憲介,,060,010002,350,,,2026-08-20 16:03,変更報告書,E34999,,,,S100YNE7,,0,0,0,1,1,0,0,1
2026-08-21T20:22:59+00:00,2026-08-20,282,S100YWZP,E39489,,,瀬之口　和磨,,060,010002,350,,,2026-08-20 16:02,変更報告書,E39222,,,,,,0,0,0,1,1,0,0,1
2026-08-21T20:22:59+00:00,2026-08-20,284,S100YXOP,E02438,59820,3010501014528,株式会社マルゼン,,010,053000,180,,,2026-08-20 16:02,臨時報告書,,,,第19条第2項第3号,,,0,0,0,1,1,0,0,1
2026-08-21T20:22:59+00:00,2026-08-20,283,S100YXWY,E01230,72310,2010701019419,トピー工業株式会社,,010,053001,190,,,2026-08-20 16:02,訂正臨時報告書,,,,第19条第2項第3号,S100UB8P,,0,0,0,1,1,0,0,1
2026-08-21T20:22:59+00:00,2026-08-20,281,S100YXBF,E31883,,,Ｏａｓｉｓ　Ｍａｎａｇｅｍｅｎｔ　Ｃｏｍｐａｎｙ　Ｌｔｄ．,,060,010002,350,,,2026-08-20 16:01,変更報告書,E05697,,,,,,0,0,0,1,1,1,0,1
2026-08-21T20:22:59+00:00,2026-08-20,280,S100YXTW,E06479,,7010401061146,インベスコ・アセット・マネジメント株式会社,,060,010002,350,,,2026-08-20 15:51,変更報告書,E33391,,,,,,0,0,0,1,1,1,0,1
2026-08-21T20:22:59+00:00,2026-08-20,279,S100YXWT,E36162,,,山田　哲哉,,060,090001,360,,,2026-08-20 15:49,訂正報告書（大量保有報告書・変更報告書）,E36210,,,,S100YQ8R,,0,0,0,1,1,0,0,1
2026-08-21T20:22:59+00:00,2026-08-20,278,S100YWTR,E35813,,8010001153111,エンデバー・ユナイテッド株式会社,,060,010002,350,,,2026-08-20 15:43,変更報告書,E00839,,,,,,0,0,0,1,1,0,0,1
2026-08-21T20:22:59+00:00,2026-08-20,277,S100YXWQ,E41258,,3050001040649,株式会社　光輝ＥＮＥＲＧＹ,,060,090001,360,,,2026-08-20 15:42,訂正報告書（大量保有報告書・変更報告書）,E03498,,,,S100YXPT,,0,0,0,1,1,0,0,1
2026-08-21T20:22:59+00:00,2026-08-20,276,S100YX1E,E38091,,,岡田　陽介,,060,010002,350,,,2026-08-20 15:38,変更報告書,E38109,,,,,,0,0,0,1,1,0,0,1
2026-08-21T20:22:59+00:00,2026-08-20,275,S100YXR6,E36069,,,Ｌｏｎｇ　Ｃｏｒｒｉｄｏｒ　Ａｓｓｅｔ　Ｍａｎａｇｅｍｅｎｔ　Ｌｉｍｉｔｅｄ,,060,010002,350,,,2026-08-20 15:36,変更報告書,E03740,,,,,,0,0,0,1,1,0,0,1
2026-08-21T20:22:59+00:00,2026-08-20,271,S100YX1F,E35933,,5010001203678,Ｇｌｏｂａｌ　Ｘ　Ｊａｐａｎ株式会社,G16026,030,04A000,030,,,2026-08-20 15:35,有価証券届出書（内国投資信託受益証券）,,,,,,,0,0,0,1,1,1,0,1
2026-08-21T20:22:59+00:00,2026-08-20,273,S100YXO1,E27842,32880,5011001028165,株式会社オープンハウスグループ,,010,053000,180,,,2026-08-20 15:35,臨時報告書,,,,第19条第2項第12号,,,0,0,0,1,1,0,0,1
2026-08-21T20:22:59+00:00,2026-08-20,272,S100YXPI,E34082,65790,9010001121488,ログリー株式会社,,010,053000,180,,,2026-08-20 15:35,臨時報告書,,,,第19条第2項第12号,,,0,0,0,1,1,0,0,1
2026-08-21T20:22:59+00:00,2026-08-20,274,S100YXV7,E32692,,1010001174683,第一生命保険株式会社,,060,030002,350,,,2026-08-20 15:35,変更報告書（特例対象株券等）,E04321,,,,,,0,0,0,1,1,0,0,1
2026-08-21T20:22:59+00:00,2026-08-20,270,S100YX1D,E35933,,5010001203678,Ｇｌｏｂａｌ　Ｘ　Ｊａｐａｎ株式会社,G16025,030,04A000,030,,,2026-08-20 15:33,有価証券届出書（内国投資信託受益証券）,,,,,,,0,0,0,1,1,1,0,1
2026-08-21T20:22:59+00:00,2026-08-20,269,S100YXPA,E34975,70670,2011001038472,ブランディングテクノロジー株式会社,,010,053000,180,,,2026-08-20 15:33,臨時報告書,,,,第19条第2項第8号の2,,,0,0,0,1,1,0,0,1
2026-08-21T20:22:59+00:00,2026-08-20,264,S100YX1W,E38425,,4011001091239,株式会社ＭＩ２,,060,010002,350,,,2026-08-20 15:32,変更報告書,E05100,,,,,,0,0,0,1,1,1,0,1
2026-08-21T20:22:59+00:00,2026-08-20,265,S100YX9H,E36104,,,ＮＩＰＰＯＮ　ＡＣＴＩＶＥ　ＶＡＬＵＥ　ＦＵＮＤ　ＰＬＣ,,060,010002,350,,,2026-08-20 15:32,変更報告書,E01714,,,,,,0,0,0,1,1,1,0,1
2026-08-21T20:22:59+00:00,2026-08-20,268,S100YXID,E36582,,8010001212461,株式会社ネクスタ,,060,010002,350,,,2026-08-20 15:32,変更報告書,E34748,,,,,,0,0,0,1,1,0,0,1
2026-08-21T20:22:59+00:00,2026-08-20,267,S100YXUO,E05000,46890,4010401039979,ＬＩＮＥヤフー株式会社,,010,053001,190,,,2026-08-20 15:32,訂正臨時報告書,,,,第19条第2項第2号の2,S100YSUN,,0,0,0,1,1,0,0,1
2026-08-21T20:22:59+00:00,2026-08-20,266,S100YXW9,E02394,79660,7011401006867,リンテック株式会社,,010,053000,180,,,2026-08-20 15:32,臨時報告書,,,,第19条第2項第1号,,,0,0,0,1,1,1,0,1
2026-08-21T20:22:59+00:00,2026-08-20,263,S100YXNU,E00693,79120,5011101012069,大日本印刷株式会社,,010,110000,080,,,2026-08-20 15:31,発行登録書（株券､社債券等）,,,,,,,0,0,0,1,1,1,0,1
2026-08-21T20:22:59+00:00,2026-08-20,261,S100YXPZ,,,,,,,,,,,2026-08-20 15:31,,,,,,S100UB60,,1,0,0,0,0,0,0,0
2026-08-21T20:22:59+00:00,2026-08-20,262,S100YXRJ,E26349,,4010401097969,マイルストーン・キャピタル・マネジメント株式会社,,060,010002,350,,,2026-08-20 15:31,変更報告書,E30998,,,,,,0,0,0,1,1,0,0,1
2026-08-21T20:22:59+00:00,2026-08-20,259,S100YWUA,E12046,,6010001058171,三田証券株式会社,,060,010002,350,,,2026-08-20 15:30,変更報告書,E02402,,,,,,0,0,0,1,1,0,0,1
2026-08-21T20:22:59+00:00,2026-08-20,258,S100YX9J,E02513,80310,1010001008767,三井物産株式会社,,060,010002,350,,,2026-08-20 15:30,変更報告書,E36976,,,,S100XNSB,,0,0,0,1,1,0,0,1
2026-08-21T20:22:59+00:00,2026-08-20,260,S100YXK0,E41508,,,ＡＲＮＥ　ＷＯＬＦ　ＫＬＡＵＳ　ＤＥＵＳＳＥＮ,,060,010000,350,,,2026-08-20 15:30,大量保有報告書,E01431,,,,,,0,0,0,1,1,1,0,1
2026-08-21T20:22:59+00:00,2026-08-20,255,S100YXTU,E02046,78590,1012701001142,株式会社アルメディオ,,010,053000,180,,,2026-08-20 15:30,臨時報告書,,,,第19条第2項第12号,,,0,0,0,1,1,0,0,1
2026-08-21T20:22:59+00:00,2026-08-20,257,S100YXWJ,E31280,,6010005023345,ヘルスケア＆メディカル投資法人,G10834,030,04F001,040,,,2026-08-20 15:30,訂正有価証券届出書（参照方式・内国投資証券）,,,,,S100YWFN,,0,0,0,1,1,0,0,1
2026-08-21T20:22:59+00:00,2026-08-20,256,S100YXWO,E14197,,1010005008854,大和証券オフィス投資法人,G04601,030,07B000,120,2025-12-01,2026-05-31,2026-08-20 15:30,有価証券報告書（内国投資証券）－第41期(2025/12/01－2026/05/31),,,,,,,0,0,0,1,1,1,0,1
2026-08-21T20:22:59+00:00,2026-08-20,254,S100YXWC,E41258,,3050001040649,株式会社　光輝ＥＮＥＲＧＹ,,060,090001,360,,,2026-08-20 15:28,訂正報告書（大量保有報告書・変更報告書）,E03498,,,,S100YXPT,,0,0,0,1,1,0,0,1
2026-08-21T20:22:59+00:00,2026-08-20,253,S100YXWE,E40896,,3010401177656,株式会社ディメンショナル,,060,010002,350,,,2026-08-20 15:24,変更報告書,E33864,,,,S100XGOK,,0,0,0,1,1,1,0,1
2026-08-21T20:22:59+00:00,2026-08-20,252,S100YXWL,E05379,27960,5011201003645,ファーマライズホールディングス株式会社,,015,010000,235,,,2026-08-20 15:18,内部統制報告書－第40期(2025/06/01－2026/05/31),,,,,,,0,0,0,1,1,0,0,1
2026-08-21T20:22:59+00:00,2026-08-20,251,S100YXWK,E05379,27960,5011201003645,ファーマライズホールディングス株式会社,,010,042000,135,,,2026-08-20 15:17,確認書,,,,,,,0,0,0,0,1,0,0,0
2026-08-21T20:22:59+00:00,2026-08-20,250,S100YXWI,E05379,27960,5011201003645,ファーマライズホールディングス株式会社,,010,030000,120,2025-06-01,2026-05-31,2026-08-20 15:16,有価証券報告書－第40期(2025/06/01－2026/05/31),,,,,,,0,0,0,1,1,1,0,1
2026-08-21T20:22:59+00:00,2026-08-20,249,S100XVQ0,E27042,,,三木　富士彦,,060,010002,350,,,2026-08-20 15:11,変更報告書,E26914,,,,,,0,0,0,1,1,0,0,1
2026-08-21T20:22:59+00:00,2026-08-20,248,S100YVV9,E01318,57020,5120001125102,株式会社大紀アルミニウム工業所,,010,053000,180,,,2026-08-20 15:07,臨時報告書,,,,第19条第2項第2号の2,,,0,0,0,1,1,0,0,1
2026-08-21T20:22:59+00:00,2026-08-20,247,S100YXW5,E33179,,4010403016299,伊藤忠フードインベストメント合同会社,,060,090001,360,,,2026-08-20 14:54,訂正報告書（大量保有報告書・変更報告書）,E00431,,,,S100YXQW,,0,0,0,1,1,1,0,1
2026-08-21T20:22:59+00:00,2026-08-20,246,S100YXJQ,E08957,,4010401049128,三井住友ＤＳアセットマネジメント株式会社,,060,030002,350,,,2026-08-20 14:47,変更報告書（特例対象株券等）,E38180,,,,S100VCJV,,0,0,0,1,1,0,0,1
2026-08-21T20:22:59+00:00,2026-08-20,245,S100YXJJ,E08957,,4010401049128,三井住友ＤＳアセットマネジメント株式会社,,060,030002,350,,,2026-08-20 14:46,変更報告書（特例対象株券等）,E02611,,,,,,0,0,0,1,1,0,0,1
2026-08-21T20:22:59+00:00,2026-08-20,244,S100YXJG,E08957,,4010401049128,三井住友ＤＳアセットマネジメント株式会社,,060,030000,350,,,2026-08-20 14:45,大量保有報告書（特例対象株券等）,E26428,,,,,,0,0,0,1,1,0,0,1
2026-08-21T20:22:59+00:00,2026-08-20,243,S100YXJF,E08957,,4010401049128,三井住友ＤＳアセットマネジメント株式会社,,060,030000,350,,,2026-08-20 14:44,大量保有報告書（特例対象株券等）,E26332,,,,,,0,0,0,1,1,0,0,1
2026-08-21T20:22:59+00:00,2026-08-20,242,S100YXV6,E39685,,1011001148909,グロースパートナーズ株式会社,,060,090001,360,,,2026-08-20 14:25,訂正報告書（大量保有報告書・変更報告書）,E03409,,,,S100Y377,,0,0,0,1,1,1,0,1
2026-08-21T20:22:59+00:00,2026-08-20,241,S100YXVY,E39008,92360,3010701038434,ジャパンＭ＆Ａソリューション株式会社,,010,053000,180,,,2026-08-20 14:23,臨時報告書,,,,第19条第2項第6号,,,0,0,0,1,1,0,0,1
2026-08-21T20:22:59+00:00,2026-08-20,240,S100YXVX,E05463,37620,4010401058467,テクマトリックス株式会社,,010,170000,220,,,2026-08-20 14:15,自己株券買付状況報告書（法２４条の６第１項に基づくもの）,,,,,,,0,0,0,1,1,0,0,1
2026-08-21T20:22:59+00:00,2026-08-20,238,S100YXV4,E10737,35490,9220002009323,株式会社クスリのアオキホールディングス,,010,113001,090,,,2026-08-20 14:13,訂正発行登録書,,,,,S100XQR9,,0,0,0,0,1,0,0,0
2026-08-21T20:22:59+00:00,2026-08-20,237,S100YXV5,E10737,35490,9220002009323,株式会社クスリのアオキホールディングス,,010,053000,180,,,2026-08-20 14:13,臨時報告書,,,,第19条第2項第9号の2,,,0,0,0,1,1,0,0,1
2026-08-21T20:22:59+00:00,2026-08-20,239,S100YXVL,E39685,,1011001148909,グロースパートナーズ株式会社,,060,090001,360,,,2026-08-20 14:13,訂正報告書（大量保有報告書・変更報告書）,E05175,,,,S100YR5S,,0,0,0,1,1,1,0,1
2026-08-21T20:22:59+00:00,2026-08-20,235,S100YWRC,E42127,,5010601036429,株式会社ＴＡＫＡＲＡ,,060,010000,350,,,2026-08-20 14:02,大量保有報告書,E36405,,,,,,0,0,0,1,1,0,0,1
2026-08-21T20:22:59+00:00,2026-08-20,234,S100YXR5,E40784,,9010001253166,オルタナ信託株式会社,G16024,030,06A000,030,,,2026-08-20 14:00,有価証券届出書（内国信託受益証券等）,,,,,,,0,0,0,1,1,1,0,1
2026-08-21T20:22:59+00:00,2026-08-20,233,S100YXET,E26195,,,松﨑　隆司,,060,010002,350,,,2026-08-20 13:53,変更報告書,E26086,,,,,,0,0,0,1,1,1,0,1
2026-08-21T20:22:59+00:00,2026-08-20,232,S100YXL6,E26913,,,中野　光二,,060,090001,360,,,2026-08-20 13:23,訂正報告書（大量保有報告書・変更報告書）,E01415,,,,S100YTV9,,0,0,0,1,1,0,0,1
2026-08-21T20:22:59+00:00,2026-08-20,230,S100YXMU,E05162,48250,6010401003504,株式会社ウェザーニューズ,,010,042000,135,,,2026-08-20 13:14,確認書,,,,,,,0,0,0,0,1,0,0,0
2026-08-21T20:22:59+00:00,2026-08-20,231,S100YXMX,E05162,48250,6010401003504,株式会社ウェザーニューズ,,015,010000,235,,,2026-08-20 13:14,内部統制報告書－第40期(2025/06/01－2026/05/31),,,,,,,0,0,0,1,1,0,0,1
2026-08-21T20:22:59+00:00,2026-08-20,229,S100YXMM,E05162,48250,6010401003504,株式会社ウェザーニューズ,,010,030000,120,2025-06-01,2026-05-31,2026-08-20 13:12,有価証券報告書－第40期(2025/06/01－2026/05/31),,,,,,,0,0,0,1,1,1,0,1
2026-08-21T20:22:59+00:00,2026-08-20,228,S100YXGF,E11943,,,Ｅｖｏ　Ｆｕｎｄ,,060,010002,350,,,2026-08-20 13:00,変更報告書,E03160,,,,S100X6CY,,0,0,0,1,1,1,0,1
2026-08-21T20:22:59+00:00,2026-08-20,227,S100YXOD,E24872,,,シルチェスター・インターナショナル・インベスターズ・エルエルピー,,060,010000,350,,,2026-08-20 12:59,大量保有報告書,E05410,,,,,,0,0,0,1,1,1,0,1
2026-08-21T20:22:59+00:00,2026-08-20,226,S100YXSW,E39349,137A0,4010401129383,Ｃｏｃｏｌｉｖｅ株式会社,,010,042000,135,,,2026-08-20 12:45,確認書,,,,,,,0,0,0,0,1,0,0,0
2026-08-21T20:22:59+00:00,2026-08-20,224,S100YXSF,E39349,137A0,4010401129383,Ｃｏｃｏｌｉｖｅ株式会社,,010,030000,120,2025-06-01,2026-05-31,2026-08-20 12:43,有価証券報告書－第10期(2025/06/01－2026/05/31),,,,,,,0,0,0,1,1,1,0,1
2026-08-21T20:22:59+00:00,2026-08-20,225,S100YXSR,E39349,137A0,4010401129383,Ｃｏｃｏｌｉｖｅ株式会社,,015,010000,235,,,2026-08-20 12:43,内部統制報告書－第10期(2025/06/01－2026/05/31),,,,,,,0,0,0,1,1,0,0,1
2026-08-21T20:22:59+00:00,2026-08-20,222,S100YXQW,E33179,,4010403016299,伊藤忠フードインベストメント合同会社,,060,010000,350,,,2026-08-20 11:41,大量保有報告書,E00431,,,,,,0,2,0,1,1,1,0,1
2026-08-21T20:22:59+00:00,2026-08-20,236,S100YXQW,E33179,,4010403016299,伊藤忠フードインベストメント合同会社,,060,010002,350,,,2026-08-20 11:41,変更報告書,E00431,,,,,2026-08-20 14:05,0,1,0,1,1,1,0,1
2026-08-21T20:22:59+00:00,2026-08-20,223,S100YXTI,E09164,,,須田　忠雄,,060,090001,360,,,2026-08-20 11:41,訂正報告書（大量保有報告書・変更報告書）,E36405,,,,S100YVQK,,0,0,0,1,1,0,0,1
2026-08-21T20:22:59+00:00,2026-08-20,221,S100YXR0,E04505,95070,9470001001933,四国電力株式会社,,010,113001,090,,,2026-08-20 11:36,訂正発行登録書,,,,,S100WGWP,,0,0,0,0,1,0,0,0
2026-08-21T20:22:59+00:00,2026-08-20,220,S100YXQ7,E38142,,,山本　浩司,,060,090001,360,,,2026-08-20 11:34,訂正報告書（大量保有報告書・変更報告書）,E37985,,,,S100YX68,,0,0,0,1,1,0,0,1
2026-08-21T20:22:59+00:00,2026-08-20,219,S100YXN4,E31250,,,ウエリントン・マネージメント・カンパニー・エルエルピー,,060,030002,350,,,2026-08-20 11:21,変更報告書（特例対象株券等）,E02770,,,,S100UMFG,,0,0,0,1,1,1,0,1
2026-08-21T20:22:59+00:00,2026-08-20,218,S100YXLS,E31250,,,ウエリントン・マネージメント・カンパニー・エルエルピー,,060,030002,350,,,2026-08-20 11:20,変更報告書（特例対象株券等）,E34960,,,,S100Y4W1,,0,0,0,1,1,1,0,1
2026-08-21T20:22:59+00:00,2026-08-20,217,S100YXLB,E31250,,,ウエリントン・マネージメント・カンパニー・エルエルピー,,060,030000,350,,,2026-08-20 11:18,大量保有報告書（特例対象株券等）,E03867,,,,,,0,0,0,1,1,1,0,1
2026-08-21T20:22:59+00:00,2026-08-20,216,S100YXRW,E10802,,2011001046046,モルガン・スタンレーＭＵＦＧ証券株式会社,,060,030002,350,,,2026-08-20 11:16,変更報告書（特例対象株券等）,E03476,,,,S100Y00O,,0,0,0,1,1,1,0,1
2026-08-21T20:22:59+00:00,2026-08-20,215,S100YXDR,E33968,,,アイキュー・イーキュー・ファンド・マネジメント（シンガポール）プライベート・リミテッド,,060,010002,350,,,2026-08-20 11:12,変更報告書,E34538,,,,,,0,0,0,1,1,1,0,1
2026-08-21T20:22:59+00:00,2026-08-20,214,S100YXFD,E11943,,,Ｅｖｏ　Ｆｕｎｄ,,060,010002,350,,,2026-08-20 11:06,変更報告書,E36860,,,,S100YRDZ,,0,0,0,1,1,1,0,1
2026-08-21T20:22:59+00:00,2026-08-20,213,S100YXF0,E06748,,2010001049257,大和アセットマネジメント株式会社,,060,030002,350,,,2026-08-20 11:00,変更報告書（特例対象株券等）,E13869,,,,S100PGEZ,,0,0,0,1,1,0,0,1
2026-08-21T20:22:59+00:00,2026-08-20,212,S100YXJ1,E06485,,7010001054021,野村アセットマネジメント株式会社,,060,030002,350,,,2026-08-20 11:00,変更報告書（特例対象株券等）,E00685,,,,,,0,0,0,1,1,1,0,1
2026-08-21T20:22:59+00:00,2026-08-20,211,S100YXIQ,E03810,,6010001074037,野村證券株式会社,,060,030002,350,,,2026-08-20 10:54,変更報告書（特例対象株券等）,E36635,,,,S100Y2AK,,0,0,0,1,1,1,0,1
2026-08-21T20:22:59+00:00,2026-08-20,209,S100YXIO,E03810,,6010001074037,野村證券株式会社,,060,030000,350,,,2026-08-20 10:50,大量保有報告書（特例対象株券等）,E00760,,,,,,0,0,0,1,1,1,0,1
2026-08-21T20:22:59+00:00,2026-08-20,210,S100YXPJ,E03235,74190,4021001013588,株式会社ノジマ,,010,110000,080,,,2026-08-20 10:50,発行登録書（株券､社債券等）,,,,,,,0,0,0,1,1,1,0,1
2026-08-21T20:22:59+00:00,2026-08-20,208,S100YXJB,E03810,,6010001074037,野村證券株式会社,,060,030002,350,,,2026-08-20 10:49,変更報告書（特例対象株券等）,E01502,,,,S100YOJ3,,0,0,0,1,1,1,0,1
2026-08-21T20:22:59+00:00,2026-08-20,207,S100YXRN,E20037,,,モルガン・スタンレー・アンド・カンパニー・インターナショナル・ピーエルシー,,060,030002,350,,,2026-08-20 10:49,変更報告書（特例対象株券等）,E31335,,,,S100YUTI,,0,0,0,1,1,1,0,1
2026-08-21T20:22:59+00:00,2026-08-20,206,S100YXLO,E37075,,,Ｔｅａｃｈｅｒ　Ｒｅｔｉｒｅｍｅｎｔ　Ｓｙｓｔｅｍ　ｏｆ　Ｔｅｘａｓ,,060,010000,350,,,2026-08-20 10:43,大量保有報告書,E00784,,,,,,0,0,0,1,1,1,0,1
2026-08-21T20:22:59+00:00,2026-08-20,205,S100YXSD,E02949,,4010001026485,ピクセルカンパニーズ株式会社,,010,053000,180,,,2026-08-20 10:39,臨時報告書,,,,第19条第2項第4号の4,,,0,0,0,1,1,0,0,1
2026-08-21T20:22:59+00:00,2026-08-20,204,S100YXIL,E03810,,6010001074037,野村證券株式会社,,060,030002,350,,,2026-08-20 10:36,変更報告書（特例対象株券等）,E30969,,,,S100XGIF,,0,0,0,1,1,1,0,1
2026-08-21T20:22:59+00:00,2026-08-20,203,S100YXJ8,E03810,,6010001074037,野村證券株式会社,,060,030002,350,,,2026-08-20 10:36,変更報告書（特例対象株券等）,E41542,,,,S100YS0G,,0,0,0,1,1,1,0,1
2026-08-21T20:22:59+00:00,2026-08-20,202,S100YXJ7,E03810,,6010001074037,野村證券株式会社,,060,030002,350,,,2026-08-20 10:33,変更報告書（特例対象株券等）,E38684,,,,S100YU7R,,0,0,0,1,1,1,0,1
2026-08-21T20:22:59+00:00,2026-08-20,200,S100YXIJ,E03810,,6010001074037,野村證券株式会社,,060,030002,350,,,2026-08-20 10:29,変更報告書（特例対象株券等）,E03462,,,,S100WTEQ,,0,0,0,1,1,1,0,1
2026-08-21T20:22:59+00:00,2026-08-20,201,S100YXJ5,E03810,,6010001074037,野村證券株式会社,,060,030000,350,,,2026-08-20 10:29,大量保有報告書（特例対象株券等）,E01048,,,,,,0,0,0,1,1,1,0,1
2026-08-21T20:22:59+00:00,2026-08-20,199,S100YXJA,E03810,,6010001074037,野村證券株式会社,,060,030002,350,,,2026-08-20 10:25,変更報告書（特例対象株券等）,E01495,,,,S100WB2X,,0,0,0,1,1,1,0,1
2026-08-21T20:22:59+00:00,2026-08-20,198,S100YWCF,E37998,,,アマゾン・ドット・コム・インク,,060,020002,350,,,2026-08-20 10:23,変更報告書（短期大量譲渡）,E26301,,,,S100P55F,,0,0,0,1,1,1,0,1
2026-08-21T20:22:59+00:00,2026-08-20,197,S100YXIC,E03810,,6010001074037,野村證券株式会社,,060,030002,350,,,2026-08-20 10:17,変更報告書（特例対象株券等）,E30064,,,,S100X8PC,,0,0,0,1,1,1,0,1
2026-08-21T20:22:59+00:00,2026-08-20,196,S100YXG6,E06748,,2010001049257,大和アセットマネジメント株式会社,,060,030002,350,,,2026-08-20 10:08,変更報告書（特例対象株券等）,E33350,,,,S100KZF2,,0,0,0,1,1,0,0,1
2026-08-21T20:22:59+00:00,2026-08-20,195,S100YXPX,E00566,34090,5220001002217,株式会社北紡,,010,042100,135,,,2026-08-20 10:06,確認書,,,,,S100YXKX,,0,0,0,0,1,0,0,0
2026-08-21T20:22:59+00:00,2026-08-20,193,S100YXJC,E03810,,6010001074037,野村證券株式会社,,060,030000,350,,,2026-08-20 10:05,大量保有報告書（特例対象株券等）,E01536,,,,,,0,0,0,1,1,1,0,1
2026-08-21T20:22:59+00:00,2026-08-20,194,S100YXND,E03810,,6010001074037,野村證券株式会社,,060,010002,350,,,2026-08-20 10:05,変更報告書,E02490,,,,S100X8PF,,0,0,0,1,1,1,0,1
2026-08-21T20:22:59+00:00,2026-08-20,192,S100YII4,E40860,,,正木　宏和,,060,010002,350,,,2026-08-20 10:04,変更報告書,E40756,,,,,,0,0,0,1,1,1,0,1
2026-08-21T20:22:59+00:00,2026-08-20,191,S100YXJ6,E06485,,7010001054021,野村アセットマネジメント株式会社,,060,030000,350,,,2026-08-20 10:00,大量保有報告書（特例対象株券等）,E25870,,,,,,0,0,0,1,1,1,0,1
2026-08-21T20:22:59+00:00,2026-08-20,190,S100YXRF,E03497,30640,6140001054380,株式会社ＭｏｎｏｔａＲＯ,,010,170000,220,,,2026-08-20 09:59,自己株券買付状況報告書（法２４条の６第１項に基づくもの）,,,,,,,0,0,0,1,1,0,0,1
2026-08-21T20:22:59+00:00,2026-08-20,189,S100YXJ4,E06485,,7010001054021,野村アセットマネジメント株式会社,,060,030002,350,,,2026-08-20 09:58,変更報告書（特例対象株券等）,E05425,,,,,,0,0,0,1,1,1,0,1
2026-08-21T20:22:59+00:00,2026-08-20,188,S100YXOZ,E03497,30640,6140001054380,株式会社ＭｏｎｏｔａＲＯ,,010,170001,230,,,2026-08-20 09:58,訂正自己株券買付状況報告書（法２４条の６第１項に基づくもの）,,,,,S100YQN7,,0,0,0,1,1,0,0,1
2026-08-21T20:22:59+00:00,2026-08-20,187,S100YXIU,E03810,,6010001074037,野村證券株式会社,,060,030002,350,,,2026-08-20 09:56,変更報告書（特例対象株券等）,E03516,,,,S100XJSK,,0,0,0,1,1,1,0,1
2026-08-21T20:22:59+00:00,2026-08-20,186,S100YVSW,E12453,,9010001025953,ニッセイアセットマネジメント株式会社,G10108,030,04A000,030,,,2026-08-20 09:52,有価証券届出書（内国投資信託受益証券）,,,,,,,0,0,0,1,1,1,0,1
2026-08-21T20:22:59+00:00,2026-08-20,185,S100YXIP,E03810,,6010001074037,野村證券株式会社,,060,030002,350,,,2026-08-20 09:52,変更報告書（特例対象株券等）,E35254,,,,,,0,0,0,1,1,1,0,1
2026-08-21T20:22:59+00:00,2026-08-20,183,S100YVSN,E12453,,9010001025953,ニッセイアセットマネジメント株式会社,G10108,030,10A000,160,2025-11-21,2026-11-20,2026-08-20 09:50,半期報告書（内国投資信託受益証券）－第13期(2025/11/21－2026/11/20),,,,,,,0,0,0,1,1,0,0,1
2026-08-21T20:22:59+00:00,2026-08-20,184,S100YXJZ,E05982,,,バークレイズ・バンク・ピーエルシー,,010,142001,090,,,2026-08-20 09:50,訂正発行登録書,,,,,S100WFH9,,0,0,0,0,1,1,0,0
2026-08-21T20:22:59+00:00,2026-08-20,182,S100YX0L,E04762,85910,8010401006942,オリックス株式会社,,060,010002,350,,,2026-08-20 09:49,変更報告書,E32697,,,,S100WKM7,,0,0,0,1,1,0,0,1
2026-08-21T20:22:59+00:00,2026-08-20,181,S100YXIK,E03810,,6010001074037,野村證券株式会社,,060,030002,350,,,2026-08-20 09:49,変更報告書（特例対象株券等）,E00446,,,,S100RYWK,,0,0,0,1,1,1,0,1
2026-08-21T20:22:59+00:00,2026-08-20,180,S100YVTH,E12453,,9010001025953,ニッセイアセットマネジメント株式会社,G10112,030,04A000,030,,,2026-08-20 09:47,有価証券届出書（内国投資信託受益証券）,,,,,,,0,0,0,1,1,1,0,1
2026-08-21T20:22:59+00:00,2026-08-20,179,S100YW98,E12430,,8010401072159,アモーヴァ・アセットマネジメント株式会社,G15661,030,04A001,040,,,2026-08-20 09:47,訂正有価証券届出書（内国投資信託受益証券）,,,,,S100WQ57,,0,0,0,1,1,1,0,1
2026-08-21T20:22:59+00:00,2026-08-20,178,S100YAD8,E12430,,8010401072159,アモーヴァ・アセットマネジメント株式会社,G15661,030,07A000,120,2025-11-21,2026-05-20,2026-08-20 09:46,有価証券報告書（内国投資信託受益証券）－第2期(2025/11/21－2026/05/20),,,,,,,0,0,0,1,1,1,0,1
2026-08-21T20:22:59+00:00,2026-08-20,177,S100YAD4,E12430,,8010401072159,アモーヴァ・アセットマネジメント株式会社,G15291,030,04A000,030,,,2026-08-20 09:45,有価証券届出書（内国投資信託受益証券）,,,,,,,0,0,0,1,1,1,0,1
2026-08-21T20:22:59+00:00,2026-08-20,176,S100YVT3,E12453,,9010001025953,ニッセイアセットマネジメント株式会社,G10112,030,10A000,160,2025-11-21,2026-11-20,2026-08-20 09:45,半期報告書（内国投資信託受益証券）－第13期(2025/11/21－2026/11/20),,,,,,,0,0,0,1,1,0,0,1
2026-08-21T20:22:59+00:00,2026-08-20,175,S100YXIF,E03810,,6010001074037,野村證券株式会社,,060,030000,350,,,2026-08-20 09:45,大量保有報告書（特例対象株券等）,E05609,,,,,,0,0,0,1,1,1,0,1
2026-08-21T20:22:59+00:00,2026-08-20,174,S100YAD6,E12430,,8010401072159,アモーヴァ・アセットマネジメント株式会社,G15291,030,07A000,120,2025-11-21,2026-05-20,2026-08-20 09:44,有価証券報告書（内国投資信託受益証券）－第4期(2025/11/21－2026/05/20),,,,,,,0,0,0,1,1,1,0,1
2026-08-21T20:22:59+00:00,2026-08-20,173,S100YACW,E12430,,8010401072159,アモーヴァ・アセットマネジメント株式会社,G13455,030,04A000,030,,,2026-08-20 09:43,有価証券届出書（内国投資信託受益証券）,,,,,,,0,0,0,1,1,1,0,1
2026-08-21T20:22:59+00:00,2026-08-20,172,S100YACX,E12430,,8010401072159,アモーヴァ・アセットマネジメント株式会社,G13455,030,07A000,120,2025-05-21,2026-05-20,2026-08-20 09:42,有価証券報告書（内国投資信託受益証券）－第7期(2025/05/21－2026/05/20),,,,,,,0,0,0,1,1,1,0,1
2026-08-21T20:22:59+00:00,2026-08-20,171,S100YACS,E12430,,8010401072159,アモーヴァ・アセットマネジメント株式会社,G12407,030,04A000,030,,,2026-08-20 09:41,有価証券届出書（内国投資信託受益証券）,,,,,,,0,0,0,1,1,1,0,1
2026-08-21T20:22:59+00:00,2026-08-20,170,S100YACV,E12430,,8010401072159,アモーヴァ・アセットマネジメント株式会社,G12407,030,07A000,120,2025-11-21,2026-05-20,2026-08-20 09:40,有価証券報告書（内国投資信託受益証券）－第19期(2025/11/21－2026/05/20),,,,,,,0,0,0,1,1,1,0,1
2026-08-21T20:22:59+00:00,2026-08-20,169,S100YACQ,E12430,,8010401072159,アモーヴァ・アセットマネジメント株式会社,G10681,030,04A000,030,,,2026-08-20 09:39,有価証券届出書（内国投資信託受益証券）,,,,,,,0,0,0,1,1,1,0,1
2026-08-21T20:22:59+00:00,2026-08-20,166,S100YACR,E12430,,8010401072159,アモーヴァ・アセットマネジメント株式会社,G10681,030,07A000,120,2025-11-21,2026-05-20,2026-08-20 09:38,有価証券報告書（内国投資信託受益証券）－第23期(2025/11/21－2026/05/20),,,,,,,0,0,0,1,1,1,0,1
2026-08-21T20:22:59+00:00,2026-08-20,168,S100YU4U,E13447,,2010401045054,ＳＢＩアセットマネジメント株式会社,G14795,030,04A000,030,,,2026-08-20 09:38,有価証券届出書（内国投資信託受益証券）,,,,,,,0,0,0,1,1,1,0,1
2026-08-21T20:22:59+00:00,2026-08-20,167,S100YVIS,E12453,,9010001025953,ニッセイアセットマネジメント株式会社,G14348,030,04A000,030,,,2026-08-20 09:38,有価証券届出書（内国投資信託受益証券）,,,,,,,0,0,0,1,1,1,0,1
2026-08-21T20:22:59+00:00,2026-08-20,163,S100YACO,E12430,,8010401072159,アモーヴァ・アセットマネジメント株式会社,G10663,030,04A000,030,,,2026-08-20 09:37,有価証券届出書（内国投資信託受益証券）,,,,,,,0,0,0,1,1,1,0,1
2026-08-21T20:22:59+00:00,2026-08-20,165,S100YUFV,E12453,,9010001025953,ニッセイアセットマネジメント株式会社,G13206,030,04A000,030,,,2026-08-20 09:37,有価証券届出書（内国投資信託受益証券）,,,,,,,0,0,0,1,1,1,0,1
2026-08-21T20:22:59+00:00,2026-08-20,164,S100YVIN,E12453,,9010001025953,ニッセイアセットマネジメント株式会社,G14348,030,10A000,160,2025-11-21,2026-11-20,2026-08-20 09:37,半期報告書（内国投資信託受益証券）－第5期(2025/11/21－2026/11/20),,,,,,,0,0,0,1,1,0,0,1
2026-08-21T20:22:59+00:00,2026-08-20,162,S100YWCN,E12453,,9010001025953,ニッセイアセットマネジメント株式会社,G14350,030,04A000,030,,,2026-08-20 09:37,有価証券届出書（内国投資信託受益証券）,,,,,,,0,0,0,1,1,1,0,1
2026-08-21T20:22:59+00:00,2026-08-20,161,S100YACP,E12430,,8010401072159,アモーヴァ・アセットマネジメント株式会社,G10663,030,10A000,160,2025-11-21,2026-11-20,2026-08-20 09:36,半期報告書（内国投資信託受益証券）－第12期(2025/11/21－2026/11/20),,,,,,,0,0,0,1,1,0,0,1
2026-08-21T20:22:59+00:00,2026-08-20,160,S100YU4Y,E13447,,2010401045054,ＳＢＩアセットマネジメント株式会社,G14795,030,10A000,160,2025-11-21,2026-11-20,2026-08-20 09:36,半期報告書（内国投資信託受益証券）－第6期(2025/11/21－2026/11/20),,,,,,,0,0,0,1,1,0,0,1
2026-08-21T20:22:59+00:00,2026-08-20,159,S100YVII,E12453,,9010001025953,ニッセイアセットマネジメント株式会社,G14347,030,04A000,030,,,2026-08-20 09:36,有価証券届出書（内国投資信託受益証券）,,,,,,,0,0,0,1,1,1,0,1
2026-08-21T20:22:59+00:00,2026-08-20,158,S100YWCD,E12453,,9010001025953,ニッセイアセットマネジメント株式会社,G14350,030,10A000,160,2025-11-21,2026-11-20,2026-08-20 09:36,半期報告書（内国投資信託受益証券）－第5期(2025/11/21－2026/11/20),,,,,,,0,0,0,1,1,0,0,1
2026-08-21T20:22:59+00:00,2026-08-20,157,S100YACK,E12430,,8010401072159,アモーヴァ・アセットマネジメント株式会社,G10456,030,04A000,030,,,2026-08-20 09:35,有価証券届出書（内国投資信託受益証券）,,,,,,,0,0,0,1,1,1,0,1
2026-08-21T20:22:59+00:00,2026-08-20,155,S100YU4P,E13447,,2010401045054,ＳＢＩアセットマネジメント株式会社,G14794,030,04A000,030,,,2026-08-20 09:35,有価証券届出書（内国投資信託受益証券）,,,,,,,0,0,0,1,1,1,0,1
2026-08-21T20:22:59+00:00,2026-08-20,154,S100YUFB,E12453,,9010001025953,ニッセイアセットマネジメント株式会社,G13206,030,10A000,160,2025-11-21,2026-11-20,2026-08-20 09:35,半期報告書（内国投資信託受益証券）－第8期(2025/11/21－2026/11/20),,,,,,,0,0,0,1,1,0,0,1
2026-08-21T20:22:59+00:00,2026-08-20,156,S100YVIC,E12453,,9010001025953,ニッセイアセットマネジメント株式会社,G14347,030,10A000,160,2025-11-21,2026-11-20,2026-08-20 09:35,半期報告書（内国投資信託受益証券）－第5期(2025/11/21－2026/11/20),,,,,,,0,0,0,1,1,0,0,1
2026-08-21T20:22:59+00:00,2026-08-20,152,S100YACM,E12430,,8010401072159,アモーヴァ・アセットマネジメント株式会社,G10456,030,07A000,120,2025-11-21,2026-05-20,2026-08-20 09:34,有価証券報告書（内国投資信託受益証券）－第24期(2025/11/21－2026/05/20),,,,,,,0,0,0,1,1,1,0,1
2026-08-21T20:22:59+00:00,2026-08-20,153,S100YWC4,E12453,,9010001025953,ニッセイアセットマネジメント株式会社,G14349,030,04A000,030,,,2026-08-20 09:34,有価証券届出書（内国投資信託受益証券）,,,,,,,0,0,0,1,1,1,0,1
2026-08-21T20:22:59+00:00,2026-08-20,150,S100YACG,E12430,,8010401072159,アモーヴァ・アセットマネジメント株式会社,G10281,030,04A000,030,,,2026-08-20 09:33,有価証券届出書（内国投資信託受益証券）,,,,,,,0,0,0,1,1,1,0,1
2026-08-21T20:22:59+00:00,2026-08-20,151,S100YWBU,E12453,,9010001025953,ニッセイアセットマネジメント株式会社,G14349,030,10A000,160,2025-11-21,2026-11-20,2026-08-20 09:33,半期報告書（内国投資信託受益証券）－第5期(2025/11/21－2026/11/20),,,,,,,0,0,0,1,1,0,0,1
2026-08-21T20:22:59+00:00,2026-08-20,149,S100YACH,E12430,,8010401072159,アモーヴァ・アセットマネジメント株式会社,G10281,030,07A000,120,2025-11-21,2026-05-20,2026-08-20 09:32,有価証券報告書（内国投資信託受益証券）－第25期(2025/11/21－2026/05/20),,,,,,,0,0,0,1,1,1,0,1
2026-08-21T20:22:59+00:00,2026-08-20,148,S100YU4Q,E13447,,2010401045054,ＳＢＩアセットマネジメント株式会社,G14794,030,10A000,160,2025-11-21,2026-11-20,2026-08-20 09:32,半期報告書（内国投資信託受益証券）－第6期(2025/11/21－2026/11/20),,,,,,,0,0,0,1,1,0,0,1
2026-08-21T20:22:59+00:00,2026-08-20,145,S100YUE9,E12453,,9010001025953,ニッセイアセットマネジメント株式会社,G13205,030,04A000,030,,,2026-08-20 09:32,有価証券届出書（内国投資信託受益証券）,,,,,,,0,0,0,1,1,1,0,1
2026-08-21T20:22:59+00:00,2026-08-20,146,S100YVUV,E12453,,9010001025953,ニッセイアセットマネジメント株式会社,G13823,030,04A000,030,,,2026-08-20 09:32,有価証券届出書（内国投資信託受益証券）,,,,,,,0,0,0,1,1,1,0,1
2026-08-21T20:22:59+00:00,2026-08-20,144,S100YXEQ,E06264,,6010001098507,ＪＰモルガン・アセット・マネジメント株式会社,G05280,030,995000,180,,,2026-08-20 09:32,臨時報告書（内国特定有価証券）,,,,第29条第2項第4号,,,0,0,0,1,1,0,0,1
2026-08-21T20:22:59+00:00,2026-08-20,147,S100YXR8,E06264,,6010001098507,ＪＰモルガン・アセット・マネジメント株式会社,G15875,030,995000,180,,,2026-08-20 09:32,臨時報告書（内国特定有価証券）,,,,第29条第2項第4号,,,0,0,0,1,1,0,0,1
2026-08-21T20:22:59+00:00,2026-08-20,142,S100YACC,E12430,,8010401072159,アモーヴァ・アセットマネジメント株式会社,G04657,030,04A000,030,,,2026-08-20 09:31,有価証券届出書（内国投資信託受益証券）,,,,,,,0,0,0,1,1,1,0,1
2026-08-21T20:22:59+00:00,2026-08-20,140,S100YSJJ,E13447,,2010401045054,ＳＢＩアセットマネジメント株式会社,G15104,030,04A000,030,,,2026-08-20 09:31,有価証券届出書（内国投資信託受益証券）,,,,,,,0,0,0,1,1,1,0,1
2026-08-21T20:22:59+00:00,2026-08-20,141,S100YVUK,E12453,,9010001025953,ニッセイアセットマネジメント株式会社,G13823,030,10A000,160,2025-11-21,2026-11-20,2026-08-20 09:31,半期報告書（内国投資信託受益証券）－第7期(2025/11/21－2026/11/20),,,,,,,0,0,0,1,1,0,0,1
2026-08-21T20:22:59+00:00,2026-08-20,139,S100YXJX,E27917,,3010001124760,ファイブスター投信投資顧問株式会社,G15534,030,04A000,030,,,2026-08-20 09:31,有価証券届出書（内国投資信託受益証券）,,,,,,,0,0,0,1,1,1,0,1
2026-08-21T20:22:59+00:00,2026-08-20,143,S100YXK4,E27917,,3010001124760,ファイブスター投信投資顧問株式会社,G15534,030,07A000,120,2025-11-21,2026-05-20,2026-08-20 09:31,有価証券報告書（内国投資信託受益証券）－第2期(2025/11/21－2026/05/20),,,,,,,0,0,0,1,1,1,0,1
2026-08-21T20:22:59+00:00,2026-08-20,138,S100YACD,E12430,,8010401072159,アモーヴァ・アセットマネジメント株式会社,G04657,030,10A000,160,2025-11-21,2026-11-20,2026-08-20 09:30,半期報告書（内国投資信託受益証券）－第21期(2025/11/21－2026/11/20),,,,,,,0,0,0,1,1,0,0,1
2026-08-21T20:22:59+00:00,2026-08-20,136,S100YVUI,E12453,,9010001025953,ニッセイアセットマネジメント株式会社,G12720,030,04A000,030,,,2026-08-20 09:30,有価証券届出書（内国投資信託受益証券）,,,,,,,0,0,0,1,1,1,0,1
2026-08-21T20:22:59+00:00,2026-08-20,137,S100YX6Q,E12457,,8010401009945,ゴールドマン・サックス・アセット・マネジメント株式会社,G14033,030,07A000,120,2025-11-21,2026-05-20,2026-08-20 09:30,有価証券報告書（内国投資信託受益証券）－第11期(2025/11/21－2026/05/20),,,,,,,0,0,0,1,1,1,0,1
2026-08-21T20:22:59+00:00,2026-08-20,134,S100YSJK,E13447,,2010401045054,ＳＢＩアセットマネジメント株式会社,G15104,030,07A000,120,2025-11-21,2026-05-20,2026-08-20 09:28,有価証券報告書（内国投資信託受益証券）－第5期(2025/11/21－2026/05/20),,,,,,,0,0,0,1,1,1,0,1
2026-08-21T20:22:59+00:00,2026-08-20,133,S100YUE4,E12453,,9010001025953,ニッセイアセットマネジメント株式会社,G13205,030,10A000,160,2025-11-21,2026-11-20,2026-08-20 09:28,半期報告書（内国投資信託受益証券）－第8期(2025/11/21－2026/11/20),,,,,,,0,0,0,1,1,0,0,1
2026-08-21T20:22:59+00:00,2026-08-20,135,S100YVUE,E12453,,9010001025953,ニッセイアセットマネジメント株式会社,G12720,030,10A000,160,2025-11-21,2026-11-20,2026-08-20 09:28,半期報告書（内国投資信託受益証券）－第9期(2025/11/21－2026/11/20),,,,,,,0,0,0,1,1,0,0,1
2026-08-21T20:22:59+00:00,2026-08-20,132,S100YAQB,E15787,,1010701021680,楽天投信投資顧問株式会社,G15398,030,04A000,030,,,2026-08-20 09:27,有価証券届出書（内国投資信託受益証券）,,,,,,,0,0,0,1,1,1,0,1
2026-08-21T20:22:59+00:00,2026-08-20,130,S100YAQD,E15787,,1010701021680,楽天投信投資顧問株式会社,G15398,030,10A000,160,2025-11-21,2026-11-20,2026-08-20 09:26,半期報告書（内国投資信託受益証券）－第2期(2025/11/21－2026/11/20),,,,,,,0,0,0,1,1,0,0,1
2026-08-21T20:22:59+00:00,2026-08-20,131,S100YVU4,E12453,,9010001025953,ニッセイアセットマネジメント株式会社,G11273,030,04A000,030,,,2026-08-20 09:26,有価証券届出書（内国投資信託受益証券）,,,,,,,0,0,0,1,1,1,0,1
2026-08-21T20:22:59+00:00,2026-08-20,128,S100YAQ8,E15787,,1010701021680,楽天投信投資顧問株式会社,G15397,030,04A000,030,,,2026-08-20 09:25,有価証券届出書（内国投資信託受益証券）,,,,,,,0,0,0,1,1,1,0,1
2026-08-21T20:22:59+00:00,2026-08-20,127,S100YUCS,E12453,,9010001025953,ニッセイアセットマネジメント株式会社,G11316,030,04A000,030,,,2026-08-20 09:25,有価証券届出書（内国投資信託受益証券）,,,,,,,0,0,0,1,1,1,0,1
2026-08-21T20:22:59+00:00,2026-08-20,129,S100YVTY,E12453,,9010001025953,ニッセイアセットマネジメント株式会社,G11273,030,10A000,160,2025-11-21,2026-11-20,2026-08-20 09:25,半期報告書（内国投資信託受益証券）－第12期(2025/11/21－2026/11/20),,,,,,,0,0,0,1,1,0,0,1
2026-08-21T20:22:59+00:00,2026-08-20,126,S100YAQ9,E15787,,1010701021680,楽天投信投資顧問株式会社,G15397,030,10A000,160,2025-11-21,2026-11-20,2026-08-20 09:24,半期報告書（内国投資信託受益証券）－第2期(2025/11/21－2026/11/20),,,,,,,0,0,0,1,1,0,0,1
2026-08-21T20:22:59+00:00,2026-08-20,125,S100YUDD,E12453,,9010001025953,ニッセイアセットマネジメント株式会社,G03205,030,04A000,030,,,2026-08-20 09:24,有価証券届出書（内国投資信託受益証券）,,,,,,,0,0,0,1,1,1,0,1
2026-08-21T20:22:59+00:00,2026-08-20,124,S100YAQ6,E15787,,1010701021680,楽天投信投資顧問株式会社,G15396,030,04A000,030,,,2026-08-20 09:23,有価証券届出書（内国投資信託受益証券）,,,,,,,0,0,0,1,1,1,0,1
2026-08-21T20:22:59+00:00,2026-08-20,122,S100YUAY,E13447,,2010401045054,ＳＢＩアセットマネジメント株式会社,G15552,030,04A000,030,,,2026-08-20 09:23,有価証券届出書（内国投資信託受益証券）,,,,,,,0,0,0,1,1,1,0,1
2026-08-21T20:22:59+00:00,2026-08-20,123,S100YUDR,E12453,,9010001025953,ニッセイアセットマネジメント株式会社,G03205,030,07A000,120,2025-05-21,2026-05-20,2026-08-20 09:23,有価証券報告書（内国投資信託受益証券）－第25期(2025/05/21－2026/05/20),,,,,,,0,0,0,1,1,1,0,1
2026-08-21T20:22:59+00:00,2026-08-20,121,S100YW6T,E11518,,9010001034450,三菱ＵＦＪアセットマネジメント株式会社,G15763,030,995000,180,,,2026-08-20 09:23,臨時報告書（内国特定有価証券）,,,,第29条第2項第4号,,,0,0,0,1,1,0,0,1
2026-08-21T20:22:59+00:00,2026-08-20,120,S100YAQ7,E15787,,1010701021680,楽天投信投資顧問株式会社,G15396,030,10A000,160,2025-11-21,2026-11-20,2026-08-20 09:22,半期報告書（内国投資信託受益証券）－第2期(2025/11/21－2026/11/20),,,,,,,0,0,0,1,1,0,0,1
2026-08-21T20:22:59+00:00,2026-08-20,117,S100YVUF,E12444,,8010001114914,三井住友トラスト・アセットマネジメント株式会社,G08676,030,04A000,030,,,2026-08-20 09:21,有価証券届出書（内国投資信託受益証券）,,,,,,,0,0,0,1,1,1,0,1
2026-08-21T20:22:59+00:00,2026-08-20,116,S100YW6S,E11518,,9010001034450,三菱ＵＦＪアセットマネジメント株式会社,G15691,030,995000,180,,,2026-08-20 09:21,臨時報告書（内国特定有価証券）,,,,第29条第2項第4号,,,0,0,0,1,1,0,0,1
2026-08-21T20:22:59+00:00,2026-08-20,118,S100YX6N,E12457,,8010401009945,ゴールドマン・サックス・アセット・マネジメント株式会社,G14033,030,04A000,030,,,2026-08-20 09:21,有価証券届出書（内国投資信託受益証券）,,,,,,,0,0,0,1,1,1,0,1
2026-08-21T20:22:59+00:00,2026-08-20,119,S100YXB8,E12430,,8010401072159,アモーヴァ・アセットマネジメント株式会社,,060,030002,350,,,2026-08-20 09:21,変更報告書（特例対象株券等）,E38205,,,,S100QOHM,,0,0,0,1,1,1,0,1
2026-08-21T20:22:59+00:00,2026-08-20,115,S100YUB2,E12453,,9010001025953,ニッセイアセットマネジメント株式会社,G11316,030,10A000,160,2025-11-21,2026-11-20,2026-08-20 09:20,半期報告書（内国投資信託受益証券）－第12期(2025/11/21－2026/11/20),,,,,,,0,0,0,1,1,0,0,1
2026-08-21T20:22:59+00:00,2026-08-20,114,S100YALL,E12586,,6010001077097,シュローダー・インベストメント・マネジメント株式会社,G01748,030,04A000,030,,,2026-08-20 09:19,有価証券届出書（内国投資信託受益証券）,,,,,,,0,0,0,1,1,1,0,1
2026-08-21T20:22:59+00:00,2026-08-20,112,S100YALM,E12586,,6010001077097,シュローダー・インベストメント・マネジメント株式会社,G01748,030,10A000,160,2025-11-21,2026-11-20,2026-08-20 09:19,半期報告書（内国投資信託受益証券）－第28期(2025/11/21－2026/11/20),,,,,,,0,0,0,1,1,0,0,1
2026-08-21T20:22:59+00:00,2026-08-20,113,S100YUAR,E13447,,2010401045054,ＳＢＩアセットマネジメント株式会社,G15552,030,07A000,120,2025-11-21,2026-05-20,2026-08-20 09:19,有価証券報告書（内国投資信託受益証券）－第2期(2025/11/21－2026/05/20),,,,,,,0,0,0,1,1,1,0,1
2026-08-21T20:22:59+00:00,2026-08-20,110,S100YVUH,E12444,,8010001114914,三井住友トラスト・アセットマネジメント株式会社,G08676,030,07A000,120,2025-11-21,2026-05-20,2026-08-20 09:19,有価証券報告書（内国投資信託受益証券）－第33期(2025/11/21－2026/05/20),,,,,,,0,0,0,1,1,1,0,1
2026-08-21T20:22:59+00:00,2026-08-20,111,S100YW0A,E12453,,9010001025953,ニッセイアセットマネジメント株式会社,G12757,030,04A000,030,,,2026-08-20 09:19,有価証券届出書（内国投資信託受益証券）,,,,,,,0,0,0,1,1,1,0,1
2026-08-21T20:22:59+00:00,2026-08-20,107,S100YW06,E12453,,9010001025953,ニッセイアセットマネジメント株式会社,G12757,030,10A000,160,2025-11-21,2026-11-20,2026-08-20 09:18,半期報告書（内国投資信託受益証券）－第9期(2025/11/21－2026/11/20),,,,,,,0,0,0,1,1,0,0,1
2026-08-21T20:22:59+00:00,2026-08-20,109,S100YW0E,E12453,,9010001025953,ニッセイアセットマネジメント株式会社,G10929,030,04A000,030,,,2026-08-20 09:18,有価証券届出書（内国投資信託受益証券）,,,,,,,0,0,0,1,1,1,0,1
2026-08-21T20:22:59+00:00,2026-08-20,108,S100YW6J,E11518,,9010001034450,三菱ＵＦＪアセットマネジメント株式会社,G15505,030,995000,180,,,2026-08-20 09:18,臨時報告書（内国特定有価証券）,,,,第29条第2項第4号,,,0,0,0,1,1,0,0,1
2026-08-21T20:22:59+00:00,2026-08-20,106,S100YXNS,E21606,31480,9020001052360,株式会社クリエイトＳＤホールディングス,,010,030000,120,2025-06-01,2026-05-31,2026-08-20 09:18,有価証券報告書－第29期(2025/06/01－2026/05/31),,,,,,,0,0,0,1,1,1,0,1
2026-08-21T20:22:59+00:00,2026-08-20,104,S100YO2W,E12492,,3010001124868,ＨＳＢＣアセットマネジメント株式会社,G04933,030,04A000,030,,,2026-08-20 09:17,有価証券届出書（内国投資信託受益証券）,,,,,,,0,0,0,1,1,1,0,1
2026-08-21T20:22:59+00:00,2026-08-20,103,S100YW02,E12453,,9010001025953,ニッセイアセットマネジメント株式会社,G12756,030,04A000,030,,,2026-08-20 09:17,有価証券届出書（内国投資信託受益証券）,,,,,,,0,0,0,1,1,1,0,1
2026-08-21T20:22:59+00:00,2026-08-20,105,S100YW04,E12453,,9010001025953,ニッセイアセットマネジメント株式会社,G10929,030,10A000,160,2025-11-21,2026-11-20,2026-08-20 09:17,半期報告書（内国投資信託受益証券）－第12期(2025/11/21－2026/11/20),,,,,,,0,0,0,1,1,0,0,1
2026-08-21T20:22:59+00:00,2026-08-20,92,S100YAP0,E32011,,5010601048309,りそなアセットマネジメント株式会社,G14717,030,04A000,030,,,2026-08-20 09:16,有価証券届出書（内国投資信託受益証券）,,,,,,,0,0,0,1,1,1,0,1
2026-08-21T20:22:59+00:00,2026-08-20,93,S100YTN9,E13447,,2010401045054,ＳＢＩアセットマネジメント株式会社,G15137,030,04A000,030,,,2026-08-20 09:16,有価証券届出書（内国投資信託受益証券）,,,,,,,0,0,0,1,1,1,0,1
2026-08-21T20:22:59+00:00,2026-08-20,102,S100YUOW,E04370,,9010001095716,東日本高速道路株式会社,,010,113001,090,,,2026-08-20 09:16,訂正発行登録書,,,,,S100XMIJ,,0,0,0,0,1,0,0,0
2026-08-21T20:22:59+00:00,2026-08-20,94,S100YVZY,E12453,,9010001025953,ニッセイアセットマネジメント株式会社,G12756,030,10A000,160,2025-11-21,2026-11-20,2026-08-20 09:16,半期報告書（内国投資信託受益証券）－第9期(2025/11/21－2026/11/20),,,,,,,0,0,0,1,1,0,0,1
2026-08-21T20:22:59+00:00,2026-08-20,98,S100YXB1,E12444,,8010001114914,三井住友トラスト・アセットマネジメント株式会社,,060,030002,350,,,2026-08-20 09:16,変更報告書（特例対象株券等）,E00990,,,,S100VP61,,0,0,0,1,1,1,0,1
2026-08-21T20:22:59+00:00,2026-08-20,100,S100YXB2,E12444,,8010001114914,三井住友トラスト・アセットマネジメント株式会社,,060,030002,350,,,2026-08-20 09:16,変更報告書（特例対象株券等）,E01486,,,,S100T7AA,,0,0,0,1,1,1,0,1
2026-08-21T20:22:59+00:00,2026-08-20,97,S100YXB3,E12444,,8010001114914,三井住友トラスト・アセットマネジメント株式会社,,060,030002,350,,,2026-08-20 09:16,変更報告書（特例対象株券等）,E01755,,,,S100VJQ4,,0,0,0,1,1,1,0,1
2026-08-21T20:22:59+00:00,2026-08-20,101,S100YXB4,E12444,,8010001114914,三井住友トラスト・アセットマネジメント株式会社,,060,030000,350,,,2026-08-20 09:16,大量保有報告書（特例対象株券等）,E02404,,,,,,0,0,0,1,1,1,0,1
2026-08-21T20:22:59+00:00,2026-08-20,95,S100YXB5,E12444,,8010001114914,三井住友トラスト・アセットマネジメント株式会社,,060,030000,350,,,2026-08-20 09:16,大量保有報告書（特例対象株券等）,E00603,,,,,,0,0,0,1,1,1,0,1
2026-08-21T20:22:59+00:00,2026-08-20,99,S100YXB6,E12444,,8010001114914,三井住友トラスト・アセットマネジメント株式会社,,060,030000,350,,,2026-08-20 09:16,大量保有報告書（特例対象株券等）,E03531,,,,,,0,0,0,1,1,1,0,1
2026-08-21T20:22:59+00:00,2026-08-20,96,S100YXB7,E12444,,8010001114914,三井住友トラスト・アセットマネジメント株式会社,,060,030002,350,,,2026-08-20 09:16,変更報告書（特例対象株券等）,E30731,,,,S100WP7J,,0,0,0,1,1,1,0,1
2026-08-21T20:22:59+00:00,2026-08-20,88,S100YAP1,E32011,,5010601048309,りそなアセットマネジメント株式会社,G14717,030,10A000,160,2025-11-21,2026-11-20,2026-08-20 09:15,半期報告書（内国投資信託受益証券）－第4期(2025/11/21－2026/11/20),,,,,,,0,0,0,1,1,0,0,1
2026-08-21T20:22:59+00:00,2026-08-20,91,S100YPPP,E09666,,9010001062807,アムンディ・ジャパン株式会社,G03769,030,04A000,030,,,2026-08-20 09:15,有価証券届出書（内国投資信託受益証券）,,,,,,,0,0,0,1,1,1,0,1
2026-08-21T20:22:59+00:00,2026-08-20,82,S100YPPQ,E09666,,9010001062807,アムンディ・ジャパン株式会社,G03769,030,10A000,160,2025-11-21,2026-11-20,2026-08-20 09:15,半期報告書（内国投資信託受益証券）－第23期(2025/11/21－2026/11/20),,,,,,,0,0,0,1,1,0,0,1
2026-08-21T20:22:59+00:00,2026-08-20,89,S100YVVF,E12453,,9010001025953,ニッセイアセットマネジメント株式会社,G12719,030,04A000,030,,,2026-08-20 09:15,有価証券届出書（内国投資信託受益証券）,,,,,,,0,0,0,1,1,1,0,1
2026-08-21T20:22:59+00:00,2026-08-20,84,S100YXAW,E03627,,2010001146005,三井住友信託銀行株式会社,,060,030002,350,,,2026-08-20 09:15,変更報告書（特例対象株券等）,E02548,,,,S100WPDX,,0,0,0,1,1,1,0,1
2026-08-21T20:22:59+00:00,2026-08-20,87,S100YXAX,E03627,,2010001146005,三井住友信託銀行株式会社,,060,030002,350,,,2026-08-20 09:15,変更報告書（特例対象株券等）,E01232,,,,S100V1IZ,,0,0,0,1,1,1,0,1
2026-08-21T20:22:59+00:00,2026-08-20,85,S100YXAY,E03627,,2010001146005,三井住友信託銀行株式会社,,060,030002,350,,,2026-08-20 09:15,変更報告書（特例対象株券等）,E01482,,,,S100WG9E,,0,0,0,1,1,1,0,1
2026-08-21T20:22:59+00:00,2026-08-20,83,S100YXAZ,E03627,,2010001146005,三井住友信託銀行株式会社,,060,030002,350,,,2026-08-20 09:15,変更報告書（特例対象株券等）,E04324,,,,S100MWF6,,0,0,0,1,1,1,0,1
2026-08-21T20:22:59+00:00,2026-08-20,86,S100YXB0,E03627,,2010001146005,三井住友信託銀行株式会社,,060,030000,350,,,2026-08-20 09:15,大量保有報告書（特例対象株券等）,E04861,,,,,,0,0,0,1,1,1,0,1
2026-08-21T20:22:59+00:00,2026-08-20,90,S100YXKG,E12586,,6010001077097,シュローダー・インベストメント・マネジメント株式会社,,060,030000,350,,,2026-08-20 09:15,大量保有報告書（特例対象株券等）,E04826,,,,,,0,0,0,1,1,0,0,1
2026-08-21T20:22:59+00:00,2026-08-20,76,S100YAOY,E32011,,5010601048309,りそなアセットマネジメント株式会社,G14712,030,04A000,030,,,2026-08-20 09:14,有価証券届出書（内国投資信託受益証券）,,,,,,,0,0,0,1,1,1,0,1
2026-08-21T20:22:59+00:00,2026-08-20,81,S100YVVB,E12453,,9010001025953,ニッセイアセットマネジメント株式会社,G12719,030,10A000,160,2025-11-21,2026-11-20,2026-08-20 09:14,半期報告書（内国投資信託受益証券）－第9期(2025/11/21－2026/11/20),,,,,,,0,0,0,1,1,0,0,1
2026-08-21T20:22:59+00:00,2026-08-20,78,S100YVZO,E12453,,9010001025953,ニッセイアセットマネジメント株式会社,G12755,030,04A000,030,,,2026-08-20 09:14,有価証券届出書（内国投資信託受益証券）,,,,,,,0,0,0,1,1,1,0,1
2026-08-21T20:22:59+00:00,2026-08-20,80,S100YW6I,E11518,,9010001034450,三菱ＵＦＪアセットマネジメント株式会社,G12443,030,995000,180,,,2026-08-20 09:14,臨時報告書（内国特定有価証券）,,,,第29条第2項第4号,,,0,0,0,1,1,0,0,1
2026-08-21T20:22:59+00:00,2026-08-20,77,S100YXEK,E06748,,2010001049257,大和アセットマネジメント株式会社,,060,030002,350,,,2026-08-20 09:14,変更報告書（特例対象株券等）,E24347,,,,S100YUAW,,0,0,0,1,1,0,0,1
2026-08-21T20:22:59+00:00,2026-08-20,79,S100YXL5,E21606,31480,9020001052360,株式会社クリエイトＳＤホールディングス,,010,042000,135,,,2026-08-20 09:14,確認書,,,,,,,0,0,0,0,1,0,0,0
2026-08-21T20:22:59+00:00,2026-08-20,73,S100YAOZ,E32011,,5010601048309,りそなアセットマネジメント株式会社,G14712,030,10A000,160,2025-11-21,2026-11-20,2026-08-20 09:13,半期報告書（内国投資信託受益証券）－第4期(2025/11/21－2026/11/20),,,,,,,0,0,0,1,1,0,0,1
2026-08-21T20:22:59+00:00,2026-08-20,71,S100YO2R,E12492,,3010001124868,ＨＳＢＣアセットマネジメント株式会社,G04933,030,07A000,120,2025-11-21,2026-05-20,2026-08-20 09:13,有価証券報告書（内国投資信託受益証券）－第40期(2025/11/21－2026/05/20),,,,,,,0,0,0,1,1,1,0,1
2026-08-21T20:22:59+00:00,2026-08-20,72,S100YVZJ,E12453,,9010001025953,ニッセイアセットマネジメント株式会社,G12755,030,10A000,160,2025-11-21,2026-11-20,2026-08-20 09:13,半期報告書（内国投資信託受益証券）－第9期(2025/11/21－2026/11/20),,,,,,,0,0,0,1,1,0,0,1
2026-08-21T20:22:59+00:00,2026-08-20,75,S100YVZQ,E12453,,9010001025953,ニッセイアセットマネジメント株式会社,G12885,030,04A000,030,,,2026-08-20 09:13,有価証券届出書（内国投資信託受益証券）,,,,,,,0,0,0,1,1,1,0,1
2026-08-21T20:22:59+00:00,2026-08-20,70,S100YW6G,E11518,,9010001034450,三菱ＵＦＪアセットマネジメント株式会社,G12401,030,995000,180,,,2026-08-20 09:13,臨時報告書（内国特定有価証券）,,,,第29条第2項第4号,,,0,0,0,1,1,0,0,1
2026-08-21T20:22:59+00:00,2026-08-20,74,S100YXL9,E21606,31480,9020001052360,株式会社クリエイトＳＤホールディングス,,015,010000,235,,,2026-08-20 09:13,内部統制報告書－第29期(2025/06/01－2026/05/31),,,,,,,0,0,0,1,1,0,0,1
2026-08-21T20:22:59+00:00,2026-08-20,68,S100YAOS,E32011,,5010601048309,りそなアセットマネジメント株式会社,G14364,030,04A000,030,,,2026-08-20 09:12,有価証券届出書（内国投資信託受益証券）,,,,,,,0,0,0,1,1,1,0,1
2026-08-21T20:22:59+00:00,2026-08-20,66,S100YAOU,E32011,,5010601048309,りそなアセットマネジメント株式会社,G14364,030,10A000,160,2025-11-21,2026-11-20,2026-08-20 09:12,半期報告書（内国投資信託受益証券）－第5期(2025/11/21－2026/11/20),,,,,,,0,0,0,1,1,0,0,1
2026-08-21T20:22:59+00:00,2026-08-20,67,S100YPPN,E09666,,9010001062807,アムンディ・ジャパン株式会社,G15248,030,04A000,030,,,2026-08-20 09:12,有価証券届出書（内国投資信託受益証券）,,,,,,,0,0,0,1,1,1,0,1
2026-08-21T20:22:59+00:00,2026-08-20,69,S100YVZK,E12453,,9010001025953,ニッセイアセットマネジメント株式会社,G12885,030,10A000,160,2025-11-21,2026-11-20,2026-08-20 09:12,半期報告書（内国投資信託受益証券）－第9期(2025/11/21－2026/11/20),,,,,,,0,0,0,1,1,0,0,1
2026-08-21T20:22:59+00:00,2026-08-20,61,S100YAON,E32011,,5010601048309,りそなアセットマネジメント株式会社,G14187,030,04A000,030,,,2026-08-20 09:11,有価証券届出書（内国投資信託受益証券）,,,,,,,0,0,0,1,1,1,0,1
2026-08-21T20:22:59+00:00,2026-08-20,64,S100YTNC,E13447,,2010401045054,ＳＢＩアセットマネジメント株式会社,G15137,030,07A000,120,2025-11-21,2026-05-20,2026-08-20 09:11,有価証券報告書（内国投資信託受益証券）－第5期(2025/11/21－2026/05/20),,,,,,,0,0,0,1,1,1,0,1
2026-08-21T20:22:59+00:00,2026-08-20,62,S100YV7E,E12453,,9010001025953,ニッセイアセットマネジメント株式会社,G12754,030,04A000,030,,,2026-08-20 09:11,有価証券届出書（内国投資信託受益証券）,,,,,,,0,0,0,1,1,1,0,1
2026-08-21T20:22:59+00:00,2026-08-20,65,S100YVVS,E12453,,9010001025953,ニッセイアセットマネジメント株式会社,G10759,030,04A000,030,,,2026-08-20 09:11,有価証券届出書（内国投資信託受益証券）,,,,,,,0,0,0,1,1,1,0,1
2026-08-21T20:22:59+00:00,2026-08-20,63,S100YW6D,E11518,,9010001034450,三菱ＵＦＪアセットマネジメント株式会社,G11526,030,995000,180,,,2026-08-20 09:11,臨時報告書（内国特定有価証券）,,,,第29条第2項第4号,,,0,0,0,1,1,0,0,1
2026-08-21T20:22:59+00:00,2026-08-20,58,S100YAOP,E32011,,5010601048309,りそなアセットマネジメント株式会社,G14187,030,07A000,120,2025-05-21,2026-05-20,2026-08-20 09:10,有価証券報告書（内国投資信託受益証券）－第5期(2025/05/21－2026/05/20),,,,,,,0,0,0,1,1,1,0,1
2026-08-21T20:22:59+00:00,2026-08-20,60,S100YPPO,E09666,,9010001062807,アムンディ・ジャパン株式会社,G15248,030,10A000,160,2025-11-21,2026-11-20,2026-08-20 09:10,半期報告書（内国投資信託受益証券）－第3期(2025/11/21－2026/11/20),,,,,,,0,0,0,1,1,0,0,1
2026-08-21T20:22:59+00:00,2026-08-20,57,S100YV73,E12453,,9010001025953,ニッセイアセットマネジメント株式会社,G12754,030,10A000,160,2025-11-21,2026-11-20,2026-08-20 09:10,半期報告書（内国投資信託受益証券）－第9期(2025/11/21－2026/11/20),,,,,,,0,0,0,1,1,0,0,1
2026-08-21T20:22:59+00:00,2026-08-20,59,S100YWC8,E10677,,9010001021473,アセットマネジメントＯｎｅ株式会社,G15455,030,04A000,030,,,2026-08-20 09:10,有価証券届出書（内国投資信託受益証券）,,,,,,,0,0,0,1,1,1,0,1
2026-08-21T20:22:59+00:00,2026-08-20,56,S100YWQP,E06433,,3010001034076,東京海上アセットマネジメント株式会社,G09410,030,10A000,160,2025-11-21,2026-11-20,2026-08-20 09:10,半期報告書（内国投資信託受益証券）－第14期(2025/11/21－2026/11/20),,,,,,,0,0,0,1,1,0,0,1
2026-08-21T20:22:59+00:00,2026-08-20,50,S100YPOY,E09666,,9010001062807,アムンディ・ジャパン株式会社,G15249,030,04A000,030,,,2026-08-20 09:09,有価証券届出書（内国投資信託受益証券）,,,,,,,0,0,0,1,1,1,0,1
2026-08-21T20:22:59+00:00,2026-08-20,51,S100YUH0,E12453,,9010001025953,ニッセイアセットマネジメント株式会社,G11403,030,04A000,030,,,2026-08-20 09:09,有価証券届出書（内国投資信託受益証券）,,,,,,,0,0,0,1,1,1,0,1
2026-08-21T20:22:59+00:00,2026-08-20,52,S100YVVN,E12453,,9010001025953,ニッセイアセットマネジメント株式会社,G10759,030,10A000,160,2025-11-21,2026-11-20,2026-08-20 09:09,半期報告書（内国投資信託受益証券）－第12期(2025/11/21－2026/11/20),,,,,,,0,0,0,1,1,0,0,1
2026-08-21T20:22:59+00:00,2026-08-20,55,S100YW69,E11518,,9010001034450,三菱ＵＦＪアセットマネジメント株式会社,G07151,030,995000,180,,,2026-08-20 09:09,臨時報告書（内国特定有価証券）,,,,第29条第2項第4号,,,0,0,0,1,1,0,0,1
2026-08-21T20:22:59+00:00,2026-08-20,54,S100YWC3,E10677,,9010001021473,アセットマネジメントＯｎｅ株式会社,G15455,030,07A000,120,2025-11-21,2026-05-20,2026-08-20 09:09,有価証券報告書（内国投資信託受益証券）－第3期(2025/11/21－2026/05/20),,,,,,,0,0,0,1,1,1,0,1
2026-08-21T20:22:59+00:00,2026-08-20,53,S100YWQR,E06433,,3010001034076,東京海上アセットマネジメント株式会社,G09410,030,04A000,030,,,2026-08-20 09:09,有価証券届出書（内国投資信託受益証券）,,,,,,,0,0,0,1,1,1,0,1
2026-08-21T20:22:59+00:00,2026-08-20,47,S100YPP1,E09666,,9010001062807,アムンディ・ジャパン株式会社,G15249,030,07A000,120,2025-11-21,2026-05-20,2026-08-20 09:08,有価証券報告書（内国投資信託受益証券）－第4期(2025/11/21－2026/05/20),,,,,,,0,0,0,1,1,1,0,1
2026-08-21T20:22:59+00:00,2026-08-20,49,S100YW65,E11518,,9010001034450,三菱ＵＦＪアセットマネジメント株式会社,G04118,030,995000,180,,,2026-08-20 09:08,臨時報告書（内国特定有価証券）,,,,第29条第2項第4号,,,0,0,0,1,1,0,0,1
2026-08-21T20:22:59+00:00,2026-08-20,48,S100YWB9,E10677,,9010001021473,アセットマネジメントＯｎｅ株式会社,G15059,030,04A000,030,,,2026-08-20 09:08,有価証券届出書（内国投資信託受益証券）,,,,,,,0,0,0,1,1,1,0,1
2026-08-21T20:22:59+00:00,2026-08-20,44,S100YTN1,E13447,,2010401045054,ＳＢＩアセットマネジメント株式会社,G15103,030,04A000,030,,,2026-08-20 09:07,有価証券届出書（内国投資信託受益証券）,,,,,,,0,0,0,1,1,1,0,1
2026-08-21T20:22:59+00:00,2026-08-20,39,S100YTNR,E08957,,4010401049128,三井住友ＤＳアセットマネジメント株式会社,G13275,030,07A000,120,2025-11-26,2026-05-25,2026-08-20 09:07,有価証券報告書（内国投資信託受益証券）－第45期(2025/11/26－2026/05/25),,,,,,,0,0,0,1,1,1,0,1
2026-08-21T20:22:59+00:00,2026-08-20,46,S100YTNT,E08957,,4010401049128,三井住友ＤＳアセットマネジメント株式会社,G13275,030,04A000,030,,,2026-08-20 09:07,有価証券届出書（内国投資信託受益証券）,,,,,,,0,0,0,1,1,1,0,1
2026-08-21T20:22:59+00:00,2026-08-20,45,S100YV6U,E12453,,9010001025953,ニッセイアセットマネジメント株式会社,G11403,030,07A000,120,2025-11-21,2026-05-20,2026-08-20 09:07,有価証券報告書（内国投資信託受益証券）－第21期(2025/11/21－2026/05/20),,,,,,,0,0,0,1,1,1,0,1
2026-08-21T20:22:59+00:00,2026-08-20,40,S100YW5L,E11518,,9010001034450,三菱ＵＦＪアセットマネジメント株式会社,G03764,030,995000,180,,,2026-08-20 09:07,臨時報告書（内国特定有価証券）,,,,第29条第2項第4号,,,0,0,0,1,1,0,0,1
2026-08-21T20:22:59+00:00,2026-08-20,42,S100YWB6,E10677,,9010001021473,アセットマネジメントＯｎｅ株式会社,G15059,030,07A000,120,2025-11-21,2026-05-20,2026-08-20 09:07,有価証券報告書（内国投資信託受益証券）－第5期(2025/11/21－2026/05/20),,,,,,,0,0,0,1,1,1,0,1
2026-08-21T20:22:59+00:00,2026-08-20,43,S100YWQN,E06433,,3010001034076,東京海上アセットマネジメント株式会社,G07755,030,07A000,120,2025-11-21,2026-05-20,2026-08-20 09:07,有価証券報告書（内国投資信託受益証券）－第33期(2025/11/21－2026/05/20),,,,,,,0,0,0,1,1,1,0,1
2026-08-21T20:22:59+00:00,2026-08-20,41,S100YXKC,E41913,,5010001082560,岡三証券株式会社,,060,030002,350,,,2026-08-20 09:07,変更報告書（特例対象株券等）,E37709,,,,,,0,0,0,1,1,0,0,1
2026-08-21T20:22:59+00:00,2026-08-20,36,S100YUGP,E12453,,9010001025953,ニッセイアセットマネジメント株式会社,G10758,030,04A000,030,,,2026-08-20 09:06,有価証券届出書（内国投資信託受益証券）,,,,,,,0,0,0,1,1,1,0,1
2026-08-21T20:22:59+00:00,2026-08-20,37,S100YVZB,E12453,,9010001025953,ニッセイアセットマネジメント株式会社,G10111,030,04A000,030,,,2026-08-20 09:06,有価証券届出書（内国投資信託受益証券）,,,,,,,0,0,0,1,1,1,0,1
2026-08-21T20:22:59+00:00,2026-08-20,38,S100YWQM,E06433,,3010001034076,東京海上アセットマネジメント株式会社,G07755,030,04A000,030,,,2026-08-20 09:06,有価証券届出書（内国投資信託受益証券）,,,,,,,0,0,0,1,1,1,0,1
2026-08-21T20:22:59+00:00,2026-08-20,29,S100YAKA,E12566,,2010001066780,イーストスプリング・インベストメンツ株式会社,G05131,030,04A000,030,,,2026-08-20 09:05,有価証券届出書（内国投資信託受益証券）,,,,,,,0,0,0,1,1,1,0,1
2026-08-21T20:22:59+00:00,2026-08-20,35,S100YSWZ,E08957,,4010401049128,三井住友ＤＳアセットマネジメント株式会社,G08784,030,04A000,030,,,2026-08-20 09:05,有価証券届出書（内国投資信託受益証券）,,,,,,,0,0,0,1,1,1,0,1
2026-08-21T20:22:59+00:00,2026-08-20,30,S100YSX3,E08957,,4010401049128,三井住友ＤＳアセットマネジメント株式会社,G08784,030,07A000,120,2025-11-27,2026-05-26,2026-08-20 09:05,有価証券報告書（内国投資信託受益証券）－第28期(2025/11/27－2026/05/26),,,,,,,0,0,0,1,1,1,0,1
2026-08-21T20:22:59+00:00,2026-08-20,31,S100YUGA,E12453,,9010001025953,ニッセイアセットマネジメント株式会社,G10758,030,10A000,160,2025-11-21,2026-11-20,2026-08-20 09:05,半期報告書（内国投資信託受益証券）－第12期(2025/11/21－2026/11/20),,,,,,,0,0,0,1,1,0,0,1
2026-08-21T20:22:59+00:00,2026-08-20,32,S100YVYY,E12453,,9010001025953,ニッセイアセットマネジメント株式会社,G10111,030,10A000,160,2025-11-21,2026-11-20,2026-08-20 09:05,半期報告書（内国投資信託受益証券）－第13期(2025/11/21－2026/11/20),,,,,,,0,0,0,1,1,0,0,1
2026-08-21T20:22:59+00:00,2026-08-20,34,S100YW5H,E11518,,9010001034450,三菱ＵＦＪアセットマネジメント株式会社,G03590,030,995000,180,,,2026-08-20 09:05,臨時報告書（内国特定有価証券）,,,,第29条第2項第4号,,,0,0,0,1,1,0,0,1
2026-08-21T20:22:59+00:00,2026-08-20,33,S100YWQJ,E06433,,3010001034076,東京海上アセットマネジメント株式会社,G07564,030,07A000,120,2025-11-21,2026-05-20,2026-08-20 09:05,有価証券報告書（内国投資信託受益証券）－第34期(2025/11/21－2026/05/20),,,,,,,0,0,0,1,1,1,0,1
2026-08-21T20:22:59+00:00,2026-08-20,25,S100YAKB,E12566,,2010001066780,イーストスプリング・インベストメンツ株式会社,G05131,030,07A000,120,2025-11-21,2026-05-20,2026-08-20 09:04,有価証券報告書（内国投資信託受益証券）－第39期(2025/11/21－2026/05/20),,,,,,,0,0,0,1,1,1,0,1
2026-08-21T20:22:59+00:00,2026-08-20,23,S100YTRP,E08957,,4010401049128,三井住友ＤＳアセットマネジメント株式会社,G04177,030,10A000,160,2025-11-26,2026-11-25,2026-08-20 09:04,半期報告書（内国投資信託受益証券）－第22期(2025/11/26－2026/11/25),,,,,,,0,0,0,1,1,0,0,1
2026-08-21T20:22:59+00:00,2026-08-20,27,S100YV11,E12453,,9010001025953,ニッセイアセットマネジメント株式会社,G14352,030,04A000,030,,,2026-08-20 09:04,有価証券届出書（内国投資信託受益証券）,,,,,,,0,0,0,1,1,1,0,1
2026-08-21T20:22:59+00:00,2026-08-20,26,S100YV9Y,E12444,,8010001114914,三井住友トラスト・アセットマネジメント株式会社,G15216,030,04A000,030,,,2026-08-20 09:04,有価証券届出書（内国投資信託受益証券）,,,,,,,0,0,0,1,1,1,0,1
2026-08-21T20:22:59+00:00,2026-08-20,24,S100YW5G,E11518,,9010001034450,三菱ＵＦＪアセットマネジメント株式会社,G01773,030,995000,180,,,2026-08-20 09:04,臨時報告書（内国特定有価証券）,,,,第29条第2項第4号,,,0,0,0,1,1,0,0,1
2026-08-21T20:22:59+00:00,2026-08-20,28,S100YWQI,E06433,,3010001034076,東京海上アセットマネジメント株式会社,G07564,030,04A000,030,,,2026-08-20 09:04,有価証券届出書（内国投資信託受益証券）,,,,,,,0,0,0,1,1,1,0,1
2026-08-21T20:22:59+00:00,2026-08-20,21,S100YTN2,E13447,,2010401045054,ＳＢＩアセットマネジメント株式会社,G15103,030,07A000,120,2025-11-21,2026-05-20,2026-08-20 09:03,有価証券報告書（内国投資信託受益証券）－第5期(2025/11/21－2026/05/20),,,,,,,0,0,0,1,1,1,0,1
2026-08-21T20:22:59+00:00,2026-08-20,19,S100YTOG,E08957,,4010401049128,三井住友ＤＳアセットマネジメント株式会社,G01354,030,04A000,030,,,2026-08-20 09:03,有価証券届出書（内国投資信託受益証券）,,,,,,,0,0,0,1,1,1,0,1
2026-08-21T20:22:59+00:00,2026-08-20,22,S100YV16,E12453,,9010001025953,ニッセイアセットマネジメント株式会社,G14352,030,10A000,160,2025-11-21,2026-11-20,2026-08-20 09:03,半期報告書（内国投資信託受益証券）－第5期(2025/11/21－2026/11/20),,,,,,,0,0,0,1,1,0,0,1
2026-08-21T20:22:59+00:00,2026-08-20,20,S100YXP5,E01108,72820,7180001045235,豊田合成株式会社,,010,113001,090,,,2026-08-20 09:03,訂正発行登録書,,,,,S100XH49,,0,0,0,0,1,0,0,0
2026-08-21T20:22:59+00:00,2026-08-20,17,S100YAE1,E30689,,4010001158535,あおぞら投信株式会社,G15392,030,04A000,030,,,2026-08-20 09:02,有価証券届出書（内国投資信託受益証券）,,,,,,,0,0,0,1,1,1,0,1
2026-08-21T20:22:59+00:00,2026-08-20,14,S100YAE2,E30689,,4010001158535,あおぞら投信株式会社,G15392,030,10A000,160,2025-11-21,2026-11-20,2026-08-20 09:02,半期報告書（内国投資信託受益証券）－第2期(2025/11/21－2026/11/20),,,,,,,0,0,0,1,1,0,0,1
2026-08-21T20:22:59+00:00,2026-08-20,16,S100YS81,E12460,,7010001054021,野村アセットマネジメント株式会社,G07112,030,995000,180,,,2026-08-20 09:02,臨時報告書（内国特定有価証券）,,,,第29条第2項第4号,,,0,0,0,1,1,0,0,1
2026-08-21T20:22:59+00:00,2026-08-20,18,S100YSYT,E40155,,3010401162385,ｆｕｎｄｎｏｔｅ株式会社,G15383,030,04A001,040,,,2026-08-20 09:02,訂正有価証券届出書（内国投資信託受益証券）,,,,,S100XP1A,,0,0,0,1,1,1,0,1
2026-08-21T20:22:59+00:00,2026-08-20,13,S100YTOH,E08957,,4010401049128,三井住友ＤＳアセットマネジメント株式会社,G01354,030,07A000,120,2025-11-26,2026-05-25,2026-08-20 09:02,有価証券報告書（内国投資信託受益証券）－第52期(2025/11/26－2026/05/25),,,,,,,0,0,0,1,1,1,0,1
2026-08-21T20:22:59+00:00,2026-08-20,15,S100YVA1,E12444,,8010001114914,三井住友トラスト・アセットマネジメント株式会社,G15216,030,07A000,120,2025-05-21,2026-05-20,2026-08-20 09:02,有価証券報告書（内国投資信託受益証券）－第2期(2025/05/21－2026/05/20),,,,,,,0,0,0,1,1,1,0,1
2026-08-21T20:22:59+00:00,2026-08-20,8,S100YADY,E30689,,4010001158535,あおぞら投信株式会社,G15355,030,04A000,030,,,2026-08-20 09:01,有価証券届出書（内国投資信託受益証券）,,,,,,,0,0,0,1,1,1,0,1
2026-08-21T20:22:59+00:00,2026-08-20,11,S100YRKQ,E12460,,7010001054021,野村アセットマネジメント株式会社,G10083,030,04A000,030,,,2026-08-20 09:01,有価証券届出書（内国投資信託受益証券）,,,,,,,0,0,0,1,1,1,0,1
2026-08-21T20:22:59+00:00,2026-08-20,10,S100YS7Y,E12460,,7010001054021,野村アセットマネジメント株式会社,G05241,030,995000,180,,,2026-08-20 09:01,臨時報告書（内国特定有価証券）,,,,第29条第2項第4号,,,0,0,0,1,1,0,0,1
2026-08-21T20:22:59+00:00,2026-08-20,7,S100YUQ6,E40155,,3010401162385,ｆｕｎｄｎｏｔｅ株式会社,G15667,030,04A001,040,,,2026-08-20 09:01,訂正有価証券届出書（内国投資信託受益証券）,,,,,S100WTI9,,0,0,0,1,1,1,0,1
2026-08-21T20:22:59+00:00,2026-08-20,9,S100YV0Z,E12453,,9010001025953,ニッセイアセットマネジメント株式会社,G14351,030,04A000,030,,,2026-08-20 09:01,有価証券届出書（内国投資信託受益証券）,,,,,,,0,0,0,1,1,1,0,1
2026-08-21T20:22:59+00:00,2026-08-20,12,S100YW13,E35101,,,Ｒｏｂｅｃｏ　Ｉｎｓｔｉｔｕｔｉｏｎａｌ　Ａｓｓｅｔ　Ｍａｎａｇｅｍｅｎｔ　Ｂ．Ｖ．,,060,090001,360,,,2026-08-20 09:01,訂正報告書（大量保有報告書・変更報告書）,E03344,,,,S100YVAG,,0,0,0,1,1,0,0,1
2026-08-21T20:22:59+00:00,2026-08-20,6,S100YAE0,E30689,,4010001158535,あおぞら投信株式会社,G15355,030,10A000,160,2025-11-21,2026-11-20,2026-08-20 09:00,半期報告書（内国投資信託受益証券）－第2期(2025/11/21－2026/11/20),,,,,,,0,0,0,1,1,0,0,1
2026-08-21T20:22:59+00:00,2026-08-20,3,S100YRKP,E12460,,7010001054021,野村アセットマネジメント株式会社,G10083,030,07A000,120,2025-05-22,2026-05-21,2026-08-20 09:00,有価証券報告書（内国投資信託受益証券）－第13期(2025/05/22－2026/05/21),,,,,,,0,0,0,1,1,1,0,1
2026-08-21T20:22:59+00:00,2026-08-20,5,S100YS7V,E12460,,7010001054021,野村アセットマネジメント株式会社,G05171,030,995000,180,,,2026-08-20 09:00,臨時報告書（内国特定有価証券）,,,,第29条第2項第4号,,,0,0,0,1,1,0,0,1
2026-08-21T20:22:59+00:00,2026-08-20,1,S100YU50,E40155,,3010401162385,ｆｕｎｄｎｏｔｅ株式会社,G15667,030,10A000,160,2025-11-21,2026-12-16,2026-08-20 09:00,半期報告書（内国投資信託受益証券）－第1期(2025/11/21－2026/12/16),,,,,,,0,0,0,1,1,0,0,1
2026-08-21T20:22:59+00:00,2026-08-20,4,S100YV10,E12453,,9010001025953,ニッセイアセットマネジメント株式会社,G14351,030,10A000,160,2025-11-21,2026-11-20,2026-08-20 09:00,半期報告書（内国投資信託受益証券）－第5期(2025/11/21－2026/11/20),,,,,,,0,0,0,1,1,0,0,1
2026-08-21T20:22:59+00:00,2026-08-20,2,S100YXF8,E13447,,2010401045054,ＳＢＩアセットマネジメント株式会社,,060,030002,350,,,2026-08-20 09:00,変更報告書（特例対象株券等）,E31729,,,,,,0,0,0,1,1,1,0,1
2026-08-21T20:22:59+00:00,2026-08-19,203,S100YXPT,E41258,,3050001040649,株式会社　光輝ＥＮＥＲＧＹ,,060,010002,350,,,2026-08-19 17:14,変更報告書,E03498,,,,,,0,0,0,1,1,0,0,1
2026-08-21T20:22:59+00:00,2026-08-19,202,S100YXQ8,E37133,44130,4010401098975,株式会社ボードルア,,040,040000,290,,,2026-08-19 17:03,意見表明報告書,,E42050,,,S100YXP7,,0,0,0,1,1,0,0,1
2026-08-21T20:22:59+00:00,2026-08-19,201,S100YXQ2,E39661,186A0,6010603007550,株式会社アストロスケールホールディングス,,010,053000,180,,,2026-08-19 16:52,臨時報告書,,,,第19条第2項第2号の2,,,0,0,0,1,1,0,0,1
2026-08-21T20:22:59+00:00,2026-08-19,200,S100YXKP,E39685,,1011001148909,グロースパートナーズ株式会社,,060,010002,350,,,2026-08-19 16:48,変更報告書,E33825,,,,S100VN4R,,0,0,0,1,1,1,0,1
2026-08-21T20:22:59+00:00,2026-08-19,199,S100YXBQ,E35878,,,重松　路威,,060,010002,350,,,2026-08-19 16:39,変更報告書,E35841,,,,,,0,0,0,1,1,1,0,1
2026-08-21T20:22:59+00:00,2026-08-19,198,S100YXLP,E40236,299A0,2011001099829,クラシル株式会社,,010,053000,180,,,2026-08-19 16:36,臨時報告書,,,,第19条第2項第2号の2,,,0,0,0,1,1,0,0,1
2026-08-21T20:22:59+00:00,2026-08-19,197,S100YXPP,E02960,27760,7010601010274,新都ホールディングス株式会社,,010,042100,135,,,2026-08-19 16:31,確認書,,,,,S100YXHH,,0,0,0,0,1,0,0,0
2026-08-21T20:22:59+00:00,2026-08-19,196,S100YXPQ,E02960,27760,7010601010274,新都ホールディングス株式会社,,010,042200,135,,,2026-08-19 16:31,確認書,,,,,S100YXHB,,0,0,0,0,1,0,0,0
2026-08-21T20:22:59+00:00,2026-08-19,195,S100YXPS,E02960,27760,7010601010274,新都ホールディングス株式会社,,010,042100,135,,,2026-08-19 16:30,確認書,,,,,S100YXHA,,0,0,0,0,1,0,0,0
2026-08-21T20:22:59+00:00,2026-08-19,194,S100YXHB,E02960,27760,7010601010274,新都ホールディングス株式会社,,010,043A01,170,,,2026-08-19 16:18,訂正半期報告書－第42期(2025/02/01－2026/01/31),,,,,S100WNX2,,0,0,0,1,1,0,0,1
2026-08-21T20:22:59+00:00,2026-08-19,193,S100YXHH,E02960,27760,7010601010274,新都ホールディングス株式会社,,010,030001,130,,,2026-08-19 16:18,訂正有価証券報告書－第41期(2024/02/01－2025/01/31),,,,,S100VL2N,,0,0,0,1,1,0,0,1
2026-08-21T20:22:59+00:00,2026-08-19,192,S100YXHA,E02960,27760,7010601010274,新都ホールディングス株式会社,,010,030001,130,,,2026-08-19 16:17,訂正有価証券報告書－第42期(2025/02/01－2026/01/31),,,,,S100Y0MX,,0,0,0,1,1,0,0,1
2026-08-21T20:22:59+00:00,2026-08-19,191,S100YX7X,E05792,,,ドイツ銀行,,010,150003,100,,,2026-08-19 16:10,発行登録追補書類,,,,,S100VKLL,,0,0,0,0,1,1,0,0
2026-08-21T20:22:59+00:00,2026-08-19,190,S100YX7U,E05792,,,ドイツ銀行,,010,150003,100,,,2026-08-19 16:09,発行登録追補書類,,,,,S100VKLL,,0,0,0,0,1,1,0,0
2026-08-21T20:22:59+00:00,2026-08-19,189,S100YX7K,E31883,,,Ｏａｓｉｓ　Ｍａｎａｇｅｍｅｎｔ　Ｃｏｍｐａｎｙ　Ｌｔｄ．,,060,010002,350,,,2026-08-19 16:01,変更報告書,E00446,,,,,,0,0,0,1,1,1,0,1
2026-08-21T20:22:59+00:00,2026-08-19,188,S100YVYQ,E37710,,1010401158229,Ｂｅ　Ｂｒａｖｅ株式会社,,060,010002,350,,,2026-08-19 16:00,変更報告書,E02183,,,,,,0,0,0,1,1,0,0,1
2026-08-21T20:22:59+00:00,2026-08-19,187,S100YXOB,E03810,,6010001074037,野村證券株式会社,,060,010002,350,,,2026-08-19 15:57,変更報告書,E01232,,,,S100Y9KB,,0,0,0,1,1,1,0,1
2026-08-21T20:22:59+00:00,2026-08-19,186,S100YXP7,E42050,,,ビーシーピーイー　ネオン　ケイマン　エルピー,,040,020000,240,,,2026-08-19 15:56,公開買付届出書,,E37133,,,,,0,0,0,1,1,1,0,1
2026-08-21T20:22:59+00:00,2026-08-19,185,S100YXK3,E40713,,,ＡＸＩＵＭ　ＣＡＰＩＴＡＬ　ＰＴＥ．ＬＴＤ．,,060,010002,350,,,2026-08-19 15:53,変更報告書,E05233,,,,S100WW36,,0,0,0,1,1,1,0,1
2026-08-21T20:22:59+00:00,2026-08-19,184,S100YXKX,E00566,34090,5220001002217,株式会社北紡,,010,030001,130,,,2026-08-19 15:51,訂正有価証券報告書－第103期(2025/04/01－2026/03/31),,,,,S100YKBG,,0,0,0,1,1,0,0,1
2026-08-21T20:22:59+00:00,2026-08-19,183,S100YXOR,E39685,,1011001148909,グロースパートナーズ株式会社,,060,090001,360,,,2026-08-19 15:47,訂正報告書（大量保有報告書・変更報告書）,E05175,,,,S100YR5S,,0,0,0,1,1,1,0,1
2026-08-21T20:22:59+00:00,2026-08-19,182,S100YXOJ,E39685,,1011001148909,グロースパートナーズ株式会社,,060,090001,360,,,2026-08-19 15:46,訂正報告書（大量保有報告書・変更報告書）,E03409,,,,S100Y377,,0,0,0,1,1,1,0,1
2026-08-21T20:22:59+00:00,2026-08-19,181,S100YXP0,E03299,75710,4011001030931,株式会社ヤマノホールディングス,,010,053000,180,,,2026-08-19 15:41,臨時報告書,,,,第19条第2項第12号,,,0,0,0,1,1,0,0,1
2026-08-21T20:22:59+00:00,2026-08-19,180,S100YXOY,E01737,65010,7010001008844,株式会社日立製作所,,010,113001,090,,,2026-08-19 15:39,訂正発行登録書,,,,,S100W8LH,,0,0,0,0,1,0,0,0
2026-08-21T20:22:59+00:00,2026-08-19,179,S100YXO0,E01737,65010,7010001008844,株式会社日立製作所,,010,053000,180,,,2026-08-19 15:38,臨時報告書,,,,第19条第2項第12号,,,0,0,0,1,1,0,0,1
2026-08-21T20:22:59+00:00,2026-08-19,177,S100YWB3,E27325,,6011001091831,株式会社ストラテジックキャピタル,,060,010002,350,,,2026-08-19 15:35,変更報告書,E01806,,,,,,0,0,0,1,1,0,0,1
2026-08-21T20:22:59+00:00,2026-08-19,174,S100YXF5,E10737,35490,9220002009323,株式会社クスリのアオキホールディングス,,010,030000,120,2025-05-21,2026-05-20,2026-08-19 15:35,有価証券報告書－第28期(2025/05/21－2026/05/20),,,,,,,0,0,0,1,1,1,0,1
2026-08-21T20:22:59+00:00,2026-08-19,175,S100YXF9,E10737,35490,9220002009323,株式会社クスリのアオキホールディングス,,010,042000,135,,,2026-08-19 15:35,確認書,,,,,,,0,0,0,0,1,0,0,0
2026-08-21T20:22:59+00:00,2026-08-19,178,S100YXFA,E10737,35490,9220002009323,株式会社クスリのアオキホールディングス,,015,010000,235,,,2026-08-19 15:35,内部統制報告書－第28期(2025/05/21－2026/05/20),,,,,,,0,0,0,1,1,0,0,1
2026-08-21T20:22:59+00:00,2026-08-19,176,S100YXN6,E34960,44430,4010001120965,Ｓａｎｓａｎ株式会社,,010,042000,135,,,2026-08-19 15:35,確認書,,,,,,,0,0,0,0,1,0,0,0
2026-08-21T20:22:59+00:00,2026-08-19,172,S100YW7Q,E12453,,9010001025953,ニッセイアセットマネジメント株式会社,G16005,030,04A000,030,,,2026-08-19 15:34,有価証券届出書（内国投資信託受益証券）,,,,,,,0,0,0,1,1,1,0,1
2026-08-21T20:22:59+00:00,2026-08-19,173,S100YXN8,E34960,44430,4010001120965,Ｓａｎｓａｎ株式会社,,015,010000,235,,,2026-08-19 15:34,内部統制報告書－第19期(2025/06/01－2026/05/31),,,,,,,0,0,0,1,1,0,0,1
2026-08-21T20:22:59+00:00,2026-08-19,171,S100YXFQ,E34960,44430,4010001120965,Ｓａｎｓａｎ株式会社,,010,030000,120,2025-06-01,2026-05-31,2026-08-19 15:33,有価証券報告書－第19期(2025/06/01－2026/05/31),,,,,,,0,0,0,1,1,1,0,1
2026-08-21T20:22:59+00:00,2026-08-19,170,S100YXOI,E27585,49780,2020001086778,株式会社リプロセル,,010,120003,100,,,2026-08-19 15:33,発行登録追補書類（株券､社債券等）,,,,,S100Y6ZH,,0,0,0,1,1,1,0,1
2026-08-21T20:22:59+00:00,2026-08-19,169,S100YXOE,E27585,49780,2020001086778,株式会社リプロセル,,010,120003,100,,,2026-08-19 15:32,発行登録追補書類（株券､社債券等）,,,,,S100Y6YL,,0,0,0,1,1,1,0,1
2026-08-21T20:22:59+00:00,2026-08-19,168,S100YXDZ,E33515,65580,7120001128193,クックビズ株式会社,,010,053000,180,,,2026-08-19 15:31,臨時報告書,,,,第19条第2項第3号,,,0,0,0,1,1,0,0,1
2026-08-21T20:22:59+00:00,2026-08-19,165,S100YWFN,E31280,,6010005023345,ヘルスケア＆メディカル投資法人,G10834,030,04F000,030,,,2026-08-19 15:30,有価証券届出書（参照方式・内国投資証券）,,,,,,,0,0,0,1,1,1,0,1
2026-08-21T20:22:59+00:00,2026-08-19,167,S100YWFO,E31280,,6010005023345,ヘルスケア＆メディカル投資法人,G10834,030,04F000,030,,,2026-08-19 15:30,有価証券届出書（参照方式・内国投資証券）,,,,,,,0,0,0,1,1,1,0,1
2026-08-21T20:22:59+00:00,2026-08-19,164,S100YXDO,E33515,65580,7120001128193,クックビズ株式会社,,010,053000,180,,,2026-08-19 15:30,臨時報告書,,,,"第19条第2項第3号,第19条第2項第8号の2",,,0,0,0,1,1,0,0,1
2026-08-21T20:22:59+00:00,2026-08-19,166,S100YXE7,E33515,65580,7120001128193,クックビズ株式会社,,010,053000,180,,,2026-08-19 15:30,臨時報告書,,,,第19条第2項第9号の2,,,0,0,0,1,1,0,0,1
2026-08-21T20:22:59+00:00,2026-08-19,163,S100YXNV,E01859,68220,2020001019746,大井電気株式会社,,010,053000,180,,,2026-08-19 15:16,臨時報告書,,,,第19条第2項第4号,,,0,0,0,1,1,0,0,1
2026-08-21T20:22:59+00:00,2026-08-19,162,S100YXMV,E05792,,,ドイツ銀行,,010,150003,100,,,2026-08-19 15:14,発行登録追補書類,,,,,S100VKLL,,0,0,0,0,1,1,0,0
2026-08-21T20:22:59+00:00,2026-08-19,161,S100YXE3,E11943,,,Ｅｖｏ　Ｆｕｎｄ,,060,010002,350,,,2026-08-19 14:43,変更報告書,E33868,,,,S100XX1H,,0,0,0,1,1,1,0,1
2026-08-21T20:22:59+00:00,2026-08-19,160,S100YXNZ,E02978,33500,3010401091543,株式会社メタプラネット,,010,113001,090,,,2026-08-19 14:38,訂正発行登録書,,,,,S100WG4P,,0,0,0,0,1,0,0,0
2026-08-21T20:22:59+00:00,2026-08-19,159,S100YXNX,E02978,33500,3010401091543,株式会社メタプラネット,,010,113001,090,,,2026-08-19 14:37,訂正発行登録書,,,,,S100WG4O,,0,0,0,0,1,0,0,0
2026-08-21T20:22:59+00:00,2026-08-19,158,S100YXNW,E02978,33500,3010401091543,株式会社メタプラネット,,010,053000,180,,,2026-08-19 14:31,臨時報告書,,,,第19条第2項第3号,,,0,0,0,1,1,0,0,1
2026-08-21T20:22:59+00:00,2026-08-19,157,S100YXN7,E10802,,2011001046046,モルガン・スタンレーＭＵＦＧ証券株式会社,,060,030002,350,,,2026-08-19 14:00,変更報告書（特例対象株券等）,E02043,,,,,,0,0,0,1,1,1,0,1
2026-08-21T20:22:59+00:00,2026-08-19,149,S100YXNE,E03810,,6010001074037,野村證券株式会社,,060,010002,350,,,2026-08-19 13:56,変更報告書,E01232,,,,S100Y9KB,,0,0,0,1,1,1,0,1
2026-08-21T20:22:59+00:00,2026-08-19,153,S100YXNG,E03810,,6010001074037,野村證券株式会社,,060,030000,350,,,2026-08-19 13:56,大量保有報告書（特例対象株券等）,E01926,,,,,,0,0,0,1,1,1,0,1
2026-08-21T20:22:59+00:00,2026-08-19,151,S100YXNH,E03810,,6010001074037,野村證券株式会社,,060,030002,350,,,2026-08-19 13:56,変更報告書（特例対象株券等）,E02129,,,,S100YRUN,,0,0,0,1,1,1,0,1
2026-08-21T20:22:59+00:00,2026-08-19,155,S100YXNJ,E03810,,6010001074037,野村證券株式会社,,060,030002,350,,,2026-08-19 13:56,変更報告書（特例対象株券等）,E35562,,,,S100Y8UY,,0,0,0,1,1,1,0,1
2026-08-21T20:22:59+00:00,2026-08-19,150,S100YXNN,E03810,,6010001074037,野村證券株式会社,,060,030000,350,,,2026-08-19 13:56,大量保有報告書（特例対象株券等）,E02257,,,,,,0,0,0,1,1,1,0,1
2026-08-21T20:22:59+00:00,2026-08-19,154,S100YXNO,E03810,,6010001074037,野村證券株式会社,,060,030002,350,,,2026-08-19 13:56,変更報告書（特例対象株券等）,E02894,,,,S100YPAG,,0,0,0,1,1,1,0,1
2026-08-21T20:22:59+00:00,2026-08-19,152,S100YXNQ,E03810,,6010001074037,野村證券株式会社,,060,030002,350,,,2026-08-19 13:56,変更報告書（特例対象株券等）,E02688,,,,S100MX5H,,0,0,0,1,1,1,0,1
2026-08-21T20:22:59+00:00,2026-08-19,156,S100YXNR,E03810,,6010001074037,野村證券株式会社,,060,030002,350,,,2026-08-19 13:56,変更報告書（特例対象株券等）,E04505,,,,S100X096,,0,0,0,1,1,1,0,1
2026-08-21T20:22:59+00:00,2026-08-19,148,S100YX78,E11555,,,望月圭一郎,,060,010002,350,,,2026-08-19 13:54,変更報告書,E04914,,,,,,0,0,0,1,1,1,0,1
2026-08-21T20:22:59+00:00,2026-08-19,147,S100YWRL,E42127,,5010601036429,株式会社ＴＡＫＡＲＡ,,060,090001,360,,,2026-08-19 13:51,訂正報告書（大量保有報告書・変更報告書）,E36405,,,,S100YW6L,,0,0,0,1,1,0,0,1
2026-08-21T20:22:59+00:00,2026-08-19,146,S100YXLD,E04505,95070,9470001001933,四国電力株式会社,,010,053000,180,,,2026-08-19 13:44,臨時報告書,,,,第19条第2項第4号,,,0,0,0,1,1,0,0,1
2026-08-21T20:22:59+00:00,2026-08-19,145,S100YXMK,E26681,,6100001021260,株式会社信州エンタープライズ,,060,010002,350,,,2026-08-19 13:02,変更報告書,E00268,,,,,,0,0,0,1,1,0,0,1
2026-08-21T20:22:59+00:00,2026-08-19,144,S100YXKK,E25056,,8020001033576,株式会社前田計画研究所,,060,090001,360,,,2026-08-19 12:52,訂正報告書（大量保有報告書・変更報告書）,E05215,,,,S100YSKP,,0,0,0,1,1,1,0,1
2026-08-21T20:22:59+00:00,2026-08-19,143,S100YXMS,E05713,38560,9010501023597,Ａｂａｌａｎｃｅ株式会社,,015,010000,235,,,2026-08-19 12:09,内部統制報告書－第27期(2025/04/01－2026/03/31),,,,,,,0,0,0,1,1,0,0,1
2026-08-21T20:22:59+00:00,2026-08-19,142,S100YXMI,E05713,38560,9010501023597,Ａｂａｌａｎｃｅ株式会社,,010,042000,135,,,2026-08-19 11:52,確認書,,,,,,,0,0,0,0,1,0,0,0
2026-08-21T20:22:59+00:00,2026-08-19,141,S100YXMA,E05713,38560,9010501023597,Ａｂａｌａｎｃｅ株式会社,,010,030000,120,2025-04-01,2026-03-31,2026-08-19 11:48,有価証券報告書－第27期(2025/04/01－2026/03/31),,,,,,,0,0,0,1,1,1,0,1
2026-08-21T20:22:59+00:00,2026-08-19,140,S100YXG9,E09862,,,ジェー・ピー・モルガン・セキュリティーズ・ピーエルシー,,060,030000,350,,,2026-08-19 11:46,大量保有報告書（特例対象株券等）,E01225,,,,,,0,0,0,1,1,1,0,1
2026-08-21T20:22:59+00:00,2026-08-19,138,S100YWRG,E36432,,3010001204364,東京電力リニューアブルパワー株式会社,,010,110000,080,,,2026-08-19 11:34,発行登録書（株券､社債券等）,,,,,,,0,0,0,1,1,1,0,1
2026-08-21T20:22:59+00:00,2026-08-19,137,S100YXFL,E41866,,1011001017799,日本情報産業株式会社,,060,020002,350,,,2026-08-19 11:34,変更報告書（短期大量譲渡）,E05561,,,,S100Y6QA,,0,0,0,1,1,1,0,1
2026-08-21T20:22:59+00:00,2026-08-19,131,S100YXDB,E03753,86010,4010001008855,株式会社大和証券グループ本社,,010,113001,090,,,2026-08-19 11:33,訂正発行登録書,,,,,S100YQ79,,0,0,0,0,1,0,0,0
2026-08-21T20:22:59+00:00,2026-08-19,132,S100YXG1,E06264,,6010001098507,ＪＰモルガン・アセット・マネジメント株式会社,,060,030002,350,,,2026-08-19 11:33,変更報告書（特例対象株券等）,E01259,,,,S100XIZK,,0,0,0,1,1,1,0,1
2026-08-21T20:22:59+00:00,2026-08-19,135,S100YXG2,E06264,,6010001098507,ＪＰモルガン・アセット・マネジメント株式会社,,060,030002,350,,,2026-08-19 11:33,変更報告書（特例対象株券等）,E03621,,,,S100SBN2,,0,0,0,1,1,1,0,1
2026-08-21T20:22:59+00:00,2026-08-19,134,S100YXG3,E06264,,6010001098507,ＪＰモルガン・アセット・マネジメント株式会社,,060,030000,350,,,2026-08-19 11:33,大量保有報告書（特例対象株券等）,E03248,,,,,,0,0,0,1,1,1,0,1
2026-08-21T20:22:59+00:00,2026-08-19,136,S100YXG4,E06264,,6010001098507,ＪＰモルガン・アセット・マネジメント株式会社,,060,030002,350,,,2026-08-19 11:33,変更報告書（特例対象株券等）,E02280,,,,S100X83Z,,0,0,0,1,1,1,0,1
2026-08-21T20:22:59+00:00,2026-08-19,133,S100YXG5,E06264,,6010001098507,ＪＰモルガン・アセット・マネジメント株式会社,,060,030000,350,,,2026-08-19 11:33,大量保有報告書（特例対象株券等）,E02770,,,,,,0,0,0,1,1,1,0,1
2026-08-21T20:22:59+00:00,2026-08-19,130,S100YXDA,E03753,86010,4010001008855,株式会社大和証券グループ本社,,010,113001,090,,,2026-08-19 11:31,訂正発行登録書,,,,,S100YQ77,,0,0,0,0,1,0,0,0
2026-08-21T20:22:59+00:00,2026-08-19,129,S100YWYK,E03753,86010,4010001008855,株式会社大和証券グループ本社,,010,053001,190,,,2026-08-19 11:30,訂正臨時報告書,,,,第19条第2項第2号の2,S100YSUQ,,0,0,0,1,1,0,0,1
2026-08-21T20:22:59+00:00,2026-08-19,128,S100YX02,E10439,,4010001027269,ピクテ・ジャパン株式会社,G15002,030,995000,180,,,2026-08-19 11:23,臨時報告書（内国特定有価証券）,,,,第29条第2項第4号,,,0,0,0,1,1,0,0,1
2026-08-21T20:22:59+00:00,2026-08-19,127,S100YX01,E10439,,4010001027269,ピクテ・ジャパン株式会社,G08315,030,995000,180,,,2026-08-19 11:21,臨時報告書（内国特定有価証券）,,,,第29条第2項第4号,,,0,0,0,1,1,0,0,1
2026-08-21T20:22:59+00:00,2026-08-19,126,S100YX00,E10439,,4010001027269,ピクテ・ジャパン株式会社,G04969,030,995000,180,,,2026-08-19 11:17,臨時報告書（内国特定有価証券）,,,,第29条第2項第4号,,,0,0,0,1,1,0,0,1
2026-08-21T20:22:59+00:00,2026-08-19,125,S100YWZZ,E10439,,4010001027269,ピクテ・ジャパン株式会社,G04294,030,995000,180,,,2026-08-19 11:14,臨時報告書（内国特定有価証券）,,,,第29条第2項第4号,,,0,0,0,1,1,0,0,1
2026-08-21T20:22:59+00:00,2026-08-19,124,S100YXL3,E01208,52830,9100001001879,株式会社高見澤,,010,053000,180,,,2026-08-19 11:01,臨時報告書,,,,"第19条第2項第12号,第19条第2項第19号",,,0,0,0,1,1,0,0,1
2026-08-21T20:22:59+00:00,2026-08-19,123,S100YU3N,E11518,,9010001034450,三菱ＵＦＪアセットマネジメント株式会社,G08269,030,04A001,040,,,2026-08-19 10:34,訂正有価証券届出書（内国投資信託受益証券）,,,,,S100XGKG,,0,0,0,1,1,1,0,1
2026-08-21T20:22:59+00:00,2026-08-19,122,S100YRNS,E11518,,9010001034450,三菱ＵＦＪアセットマネジメント株式会社,G08269,030,07A000,120,2025-11-21,2026-05-20,2026-08-19 10:28,有価証券報告書（内国投資信託受益証券）－第31期(2025/11/21－2026/05/20),,,,,,,0,0,0,1,1,1,0,1
2026-08-21T20:22:59+00:00,2026-08-19,121,S100YRNW,E11518,,9010001034450,三菱ＵＦＪアセットマネジメント株式会社,G03462,030,04A000,030,,,2026-08-19 10:22,有価証券届出書（内国投資信託受益証券）,,,,,,,0,0,0,1,1,1,0,1
2026-08-21T20:22:59+00:00,2026-08-19,120,S100YX98,E03627,,2010001146005,三井住友信託銀行株式会社,,060,010002,350,,,2026-08-19 10:20,変更報告書,E01502,,,,S100OTS5,,0,0,0,1,1,1,0,1
2026-08-21T20:22:59+00:00,2026-08-19,119,S100YRNY,E11518,,9010001034450,三菱ＵＦＪアセットマネジメント株式会社,G03462,030,07A000,120,2025-05-21,2026-05-20,2026-08-19 10:19,有価証券報告書（内国投資信託受益証券）－第24期(2025/05/21－2026/05/20),,,,,,,0,0,0,1,1,1,0,1
2026-08-21T20:22:59+00:00,2026-08-19,118,S100YXI6,E20677,,,池永　重彦,,060,010002,350,,,2026-08-19 10:13,変更報告書,E34065,,,,,,0,0,0,1,1,1,0,1
2026-08-21T20:22:59+00:00,2026-08-19,117,S100YRTV,E11518,,9010001034450,三菱ＵＦＪアセットマネジメント株式会社,G10396,030,04A000,030,,,2026-08-19 10:10,有価証券届出書（内国投資信託受益証券）,,,,,,,0,0,0,1,1,1,0,1
2026-08-21T20:22:59+00:00,2026-08-19,116,S100YU5T,E11518,,9010001034450,三菱ＵＦＪアセットマネジメント株式会社,G14344,030,04A000,030,,,2026-08-19 10:05,有価証券届出書（内国投資信託受益証券）,,,,,,,0,0,0,1,1,1,0,1
2026-08-21T20:22:59+00:00,2026-08-19,115,S100YVGM,E11764,,1010401064261,Ｔ＆Ｄアセットマネジメント株式会社,G15789,030,995000,180,,,2026-08-19 10:04,臨時報告書（内国特定有価証券）,,,,第29条第2項第4号,,,0,0,0,1,1,0,0,1
2026-08-21T20:22:59+00:00,2026-08-19,114,S100YVGQ,E11764,,1010401064261,Ｔ＆Ｄアセットマネジメント株式会社,G07695,030,995000,180,,,2026-08-19 10:03,臨時報告書（内国特定有価証券）,,,,第29条第2項第4号,,,0,0,0,1,1,0,0,1
2026-08-21T20:22:59+00:00,2026-08-19,112,S100YXGB,E35765,40570,9011601012325,株式会社インターファクトリー,,015,010000,235,,,2026-08-19 10:03,内部統制報告書－第23期(2025/06/01－2026/05/31),,,,,,,0,0,0,1,1,0,0,1
2026-08-21T20:22:59+00:00,2026-08-19,113,S100YXGD,E35765,40570,9011601012325,株式会社インターファクトリー,,010,042000,135,,,2026-08-19 10:03,確認書,,,,,,,0,0,0,0,1,0,0,0
2026-08-21T20:22:59+00:00,2026-08-19,111,S100YRM9,E11518,,9010001034450,三菱ＵＦＪアセットマネジメント株式会社,G12802,030,04A000,030,,,2026-08-19 10:02,有価証券届出書（内国投資信託受益証券）,,,,,,,0,0,0,1,1,1,0,1
2026-08-21T20:22:59+00:00,2026-08-19,110,S100YXG0,E35765,40570,9011601012325,株式会社インターファクトリー,,010,030000,120,2025-06-01,2026-05-31,2026-08-19 10:02,有価証券報告書－第23期(2025/06/01－2026/05/31),,,,,,,0,0,0,1,1,1,0,1
2026-08-21T20:22:59+00:00,2026-08-19,109,S100YRKS,E11518,,9010001034450,三菱ＵＦＪアセットマネジメント株式会社,G03464,030,04A000,030,,,2026-08-19 09:58,有価証券届出書（内国投資信託受益証券）,,,,,,,0,0,0,1,1,1,0,1
2026-08-21T20:22:59+00:00,2026-08-19,108,S100YRKR,E11518,,9010001034450,三菱ＵＦＪアセットマネジメント株式会社,G03464,030,07A000,120,2025-05-21,2026-05-20,2026-08-19 09:55,有価証券報告書（内国投資信託受益証券）－第24期(2025/05/21－2026/05/20),,,,,,,0,0,0,1,1,1,0,1
2026-08-21T20:22:59+00:00,2026-08-19,107,S100YR4J,E11518,,9010001034450,三菱ＵＦＪアセットマネジメント株式会社,G03463,030,04A000,030,,,2026-08-19 09:52,有価証券届出書（内国投資信託受益証券）,,,,,,,0,0,0,1,1,1,0,1
2026-08-21T20:22:59+00:00,2026-08-19,105,S100YR4I,E11518,,9010001034450,三菱ＵＦＪアセットマネジメント株式会社,G03463,030,07A000,120,2025-05-21,2026-05-20,2026-08-19 09:47,有価証券報告書（内国投資信託受益証券）－第24期(2025/05/21－2026/05/20),,,,,,,0,0,0,1,1,1,0,1
2026-08-21T20:22:59+00:00,2026-08-19,104,S100YRTS,E11518,,9010001034450,三菱ＵＦＪアセットマネジメント株式会社,G10396,030,07A000,120,2025-05-21,2026-05-20,2026-08-19 09:44,有価証券報告書（内国投資信託受益証券）－第12期(2025/05/21－2026/05/20),,,,,,,0,0,0,1,1,1,0,1
2026-08-21T20:22:59+00:00,2026-08-19,103,S100Y2J1,E12441,,3010001062358,ＳＢＩ岡三アセットマネジメント株式会社,G10074,030,04A000,030,,,2026-08-19 09:43,有価証券届出書（内国投資信託受益証券）,,,,,,,0,0,0,1,1,1,0,1
2026-08-21T20:22:59+00:00,2026-08-19,102,S100YRB0,E11518,,9010001034450,三菱ＵＦＪアセットマネジメント株式会社,G08631,030,04A000,030,,,2026-08-19 09:42,有価証券届出書（内国投資信託受益証券）,,,,,,,0,0,0,1,1,1,0,1
2026-08-21T20:22:59+00:00,2026-08-19,101,S100YRAZ,E11518,,9010001034450,三菱ＵＦＪアセットマネジメント株式会社,G08631,030,07A000,120,2025-05-21,2026-05-20,2026-08-19 09:41,有価証券報告書（内国投資信託受益証券）－第15期(2025/05/21－2026/05/20),,,,,,,0,0,0,1,1,1,0,1
2026-08-21T20:22:59+00:00,2026-08-19,100,S100YRTK,E11518,,9010001034450,三菱ＵＦＪアセットマネジメント株式会社,G10397,030,04A000,030,,,2026-08-19 09:41,有価証券届出書（内国投資信託受益証券）,,,,,,,0,0,0,1,1,1,0,1
2026-08-21T20:22:59+00:00,2026-08-19,98,S100YRTB,E11518,,9010001034450,三菱ＵＦＪアセットマネジメント株式会社,G11001,030,04A001,040,,,2026-08-19 09:38,訂正有価証券届出書（内国投資信託受益証券）,,,,,S100XH1G,,0,0,0,1,1,1,0,1
2026-08-21T20:22:59+00:00,2026-08-19,99,S100YRTH,E11518,,9010001034450,三菱ＵＦＪアセットマネジメント株式会社,G10397,030,07A000,120,2025-11-21,2026-05-20,2026-08-19 09:38,有価証券報告書（内国投資信託受益証券）－第24期(2025/11/21－2026/05/20),,,,,,,0,0,0,1,1,1,0,1
2026-08-21T20:22:59+00:00,2026-08-19,97,S100YRT5,E11518,,9010001034450,三菱ＵＦＪアセットマネジメント株式会社,G11001,030,07A000,120,2025-11-21,2026-05-20,2026-08-19 09:37,有価証券報告書（内国投資信託受益証券）－第44期(2025/11/21－2026/05/20),,,,,,,0,0,0,1,1,1,0,1
2026-08-21T20:22:59+00:00,2026-08-19,96,S100YRSS,E11518,,9010001034450,三菱ＵＦＪアセットマネジメント株式会社,G10994,030,04A001,040,,,2026-08-19 09:34,訂正有価証券届出書（内国投資信託受益証券）,,,,,S100XH1E,,0,0,0,1,1,1,0,1
2026-08-21T20:22:59+00:00,2026-08-19,95,S100YRMC,E11518,,9010001034450,三菱ＵＦＪアセットマネジメント株式会社,G14344,030,07A000,120,2025-05-21,2026-05-20,2026-08-19 09:33,有価証券報告書（内国投資信託受益証券）－第5期(2025/05/21－2026/05/20),,,,,,,0,0,0,1,1,1,0,1
2026-08-21T20:22:59+00:00,2026-08-19,93,S100YRSL,E11518,,9010001034450,三菱ＵＦＪアセットマネジメント株式会社,G10994,030,10A000,160,2025-11-21,2026-11-20,2026-08-19 09:32,半期報告書（内国投資信託受益証券）－第13期(2025/11/21－2026/11/20),,,,,,,0,0,0,1,1,0,0,1
2026-08-21T20:22:59+00:00,2026-08-19,94,S100YVLY,E10677,,9010001021473,アセットマネジメントＯｎｅ株式会社,G11800,030,07A000,120,2025-05-20,2026-05-19,2026-08-19 09:32,有価証券報告書（内国投資信託受益証券）－第64期(2025/05/20－2026/05/19),,,,,,,0,0,0,1,1,1,0,1
2026-08-21T20:22:59+00:00,2026-08-19,92,S100YWQ4,E12480,,7010001010313,アライアンス・バーンスタイン株式会社,G02037,030,04A000,030,,,2026-08-19 09:31,有価証券届出書（内国投資信託受益証券）,,,,,,,0,0,0,1,1,1,0,1
2026-08-21T20:22:59+00:00,2026-08-19,90,S100Y2J2,E12441,,3010001062358,ＳＢＩ岡三アセットマネジメント株式会社,G10074,030,10A000,160,2025-11-21,2026-11-20,2026-08-19 09:29,半期報告書（内国投資信託受益証券）－第14期(2025/11/21－2026/11/20),,,,,,,0,0,0,1,1,0,0,1
2026-08-21T20:22:59+00:00,2026-08-19,91,S100YV82,E12444,,8010001114914,三井住友トラスト・アセットマネジメント株式会社,G04183,030,04A000,030,,,2026-08-19 09:29,有価証券届出書（内国投資信託受益証券）,,,,,,,0,0,0,1,1,1,0,1
2026-08-21T20:22:59+00:00,2026-08-19,88,S100YRKV,E11518,,9010001034450,三菱ＵＦＪアセットマネジメント株式会社,G15223,030,04A000,030,,,2026-08-19 09:28,有価証券届出書（内国投資信託受益証券）,,,,,,,0,0,0,1,1,1,0,1
2026-08-21T20:22:59+00:00,2026-08-19,89,S100YWPL,E12480,,7010001010313,アライアンス・バーンスタイン株式会社,G02037,030,07A000,120,2025-11-21,2026-05-20,2026-08-19 09:28,有価証券報告書（内国投資信託受益証券）－第59期(2025/11/21－2026/05/20),,,,,,,0,0,0,1,1,1,0,1
2026-08-21T20:22:59+00:00,2026-08-19,87,S100YRKU,E11518,,9010001034450,三菱ＵＦＪアセットマネジメント株式会社,G15223,030,07A000,120,2025-05-21,2026-05-20,2026-08-19 09:27,有価証券報告書（内国投資信託受益証券）－第2期(2025/05/21－2026/05/20),,,,,,,0,0,0,1,1,1,0,1
2026-08-21T20:22:59+00:00,2026-08-19,84,S100YRJP,E11518,,9010001034450,三菱ＵＦＪアセットマネジメント株式会社,G14174,030,04A000,030,,,2026-08-19 09:26,有価証券届出書（内国投資信託受益証券）,,,,,,,0,0,0,1,1,1,0,1
2026-08-21T20:22:59+00:00,2026-08-19,86,S100YRMA,E11518,,9010001034450,三菱ＵＦＪアセットマネジメント株式会社,G12802,030,07A000,120,2025-05-21,2026-05-20,2026-08-19 09:26,有価証券報告書（内国投資信託受益証券）－第9期(2025/05/21－2026/05/20),,,,,,,0,0,0,1,1,1,0,1
2026-08-21T20:22:59+00:00,2026-08-19,85,S100YT8I,E11518,,9010001034450,三菱ＵＦＪアセットマネジメント株式会社,G04180,030,04A001,040,,,2026-08-19 09:26,訂正有価証券届出書（内国投資信託受益証券）,,,,,S100XGXX,,0,0,0,1,1,1,0,1
2026-08-21T20:22:59+00:00,2026-08-19,83,S100YTTU,E13447,,2010401045054,ＳＢＩアセットマネジメント株式会社,G13431,030,07A000,120,2025-05-29,2026-05-28,2026-08-19 09:25,有価証券報告書（内国投資信託受益証券）－第7期(2025/05/29－2026/05/28),,,,,,,0,0,0,1,1,1,0,1
2026-08-21T20:22:59+00:00,2026-08-19,82,S100YRJO,E11518,,9010001034450,三菱ＵＦＪアセットマネジメント株式会社,G14174,030,07A000,120,2025-05-21,2026-05-20,2026-08-19 09:24,有価証券報告書（内国投資信託受益証券）－第5期(2025/05/21－2026/05/20),,,,,,,0,0,0,1,1,1,0,1
2026-08-21T20:22:59+00:00,2026-08-19,81,S100YRZY,E11518,,9010001034450,三菱ＵＦＪアセットマネジメント株式会社,G04180,030,10A000,160,2025-11-21,2026-11-20,2026-08-19 09:23,半期報告書（内国投資信託受益証券）－第22期(2025/11/21－2026/11/20),,,,,,,0,0,0,1,1,0,0,1
2026-08-21T20:22:59+00:00,2026-08-19,80,S100YV89,E12444,,8010001114914,三井住友トラスト・アセットマネジメント株式会社,G04183,030,07A000,120,2025-11-20,2026-05-19,2026-08-19 09:23,有価証券報告書（内国投資信託受益証券）－第43期(2025/11/20－2026/05/19),,,,,,,0,0,0,1,1,1,0,1
2026-08-21T20:22:59+00:00,2026-08-19,78,S100Y2IX,E12441,,3010001062358,ＳＢＩ岡三アセットマネジメント株式会社,G07762,030,04A000,030,,,2026-08-19 09:22,有価証券届出書（内国投資信託受益証券）,,,,,,,0,0,0,1,1,1,0,1
2026-08-21T20:22:59+00:00,2026-08-19,77,S100Y2J7,E12441,,3010001062358,ＳＢＩ岡三アセットマネジメント株式会社,G12243,030,04A000,030,,,2026-08-19 09:22,有価証券届出書（内国投資信託受益証券）,,,,,,,0,0,0,1,1,1,0,1
2026-08-21T20:22:59+00:00,2026-08-19,79,S100YRK3,E11518,,9010001034450,三菱ＵＦＪアセットマネジメント株式会社,G12800,030,04A000,030,,,2026-08-19 09:22,有価証券届出書（内国投資信託受益証券）,,,,,,,0,0,0,1,1,1,0,1
2026-08-21T20:22:59+00:00,2026-08-19,76,S100YRK1,E11518,,9010001034450,三菱ＵＦＪアセットマネジメント株式会社,G12800,030,07A000,120,2025-05-21,2026-05-20,2026-08-19 09:21,有価証券報告書（内国投資信託受益証券）－第9期(2025/05/21－2026/05/20),,,,,,,0,0,0,1,1,1,0,1
2026-08-21T20:22:59+00:00,2026-08-19,75,S100YU7J,E13447,,2010401045054,ＳＢＩアセットマネジメント株式会社,G13604,030,07A000,120,2025-11-26,2026-05-25,2026-08-19 09:20,有価証券報告書（内国投資信託受益証券）－第13期(2025/11/26－2026/05/25),,,,,,,0,0,0,1,1,1,0,1
2026-08-21T20:22:59+00:00,2026-08-19,74,S100YRKI,E11518,,9010001034450,三菱ＵＦＪアセットマネジメント株式会社,G04216,030,04A001,040,,,2026-08-19 09:19,訂正有価証券届出書（内国投資信託受益証券）,,,,,S100XGL5,,0,0,0,1,1,1,0,1
2026-08-21T20:22:59+00:00,2026-08-19,73,S100Y2J8,E12441,,3010001062358,ＳＢＩ岡三アセットマネジメント株式会社,G12243,030,10A000,160,2025-11-21,2026-11-20,2026-08-19 09:18,半期報告書（内国投資信託受益証券）－第11期(2025/11/21－2026/11/20),,,,,,,0,0,0,1,1,0,0,1
2026-08-21T20:22:59+00:00,2026-08-19,70,S100YRKF,E11518,,9010001034450,三菱ＵＦＪアセットマネジメント株式会社,G04216,030,07A000,120,2025-11-21,2026-05-20,2026-08-19 09:18,有価証券報告書（内国投資信託受益証券）－第43期(2025/11/21－2026/05/20),,,,,,,0,0,0,1,1,1,0,1
2026-08-21T20:22:59+00:00,2026-08-19,72,S100YRM7,E11518,,9010001034450,三菱ＵＦＪアセットマネジメント株式会社,G12801,030,04A000,030,,,2026-08-19 09:18,有価証券届出書（内国投資信託受益証券）,,,,,,,0,0,0,1,1,1,0,1
2026-08-21T20:22:59+00:00,2026-08-19,71,S100YRR1,E11518,,9010001034450,三菱ＵＦＪアセットマネジメント株式会社,G01433,030,04A000,030,,,2026-08-19 09:18,有価証券届出書（内国投資信託受益証券）,,,,,,,0,0,0,1,1,1,0,1
2026-08-21T20:22:59+00:00,2026-08-19,68,S100Y2J0,E12441,,3010001062358,ＳＢＩ岡三アセットマネジメント株式会社,G07762,030,07A000,120,2025-11-21,2026-05-20,2026-08-19 09:17,有価証券報告書（内国投資信託受益証券）－第33期(2025/11/21－2026/05/20),,,,,,,0,0,0,1,1,1,0,1
2026-08-21T20:22:59+00:00,2026-08-19,69,S100YWMJ,E12481,,1010401025734,フィデリティ投信株式会社,G08632,030,04A001,040,,,2026-08-19 09:17,訂正有価証券届出書（内国投資信託受益証券）,,,,,S100XKKF,,0,0,0,1,1,1,0,1
2026-08-21T20:22:59+00:00,2026-08-19,66,S100Y2J3,E12441,,3010001062358,ＳＢＩ岡三アセットマネジメント株式会社,G10104,030,04A000,030,,,2026-08-19 09:16,有価証券届出書（内国投資信託受益証券）,,,,,,,0,0,0,1,1,1,0,1
2026-08-21T20:22:59+00:00,2026-08-19,67,S100YRJZ,E11518,,9010001034450,三菱ＵＦＪアセットマネジメント株式会社,G14329,030,04A000,030,,,2026-08-19 09:16,有価証券届出書（内国投資信託受益証券）,,,,,,,0,0,0,1,1,1,0,1
2026-08-21T20:22:59+00:00,2026-08-19,64,S100YRJY,E11518,,9010001034450,三菱ＵＦＪアセットマネジメント株式会社,G14329,030,07A000,120,2025-05-21,2026-05-20,2026-08-19 09:15,有価証券報告書（内国投資信託受益証券）－第5期(2025/05/21－2026/05/20),,,,,,,0,0,0,1,1,1,0,1
2026-08-21T20:22:59+00:00,2026-08-19,65,S100YRM8,E11518,,9010001034450,三菱ＵＦＪアセットマネジメント株式会社,G12801,030,07A000,120,2025-05-21,2026-05-20,2026-08-19 09:15,有価証券報告書（内国投資信託受益証券）－第9期(2025/05/21－2026/05/20),,,,,,,0,0,0,1,1,1,0,1
2026-08-21T20:22:59+00:00,2026-08-19,63,S100YQ99,E11161,,5010701017007,スパークス・アセット・マネジメント株式会社,G03983,030,04A000,030,,,2026-08-19 09:14,有価証券届出書（内国投資信託受益証券）,,,,,,,0,0,0,1,1,1,0,1
2026-08-21T20:22:59+00:00,2026-08-19,62,S100YRR0,E11518,,9010001034450,三菱ＵＦＪアセットマネジメント株式会社,G01433,030,07A000,120,2025-05-21,2026-05-20,2026-08-19 09:14,有価証券報告書（内国投資信託受益証券）－第26期(2025/05/21－2026/05/20),,,,,,,0,0,0,1,1,1,0,1
2026-08-21T20:22:59+00:00,2026-08-19,61,S100YWMF,E12481,,1010401025734,フィデリティ投信株式会社,G08632,030,07A000,120,2025-11-26,2026-05-22,2026-08-19 09:14,有価証券報告書（内国投資信託受益証券）－第47期(2025/11/26－2026/05/22),,,,,,,0,0,0,1,1,1,0,1
2026-08-21T20:22:59+00:00,2026-08-19,60,S100YRJU,E11518,,9010001034450,三菱ＵＦＪアセットマネジメント株式会社,G13518,030,04A000,030,,,2026-08-19 09:13,有価証券届出書（内国投資信託受益証券）,,,,,,,0,0,0,1,1,1,0,1
2026-08-21T20:22:59+00:00,2026-08-19,59,S100YVD8,E12437,,8010001011855,パインブリッジ・インベストメンツ株式会社,G03470,030,07A000,120,2025-11-21,2026-05-20,2026-08-19 09:13,有価証券報告書（内国投資信託受益証券）－第47期(2025/11/21－2026/05/20),,,,,,,0,0,0,1,1,1,0,1
2026-08-21T20:22:59+00:00,2026-08-19,58,S100Y2J5,E12441,,3010001062358,ＳＢＩ岡三アセットマネジメント株式会社,G10104,030,10A000,160,2025-11-21,2026-11-20,2026-08-19 09:12,半期報告書（内国投資信託受益証券）－第13期(2025/11/21－2026/11/20),,,,,,,0,0,0,1,1,0,0,1
2026-08-21T20:22:59+00:00,2026-08-19,57,S100YRJS,E11518,,9010001034450,三菱ＵＦＪアセットマネジメント株式会社,G13518,030,07A000,120,2025-05-21,2026-05-20,2026-08-19 09:12,有価証券報告書（内国投資信託受益証券）－第7期(2025/05/21－2026/05/20),,,,,,,0,0,0,1,1,1,0,1
2026-08-21T20:22:59+00:00,2026-08-19,56,S100YU3Z,E11518,,9010001034450,三菱ＵＦＪアセットマネジメント株式会社,G04287,030,04A001,040,,,2026-08-19 09:11,訂正有価証券届出書（内国投資信託受益証券）,,,,,S100XGXL,,0,0,0,1,1,1,0,1
2026-08-21T20:22:59+00:00,2026-08-19,55,S100Y2IT,E12441,,3010001062358,ＳＢＩ岡三アセットマネジメント株式会社,G04245,030,04A000,030,,,2026-08-19 09:10,有価証券届出書（内国投資信託受益証券）,,,,,,,0,0,0,1,1,1,0,1
2026-08-21T20:22:59+00:00,2026-08-19,52,S100YRJR,E11518,,9010001034450,三菱ＵＦＪアセットマネジメント株式会社,G13131,030,04A000,030,,,2026-08-19 09:09,有価証券届出書（内国投資信託受益証券）,,,,,,,0,0,0,1,1,1,0,1
2026-08-21T20:22:59+00:00,2026-08-19,53,S100YTEU,E08957,,4010401049128,三井住友ＤＳアセットマネジメント株式会社,G15360,030,04A000,030,,,2026-08-19 09:09,有価証券届出書（内国投資信託受益証券）,,,,,,,0,0,0,1,1,1,0,1
2026-08-21T20:22:59+00:00,2026-08-19,54,S100YWLF,E12481,,1010401025734,フィデリティ投信株式会社,G01825,030,04A001,040,,,2026-08-19 09:09,訂正有価証券届出書（内国投資信託受益証券）,,,,,S100XKJT,,0,0,0,1,1,1,0,1
2026-08-21T20:22:59+00:00,2026-08-19,48,S100YRJQ,E11518,,9010001034450,三菱ＵＦＪアセットマネジメント株式会社,G13131,030,07A000,120,2025-05-21,2026-05-20,2026-08-19 09:08,有価証券報告書（内国投資信託受益証券）－第8期(2025/05/21－2026/05/20),,,,,,,0,0,0,1,1,1,0,1
2026-08-21T20:22:59+00:00,2026-08-19,50,S100YTET,E08957,,4010401049128,三井住友ＤＳアセットマネジメント株式会社,G15360,030,07A000,120,2025-11-26,2026-05-22,2026-08-19 09:08,有価証券報告書（内国投資信託受益証券）－第3期(2025/11/26－2026/05/22),,,,,,,0,0,0,1,1,1,0,1
2026-08-21T20:22:59+00:00,2026-08-19,49,S100YVE1,E12437,,8010001011855,パインブリッジ・インベストメンツ株式会社,G03470,030,04A001,040,,,2026-08-19 09:08,訂正有価証券届出書（内国投資信託受益証券）,,,,,S100XK1R,,0,0,0,1,1,1,0,1
2026-08-21T20:22:59+00:00,2026-08-19,51,S100YWUI,E12481,,1010401025734,フィデリティ投信株式会社,G14933,030,04A000,030,,,2026-08-19 09:08,有価証券届出書（内国投資信託受益証券）,,,,,,,0,0,0,1,1,1,0,1
2026-08-21T20:22:59+00:00,2026-08-19,47,S100YAC8,E12430,,8010401072159,アモーヴァ・アセットマネジメント株式会社,G04572,030,04A000,030,,,2026-08-19 09:07,有価証券届出書（内国投資信託受益証券）,,,,,,,0,0,0,1,1,1,0,1
2026-08-21T20:22:59+00:00,2026-08-19,42,S100YPD8,E12448,,8010401040306,明治安田アセットマネジメント株式会社,G08109,030,04A000,030,,,2026-08-19 09:07,有価証券届出書（内国投資信託受益証券）,,,,,,,0,0,0,1,1,1,0,1
2026-08-21T20:22:59+00:00,2026-08-19,43,S100YRM6,E11518,,9010001034450,三菱ＵＦＪアセットマネジメント株式会社,G04287,030,07A000,120,2025-11-21,2026-05-20,2026-08-19 09:07,有価証券報告書（内国投資信託受益証券）－第43期(2025/11/21－2026/05/20),,,,,,,0,0,0,1,1,1,0,1
2026-08-21T20:22:59+00:00,2026-08-19,45,S100YTF1,E08957,,4010401049128,三井住友ＤＳアセットマネジメント株式会社,G15359,030,04A000,030,,,2026-08-19 09:07,有価証券届出書（内国投資信託受益証券）,,,,,,,0,0,0,1,1,1,0,1
2026-08-21T20:22:59+00:00,2026-08-19,44,S100YWLD,E12481,,1010401025734,フィデリティ投信株式会社,G01825,030,07A000,120,2025-11-26,2026-05-22,2026-08-19 09:07,有価証券報告書（内国投資信託受益証券）－第47期(2025/11/26－2026/05/22),,,,,,,0,0,0,1,1,1,0,1
2026-08-21T20:22:59+00:00,2026-08-19,46,S100YWT3,E12481,,1010401025734,フィデリティ投信株式会社,G09245,030,04A000,030,,,2026-08-19 09:07,有価証券届出書（内国投資信託受益証券）,,,,,,,0,0,0,1,1,1,0,1
2026-08-21T20:22:59+00:00,2026-08-19,41,S100Y2IW,E12441,,3010001062358,ＳＢＩ岡三アセットマネジメント株式会社,G04245,030,07A000,120,2025-11-21,2026-05-20,2026-08-19 09:06,有価証券報告書（内国投資信託受益証券）－第43期(2025/11/21－2026/05/20),,,,,,,0,0,0,1,1,1,0,1
2026-08-21T20:22:59+00:00,2026-08-19,40,S100YACB,E12430,,8010401072159,アモーヴァ・アセットマネジメント株式会社,G04572,030,07A000,120,2025-11-20,2026-05-19,2026-08-19 09:06,有価証券報告書（内国投資信託受益証券）－第42期(2025/11/20－2026/05/19),,,,,,,0,0,0,1,1,1,0,1
2026-08-21T20:22:59+00:00,2026-08-19,37,S100YPD7,E12448,,8010401040306,明治安田アセットマネジメント株式会社,G08109,030,07A000,120,2025-05-21,2026-05-20,2026-08-19 09:06,有価証券報告書（内国投資信託受益証券）－第26期(2025/05/21－2026/05/20),,,,,,,0,0,0,1,1,1,0,1
2026-08-21T20:22:59+00:00,2026-08-19,38,S100YRX6,E12434,,7010001031160,ＳＯＭＰＯアセットマネジメント株式会社,G15220,030,07A000,120,2025-05-21,2026-05-20,2026-08-19 09:06,有価証券報告書（内国投資信託受益証券）－第2期(2025/05/21－2026/05/20),,,,,,,0,0,0,1,1,1,0,1
2026-08-21T20:22:59+00:00,2026-08-19,36,S100YTF0,E08957,,4010401049128,三井住友ＤＳアセットマネジメント株式会社,G15359,030,10A000,160,2025-11-26,2026-11-24,2026-08-19 09:06,半期報告書（内国投資信託受益証券）－第2期(2025/11/26－2026/11/24),,,,,,,0,0,0,1,1,0,0,1
2026-08-21T20:22:59+00:00,2026-08-19,39,S100YWUC,E12481,,1010401025734,フィデリティ投信株式会社,G14933,030,07A000,120,2025-11-26,2026-05-22,2026-08-19 09:06,有価証券報告書（内国投資信託受益証券）－第6期(2025/11/26－2026/05/22),,,,,,,0,0,0,1,1,1,0,1
2026-08-21T20:22:59+00:00,2026-08-19,33,S100YAC4,E12430,,8010401072159,アモーヴァ・アセットマネジメント株式会社,G02771,030,07A000,120,2025-05-20,2026-05-19,2026-08-19 09:05,有価証券報告書（内国投資信託受益証券）－第65期(2025/05/20－2026/05/19),,,,,,,0,0,0,1,1,1,0,1
2026-08-21T20:22:59+00:00,2026-08-19,34,S100YQC7,E11161,,5010701017007,スパークス・アセット・マネジメント株式会社,G03983,030,07A000,120,2025-05-20,2026-05-19,2026-08-19 09:05,有価証券報告書（内国投資信託受益証券）－第22期(2025/05/20－2026/05/19),,,,,,,0,0,0,1,1,1,0,1
2026-08-21T20:22:59+00:00,2026-08-19,35,S100YS7S,E12460,,7010001054021,野村アセットマネジメント株式会社,G15538,030,995000,180,,,2026-08-19 09:05,臨時報告書（内国特定有価証券）,,,,第29条第2項第4号,,,0,0,0,1,1,0,0,1
2026-08-21T20:22:59+00:00,2026-08-19,32,S100YWT0,E12481,,1010401025734,フィデリティ投信株式会社,G09245,030,07A000,120,2025-05-23,2026-05-22,2026-08-19 09:05,有価証券報告書（内国投資信託受益証券）－第13期(2025/05/23－2026/05/22),,,,,,,0,0,0,1,1,1,0,1
2026-08-21T20:22:59+00:00,2026-08-19,31,S100YAC3,E12430,,8010401072159,アモーヴァ・アセットマネジメント株式会社,G02659,030,10A000,160,2025-11-20,2026-11-19,2026-08-19 09:04,半期報告書（内国投資信託受益証券）－第65期(2025/11/20－2026/11/19),,,,,,,0,0,0,1,1,0,0,1
2026-08-21T20:22:59+00:00,2026-08-19,29,S100YQF0,E08957,,4010401049128,三井住友ＤＳアセットマネジメント株式会社,G13308,030,04A000,030,,,2026-08-19 09:04,有価証券届出書（内国投資信託受益証券）,,,,,,,0,0,0,1,1,1,0,1
2026-08-21T20:22:59+00:00,2026-08-19,30,S100YRX2,E12434,,7010001031160,ＳＯＭＰＯアセットマネジメント株式会社,G15220,030,04A000,030,,,2026-08-19 09:04,有価証券届出書（内国投資信託受益証券）,,,,,,,0,0,0,1,1,1,0,1
2026-08-21T20:22:59+00:00,2026-08-19,27,S100YS7M,E12460,,7010001054021,野村アセットマネジメント株式会社,G11027,030,995000,180,,,2026-08-19 09:04,臨時報告書（内国特定有価証券）,,,,第29条第2項第4号,,,0,0,0,1,1,0,0,1
2026-08-21T20:22:59+00:00,2026-08-19,28,S100YVM7,E10677,,9010001021473,アセットマネジメントＯｎｅ株式会社,G11966,030,10A000,160,2025-11-20,2026-11-19,2026-08-19 09:04,半期報告書（内国投資信託受益証券）－第56期(2025/11/20－2026/11/19),,,,,,,0,0,0,1,1,0,0,1
2026-08-21T20:22:59+00:00,2026-08-19,25,S100YOKP,E12460,,7010001054021,野村アセットマネジメント株式会社,G10502,030,07A000,120,2025-05-21,2026-05-20,2026-08-19 09:03,有価証券報告書（内国投資信託受益証券）－第12期(2025/05/21－2026/05/20),,,,,,,0,0,0,1,1,1,0,1
2026-08-21T20:22:59+00:00,2026-08-19,26,S100YQF1,E08957,,4010401049128,三井住友ＤＳアセットマネジメント株式会社,G13308,030,07A000,120,2025-11-26,2026-05-22,2026-08-19 09:03,有価証券報告書（内国投資信託受益証券）－第26期(2025/11/26－2026/05/22),,,,,,,0,0,0,1,1,1,0,1
2026-08-21T20:22:59+00:00,2026-08-19,23,S100YS7J,E12460,,7010001054021,野村アセットマネジメント株式会社,G08754,030,995000,180,,,2026-08-19 09:03,臨時報告書（内国特定有価証券）,,,,第29条第2項第4号,,,0,0,0,1,1,0,0,1
2026-08-21T20:22:59+00:00,2026-08-19,22,S100YW1K,E15787,,1010701021680,楽天投信投資顧問株式会社,G15939,030,04A001,040,,,2026-08-19 09:03,訂正有価証券届出書（内国投資信託受益証券）,,,,,S100Y5KA,,0,0,0,1,1,0,0,1
2026-08-21T20:22:59+00:00,2026-08-19,24,S100YXA5,E06748,,2010001049257,大和アセットマネジメント株式会社,G16023,030,04A000,030,,,2026-08-19 09:03,有価証券届出書（内国投資信託受益証券）,,,,,,,0,0,0,1,1,1,0,1
2026-08-21T20:22:59+00:00,2026-08-19,15,S100YOKR,E12460,,7010001054021,野村アセットマネジメント株式会社,G10502,030,04A000,030,,,2026-08-19 09:02,有価証券届出書（内国投資信託受益証券）,,,,,,,0,0,0,1,1,1,0,1
2026-08-21T20:22:59+00:00,2026-08-19,19,S100YRKN,E12460,,7010001054021,野村アセットマネジメント株式会社,G08755,030,04A000,030,,,2026-08-19 09:02,有価証券届出書（内国投資信託受益証券）,,,,,,,0,0,0,1,1,1,0,1
2026-08-21T20:22:59+00:00,2026-08-19,18,S100YTEX,E08957,,4010401049128,三井住友ＤＳアセットマネジメント株式会社,G13300,030,04A000,030,,,2026-08-19 09:02,有価証券届出書（内国投資信託受益証券）,,,,,,,0,0,0,1,1,1,0,1
2026-08-21T20:22:59+00:00,2026-08-19,21,S100YWO5,E12481,,1010401025734,フィデリティ投信株式会社,G01833,030,04A000,030,,,2026-08-19 09:02,有価証券届出書（内国投資信託受益証券）,,,,,,,0,0,0,1,1,1,0,1
2026-08-21T20:22:59+00:00,2026-08-19,16,S100YWST,E12441,,3010001062358,ＳＢＩ岡三アセットマネジメント株式会社,G15995,030,04A001,040,,,2026-08-19 09:02,訂正有価証券届出書（内国投資信託受益証券）,,,,,S100YRDV,,0,0,0,1,1,0,0,1
2026-08-21T20:22:59+00:00,2026-08-19,17,S100YWSV,E12481,,1010401025734,フィデリティ投信株式会社,G12733,030,04A000,030,,,2026-08-19 09:02,有価証券届出書（内国投資信託受益証券）,,,,,,,0,0,0,1,1,1,0,1
2026-08-21T20:22:59+00:00,2026-08-19,20,S100YX3B,E12481,,1010401025734,フィデリティ投信株式会社,G12732,030,04A000,030,,,2026-08-19 09:02,有価証券届出書（内国投資信託受益証券）,,,,,,,0,0,0,1,1,1,0,1
2026-08-21T20:22:59+00:00,2026-08-19,13,S100YRGY,E30689,,4010001158535,あおぞら投信株式会社,G14655,030,995000,180,,,2026-08-19 09:01,臨時報告書（内国特定有価証券）,,,,第29条第2項第14号,,,0,0,0,1,1,0,0,1
2026-08-21T20:22:59+00:00,2026-08-19,12,S100YTEY,E08957,,4010401049128,三井住友ＤＳアセットマネジメント株式会社,G13300,030,07A000,120,2025-11-26,2026-05-22,2026-08-19 09:01,有価証券報告書（内国投資信託受益証券）－第28期(2025/11/26－2026/05/22),,,,,,,0,0,0,1,1,1,0,1
2026-08-21T20:22:59+00:00,2026-08-19,14,S100YVYG,E10677,,9010001021473,アセットマネジメントＯｎｅ株式会社,G11960,030,07A000,120,2025-05-20,2026-05-19,2026-08-19 09:01,有価証券報告書（内国投資信託受益証券）－第55期(2025/05/20－2026/05/19),,,,,,,0,0,0,1,1,1,0,1
2026-08-21T20:22:59+00:00,2026-08-19,11,S100YWNY,E12481,,1010401025734,フィデリティ投信株式会社,G01833,030,07A000,120,2025-11-26,2026-05-22,2026-08-19 09:01,有価証券報告書（内国投資信託受益証券）－第43期(2025/11/26－2026/05/22),,,,,,,0,0,0,1,1,1,0,1
2026-08-21T20:22:59+00:00,2026-08-19,10,S100YXJV,E05713,38560,9010501023597,Ａｂａｌａｎｃｅ株式会社,,010,042200,135,,,2026-08-19 09:01,確認書,,,,,S100YXGU,,0,0,0,0,1,0,0,0
2026-08-21T20:22:59+00:00,2026-08-19,5,S100YRKM,E12460,,7010001054021,野村アセットマネジメント株式会社,G08755,030,07A000,120,2025-05-21,2026-05-20,2026-08-19 09:00,有価証券報告書（内国投資信託受益証券）－第14期(2025/05/21－2026/05/20),,,,,,,0,0,0,1,1,1,0,1
2026-08-21T20:22:59+00:00,2026-08-19,1,S100YRVP,E12460,,7010001054021,野村アセットマネジメント株式会社,G08756,030,07A000,120,2025-05-21,2026-05-20,2026-08-19 09:00,有価証券報告書（内国投資信託受益証券）－第14期(2025/05/21－2026/05/20),,,,,,,0,0,0,1,1,1,0,1
2026-08-21T20:22:59+00:00,2026-08-19,6,S100YRVQ,E12460,,7010001054021,野村アセットマネジメント株式会社,G08756,030,04A000,030,,,2026-08-19 09:00,有価証券届出書（内国投資信託受益証券）,,,,,,,0,0,0,1,1,1,0,1
2026-08-21T20:22:59+00:00,2026-08-19,8,S100YVH5,E10677,,9010001021473,アセットマネジメントＯｎｅ株式会社,G11806,030,10A000,160,2025-11-20,2026-11-19,2026-08-19 09:00,半期報告書（内国投資信託受益証券）－第65期(2025/11/20－2026/11/19),,,,,,,0,0,0,1,1,0,0,1
2026-08-21T20:22:59+00:00,2026-08-19,4,S100YWSU,E12481,,1010401025734,フィデリティ投信株式会社,G12733,030,07A000,120,2025-05-23,2026-05-22,2026-08-19 09:00,有価証券報告書（内国投資信託受益証券）－第9期(2025/05/23－2026/05/22),,,,,,,0,0,0,1,1,1,0,1
2026-08-21T20:22:59+00:00,2026-08-19,9,S100YWX9,E06748,,2010001049257,大和アセットマネジメント株式会社,G15662,030,995000,180,,,2026-08-19 09:00,臨時報告書（内国特定有価証券）,,,,第29条第2項第4号,,,0,0,0,1,1,0,0,1
2026-08-21T20:22:59+00:00,2026-08-19,3,S100YX38,E12481,,1010401025734,フィデリティ投信株式会社,G12732,030,07A000,120,2025-11-26,2026-05-22,2026-08-19 09:00,有価証券報告書（内国投資信託受益証券）－第17期(2025/11/26－2026/05/22),,,,,,,0,0,0,1,1,1,0,1
2026-08-21T20:22:59+00:00,2026-08-19,7,S100YX68,E38142,,,山本　浩司,,060,010002,350,,,2026-08-19 09:00,変更報告書,E37985,,,,,,0,0,0,1,1,0,0,1
2026-08-21T20:22:59+00:00,2026-08-19,2,S100YXJU,E05713,38560,9010501023597,Ａｂａｌａｎｃｅ株式会社,,010,042200,135,,,2026-08-19 09:00,確認書,,,,,S100YXE1,,0,0,0,0,1,0,0,0
2026-08-21T20:22:59+00:00,2026-08-18,191,S100YXGU,E05713,38560,9010501023597,Ａｂａｌａｎｃｅ株式会社,,010,043A01,170,,,2026-08-18 17:12,訂正半期報告書－第27期(2025/04/01－2026/03/31),,,,,S100XFGE,,0,0,0,1,1,0,0,1
2026-08-21T20:22:59+00:00,2026-08-18,190,S100YXBX,E39685,,1011001148909,グロースパートナーズ株式会社,,060,010002,350,,,2026-08-18 17:10,変更報告書,E33825,,,,S100VN4R,,0,0,0,1,1,1,0,1
2026-08-21T20:22:59+00:00,2026-08-18,189,S100YXIH,E05713,38560,9010501023597,Ａｂａｌａｎｃｅ株式会社,,010,042100,135,,,2026-08-18 17:08,確認書,,,,,S100YXE2,,0,0,0,0,1,0,0,0
2026-08-21T20:22:59+00:00,2026-08-18,188,S100YXEJ,E05713,38560,9010501023597,Ａｂａｌａｎｃｅ株式会社,,015,010001,236,,,2026-08-18 17:07,訂正内部統制報告書－第26期(2024/07/01－2025/03/31),,,,,S100W9AY,,0,0,0,1,1,0,0,1
2026-08-21T20:22:59+00:00,2026-08-18,187,S100YXE2,E05713,38560,9010501023597,Ａｂａｌａｎｃｅ株式会社,,010,030001,130,,,2026-08-18 17:06,訂正有価証券報告書－第26期(2024/07/01－2025/03/31),,,,,S100W9LG,,0,0,0,1,1,0,0,1
2026-08-21T20:22:59+00:00,2026-08-18,186,S100YXE1,E05713,38560,9010501023597,Ａｂａｌａｎｃｅ株式会社,,010,043A01,170,,,2026-08-18 17:02,訂正半期報告書－第26期(2024/07/01－2025/06/30),,,,,S100V338,,0,0,0,1,1,0,0,1
2026-08-21T20:22:59+00:00,2026-08-18,185,S100YXEI,E05713,38560,9010501023597,Ａｂａｌａｎｃｅ株式会社,,015,010001,236,,,2026-08-18 17:01,訂正内部統制報告書－第25期(2023/07/01－2024/06/30),,,,,S100UG5X,,0,0,0,1,1,0,0,1
2026-08-21T20:22:59+00:00,2026-08-18,184,S100YXIE,E05713,38560,9010501023597,Ａｂａｌａｎｃｅ株式会社,,010,042100,135,,,2026-08-18 17:00,確認書,,,,,S100YXDX,,0,0,0,0,1,0,0,0
2026-08-21T20:22:59+00:00,2026-08-18,183,S100YXDX,E05713,38560,9010501023597,Ａｂａｌａｎｃｅ株式会社,,010,030001,130,,,2026-08-18 16:59,訂正有価証券報告書－第25期(2023/07/01－2024/06/30),,,,,S100UG5V,,0,0,0,1,1,0,0,1
2026-08-21T20:22:59+00:00,2026-08-18,182,S100YXIB,E05713,38560,9010501023597,Ａｂａｌａｎｃｅ株式会社,,010,042300,135,,,2026-08-18 16:58,確認書,,,,,S100YXDW,,0,0,0,0,1,0,0,0
2026-08-21T20:22:59+00:00,2026-08-18,181,S100YXDW,E05713,38560,9010501023597,Ａｂａｌａｎｃｅ株式会社,,010,043001,150,,,2026-08-18 16:57,訂正四半期報告書－第25期第3四半期(2024/01/01－2024/03/31),,,,,S100TFGU,,0,0,0,1,1,0,0,1
2026-08-21T20:22:59+00:00,2026-08-18,180,S100YXI7,E05713,38560,9010501023597,Ａｂａｌａｎｃｅ株式会社,,010,042300,135,,,2026-08-18 16:56,確認書,,,,,S100YXDV,,0,0,0,0,1,0,0,0
2026-08-21T20:22:59+00:00,2026-08-18,178,S100YXDV,E05713,38560,9010501023597,Ａｂａｌａｎｃｅ株式会社,,010,043001,150,,,2026-08-18 16:54,訂正四半期報告書－第25期第2四半期(2023/10/01－2023/12/31),,,,,S100T187,,0,0,0,1,1,0,0,1
2026-08-21T20:22:59+00:00,2026-08-18,179,S100YXHK,E37907,,,カナメ・キャピタル・エルピー（Ｋａｎａｍｅ　Ｃａｐｉｔａｌ，Ｌ．Ｐ．）,,060,090001,360,,,2026-08-18 16:54,訂正報告書（大量保有報告書・変更報告書）,E05149,,,,S100YXAE,,0,0,0,1,1,0,0,1
2026-08-21T20:22:59+00:00,2026-08-18,177,S100YXHT,E05713,38560,9010501023597,Ａｂａｌａｎｃｅ株式会社,,010,042300,135,,,2026-08-18 16:54,確認書,,,,,S100YXDT,,0,0,0,0,1,0,0,0
2026-08-21T20:22:59+00:00,2026-08-18,176,S100YXDT,E05713,38560,9010501023597,Ａｂａｌａｎｃｅ株式会社,,010,043001,150,,,2026-08-18 16:52,訂正四半期報告書－第25期第1四半期(2023/07/01－2023/09/30),,,,,S100S8MS,,0,0,0,1,1,0,0,1
2026-08-21T20:22:59+00:00,2026-08-18,174,S100YXGI,E30539,,6010401101241,Ｚ　Ｖｅｎｔｕｒｅ　Ｃａｐｉｔａｌ株式会社,,060,010002,350,,,2026-08-18 16:52,変更報告書,E37105,,,,,,0,0,0,1,1,0,0,1
2026-08-21T20:22:59+00:00,2026-08-18,175,S100YXGL,E00846,58160,6120001011879,オーナンバ株式会社,,010,053000,180,,,2026-08-18 16:52,臨時報告書,,,,第19条第2項第6号,,,0,0,0,1,1,0,0,1
2026-08-21T20:22:59+00:00,2026-08-18,173,S100YXHR,E05713,38560,9010501023597,Ａｂａｌａｎｃｅ株式会社,,010,042100,135,,,2026-08-18 16:52,確認書,,,,,S100YXDQ,,0,0,0,0,1,0,0,0
2026-08-21T20:22:59+00:00,2026-08-18,172,S100YXDQ,E05713,38560,9010501023597,Ａｂａｌａｎｃｅ株式会社,,010,030001,130,,,2026-08-18 16:50,訂正有価証券報告書－第24期(2022/07/01－2023/06/30),,,,,S100RXA3,,0,0,0,1,1,0,0,1
2026-08-21T20:22:59+00:00,2026-08-18,171,S100YXDN,E05713,38560,9010501023597,Ａｂａｌａｎｃｅ株式会社,,010,043001,150,,,2026-08-18 16:47,訂正四半期報告書－第24期第3四半期(2023/01/01－2023/03/31),,,,,S100QQAI,,0,0,0,1,1,0,0,1
2026-08-21T20:22:59+00:00,2026-08-18,169,S100YXGY,E36708,40740,4010401134301,株式会社ラキール,,010,053000,180,,,2026-08-18 16:46,臨時報告書,,,,"第19条第2項第12号,第19条第2項第19号",,,0,0,0,1,1,0,0,1
2026-08-21T20:22:59+00:00,2026-08-18,170,S100YXH3,E01735,62540,2021001020322,野村マイクロ・サイエンス株式会社,,010,053001,190,,,2026-08-18 16:46,訂正臨時報告書,,,,第19条第2項第2号の2,S100YQP2,,0,0,0,1,1,0,0,1
2026-08-21T20:22:59+00:00,2026-08-18,168,S100YXDL,E05713,38560,9010501023597,Ａｂａｌａｎｃｅ株式会社,,010,043001,150,,,2026-08-18 16:44,訂正四半期報告書－第24期第2四半期(2022/10/01－2022/12/31),,,,,S100Q8G5,,0,0,0,1,1,0,0,1
2026-08-21T20:22:59+00:00,2026-08-18,167,S100YXEF,E05713,38560,9010501023597,Ａｂａｌａｎｃｅ株式会社,,015,010001,236,,,2026-08-18 16:44,訂正内部統制報告書－第24期(2023/09/27－2023/09/27),,,,,S100RXB7,,0,0,0,1,1,0,0,1
2026-08-21T20:22:59+00:00,2026-08-18,166,S100YXHF,E05678,38440,3010701015193,コムチュア株式会社,,010,053000,180,,,2026-08-18 16:41,臨時報告書,,,,第19条第2項第4号,,,0,0,0,1,1,0,0,1
2026-08-21T20:22:59+00:00,2026-08-18,165,S100YXHI,E42064,,3010001266272,ＳＫ－０３株式会社,,040,020001,250,,,2026-08-18 16:39,訂正公開買付届出書,,E05233,,,S100YUXZ,,0,0,0,1,1,0,0,1
2026-08-21T20:22:59+00:00,2026-08-18,164,S100YXDK,E05713,38560,9010501023597,Ａｂａｌａｎｃｅ株式会社,,010,043001,150,,,2026-08-18 16:38,訂正四半期報告書－第24期第1四半期(2022/07/01－2022/09/30),,,,,S100PMFJ,,0,0,0,1,1,0,0,1
2026-08-21T20:22:59+00:00,2026-08-18,163,S100YXED,E05713,38560,9010501023597,Ａｂａｌａｎｃｅ株式会社,,015,010001,236,,,2026-08-18 16:37,訂正内部統制報告書－第23期(2021/07/01－2022/06/30),,,,,S100P9KH,,0,0,0,1,1,0,0,1
2026-08-21T20:22:59+00:00,2026-08-18,162,S100YXHJ,E05713,38560,9010501023597,Ａｂａｌａｎｃｅ株式会社,,010,042100,135,,,2026-08-18 16:36,確認書,,,,,S100YXDH,,0,0,0,0,1,0,0,0
2026-08-21T20:22:59+00:00,2026-08-18,161,S100YXDH,E05713,38560,9010501023597,Ａｂａｌａｎｃｅ株式会社,,010,030001,130,,,2026-08-18 16:34,訂正有価証券報告書－第23期(2021/07/01－2022/06/30),,,,,S100P9JW,,0,0,0,1,1,0,0,1
2026-08-21T20:22:59+00:00,2026-08-18,160,S100YXHD,E38969,92370,9120001146301,株式会社笑美面,,010,053000,180,,,2026-08-18 16:33,臨時報告書,,,,第19条第2項第7号,,,0,0,0,1,1,0,0,1
2026-08-21T20:22:59+00:00,2026-08-18,158,S100YXDF,E05713,38560,9010501023597,Ａｂａｌａｎｃｅ株式会社,,010,043001,150,,,2026-08-18 16:26,訂正四半期報告書－第23期第3四半期(2022/01/01－2022/03/31),,,,,S100O2E0,,0,0,0,1,1,0,0,1
2026-08-21T20:22:59+00:00,2026-08-18,157,S100YXDD,E05713,38560,9010501023597,Ａｂａｌａｎｃｅ株式会社,,010,043001,150,,,2026-08-18 16:24,訂正四半期報告書－第23期第2四半期(2021/10/01－2021/12/31),,,,,S100NHWN,,0,0,0,1,1,0,0,1
2026-08-21T20:22:59+00:00,2026-08-18,156,S100YXDC,E05713,38560,9010501023597,Ａｂａｌａｎｃｅ株式会社,,010,043001,150,,,2026-08-18 16:19,訂正四半期報告書－第23期第1四半期(2021/07/01－2021/09/30),,,,,S100MVQH,,0,0,0,1,1,0,0,1
2026-08-21T20:22:59+00:00,2026-08-18,154,S100YX94,E11161,,5010701017007,スパークス・アセット・マネジメント株式会社,,060,030000,350,,,2026-08-18 16:12,大量保有報告書（特例対象株券等）,E40439,,,,,,0,0,0,1,1,0,0,1
2026-08-21T20:22:59+00:00,2026-08-18,155,S100YXEB,E05713,38560,9010501023597,Ａｂａｌａｎｃｅ株式会社,,015,010001,236,,,2026-08-18 16:12,訂正内部統制報告書－第22期(2020/07/01－2021/06/30),,,,,S100MICM,,0,0,0,1,1,0,0,1
2026-08-21T20:22:59+00:00,2026-08-18,153,S100YXH5,E05713,38560,9010501023597,Ａｂａｌａｎｃｅ株式会社,,010,042100,135,,,2026-08-18 16:11,確認書,,,,,S100YXD8,,0,0,0,0,1,0,0,0
2026-08-21T20:22:59+00:00,2026-08-18,151,S100YXD8,E05713,38560,9010501023597,Ａｂａｌａｎｃｅ株式会社,,010,030001,130,,,2026-08-18 16:08,訂正有価証券報告書－第22期(2020/07/01－2021/06/30),,,,,S100MICD,,0,0,0,1,1,0,0,1
2026-08-21T20:22:59+00:00,2026-08-18,152,S100YXH2,E41934,,5010001265801,Ｕｒｓａ４株式会社,,060,010002,350,,,2026-08-18 16:08,変更報告書,E25148,,,,S100YTLR,,0,0,0,1,1,0,0,1
2026-08-21T20:22:59+00:00,2026-08-18,150,S100YXBO,E00873,34020,5010001034867,東レ株式会社,,010,113001,090,,,2026-08-18 16:06,訂正発行登録書,,,,,S100WQN5,,0,0,0,0,1,0,0,0
2026-08-21T20:22:59+00:00,2026-08-18,149,S100YWZ9,E31883,,,Ｏａｓｉｓ　Ｍａｎａｇｅｍｅｎｔ　Ｃｏｍｐａｎｙ　Ｌｔｄ．,,060,010002,350,,,2026-08-18 16:05,変更報告書,E05425,,,,,,0,0,0,1,1,1,0,1
2026-08-21T20:22:59+00:00,2026-08-18,148,S100YXD7,E05713,38560,9010501023597,Ａｂａｌａｎｃｅ株式会社,,010,043001,150,,,2026-08-18 16:04,訂正四半期報告書－第22期第3四半期(2021/01/01－2021/03/31),,,,,S100LCI3,,0,0,0,1,1,0,0,1
2026-08-21T20:22:59+00:00,2026-08-18,147,S100YXBI,E04917,,2010501012160,株式会社Ｃ＆Ｉ　Ｈｏｌｄｉｎｇｓ,,060,020002,350,,,2026-08-18 16:02,変更報告書（短期大量譲渡）,E00784,,,,S100YRU2,,0,0,0,1,1,1,0,1
2026-08-21T20:22:59+00:00,2026-08-18,146,S100YXFU,E05315,23380,2011101046458,クオンタムソリューションズ株式会社,,010,023001,040,,,2026-08-18 16:01,訂正有価証券届出書（参照方式）,,,,,S100YVBC,,0,0,0,1,1,0,0,1
2026-08-21T20:22:59+00:00,2026-08-18,145,S100YXGQ,E05303,23260,3010001096117,デジタルアーツ株式会社,,010,170000,220,,,2026-08-18 16:01,自己株券買付状況報告書（法２４条の６第１項に基づくもの）,,,,,,,0,0,0,1,1,0,0,1
2026-08-21T20:22:59+00:00,2026-08-18,144,S100YXF6,E00873,34020,5010001034867,東レ株式会社,,010,053001,190,,,2026-08-18 16:00,訂正臨時報告書,,,,第19条第2項第2号の2,S100YUL2,,0,0,0,1,1,0,0,1
2026-08-21T20:22:59+00:00,2026-08-18,143,S100YRMI,E12390,,,藤澤　信義,,060,010002,350,,,2026-08-18 15:59,変更報告書,E03724,,,,,,0,0,0,1,1,1,0,1
2026-08-21T20:22:59+00:00,2026-08-18,142,S100YXD6,E05713,38560,9010501023597,Ａｂａｌａｎｃｅ株式会社,,010,043001,150,,,2026-08-18 15:59,訂正四半期報告書－第22期第2四半期(2020/10/01－2020/12/31),,,,,S100KTFY,,0,0,0,1,1,0,0,1
2026-08-21T20:22:59+00:00,2026-08-18,141,S100YX8C,E24129,31600,6200001013834,株式会社大光,,015,010000,235,,,2026-08-18 15:52,内部統制報告書－第76期(2025/06/01－2026/05/31),,,,,,,0,0,0,1,1,0,0,1
2026-08-21T20:22:59+00:00,2026-08-18,139,S100YX89,E24129,31600,6200001013834,株式会社大光,,010,042000,135,,,2026-08-18 15:50,確認書,,,,,,,0,0,0,0,1,0,0,0
2026-08-21T20:22:59+00:00,2026-08-18,138,S100YXD3,E05713,38560,9010501023597,Ａｂａｌａｎｃｅ株式会社,,010,043001,150,,,2026-08-18 15:50,訂正四半期報告書－第22期第1四半期(2020/07/01－2020/09/30),,,,,S100K6R4,,0,0,0,1,1,0,0,1
2026-08-21T20:22:59+00:00,2026-08-18,140,S100YXGT,E37067,,,ピルグリム・パートナーズ・アジア・ピーティーイー・エルティーディー,,060,010002,350,,,2026-08-18 15:50,変更報告書,E37198,,,,S100Y5LF,,0,0,0,1,1,1,0,1
2026-08-21T20:22:59+00:00,2026-08-18,137,S100YX88,E24129,31600,6200001013834,株式会社大光,,010,030000,120,2025-06-01,2026-05-31,2026-08-18 15:49,有価証券報告書－第76期(2025/06/01－2026/05/31),,,,,,,0,0,0,1,1,1,0,1
2026-08-21T20:22:59+00:00,2026-08-18,136,S100YX8O,E42010,,,ＳＨＩＮ　ＪＵＮＧＨＯ,,060,010002,350,,,2026-08-18 15:41,変更報告書,E05584,,,,,,0,0,0,1,1,0,0,1
2026-08-21T20:22:59+00:00,2026-08-18,135,S100YXAD,E05379,27960,5011201003645,ファーマライズホールディングス株式会社,,010,053000,180,,,2026-08-18 15:40,臨時報告書,,,,第19条第2項第19号,,,0,0,0,1,1,0,0,1
2026-08-21T20:22:59+00:00,2026-08-18,134,S100YW32,E39020,,1011001143471,株式会社ＤＯＥ５パーセント,,060,010002,350,,,2026-08-18 15:37,変更報告書,E01405,,,,,,0,0,0,1,1,1,0,1
2026-08-21T20:22:59+00:00,2026-08-18,133,S100YXCN,E40713,,,ＡＸＩＵＭ　ＣＡＰＩＴＡＬ　ＰＴＥ．ＬＴＤ．,,060,010002,350,,,2026-08-18 15:36,変更報告書,E05233,,,,S100WW36,,0,0,0,1,1,1,0,1
2026-08-21T20:22:59+00:00,2026-08-18,132,S100YW6W,E35813,,8010001153111,エンデバー・ユナイテッド株式会社,,060,010002,350,,,2026-08-18 15:35,変更報告書,E00839,,,,,,0,0,0,1,1,0,0,1
2026-08-21T20:22:59+00:00,2026-08-18,131,S100YXAT,E36859,42640,5011101040334,株式会社セキュア,,010,053000,180,,,2026-08-18 15:33,臨時報告書,,,,第19条第2項第2号の2,,,0,0,0,1,1,0,0,1
2026-08-21T20:22:59+00:00,2026-08-18,130,S100YROV,E02123,70030,9010001034946,株式会社三井Ｅ＆Ｓ,,010,110000,080,,,2026-08-18 15:31,発行登録書（株券､社債券等）,,,,,,,0,0,0,1,1,1,0,1
2026-08-21T20:22:59+00:00,2026-08-18,129,S100YXEL,E04317,93220,9140001012831,川西倉庫株式会社,,010,053000,180,,,2026-08-18 15:31,臨時報告書,,,,第19条第2項第2号の2,,,0,0,0,1,1,0,0,1
2026-08-21T20:22:59+00:00,2026-08-18,127,S100YXBM,E38412,,1120001164401,ａｋｉｐｐａ株式会社,,010,024000,030,,,2026-08-18 15:30,有価証券届出書（新規公開時）,,,,,,,0,0,0,1,1,1,0,1
2026-08-21T20:22:59+00:00,2026-08-18,128,S100YXF3,E38700,,,牧　寛之,,060,010002,350,,,2026-08-18 15:30,変更報告書,E03276,,,,S100WMN0,,0,0,0,1,1,0,0,1
2026-08-21T20:22:59+00:00,2026-08-18,126,S100YXGJ,E00558,33060,6230001008369,日本製麻株式会社,,010,053000,180,,,2026-08-18 15:20,臨時報告書,,,,第19条第2項第4号,,,0,0,0,1,1,0,0,1
2026-08-21T20:22:59+00:00,2026-08-18,125,S100YX6W,E12233,,6010001143246,株式会社フェニックス,,060,010002,350,,,2026-08-18 15:18,変更報告書,E05727,,,,S100Y33B,,0,0,0,1,1,1,0,1
2026-08-21T20:22:59+00:00,2026-08-18,124,S100YXG7,E03760,86130,1010001057236,丸三証券株式会社,,010,053001,190,,,2026-08-18 15:08,訂正臨時報告書,,,,第19条第2項第2号の2,S100YTJS,,0,0,0,1,1,0,0,1
2026-08-21T20:22:59+00:00,2026-08-18,122,S100YX7E,E01913,64440,5070001013386,サンデン株式会社,,010,023001,040,,,2026-08-18 14:30,訂正有価証券届出書（参照方式）,,,,,S100YV2L,,0,0,0,1,1,0,0,1
2026-08-21T20:22:59+00:00,2026-08-18,121,S100YXFN,E38128,,7120002057730,株式会社アダチメディカルレンタルリース,,060,090001,360,,,2026-08-18 14:12,訂正報告書（大量保有報告書・変更報告書）,E00664,,,,S100YVNA,,0,0,0,1,1,0,0,1
2026-08-21T20:22:59+00:00,2026-08-18,120,S100YV0T,E42103,,,不二ラテックス共栄会　理事長　長谷川　英之,,060,090001,360,,,2026-08-18 14:03,訂正報告書（大量保有報告書・変更報告書）,E01109,,,,S100YTPK,,0,0,0,1,1,0,0,1
2026-08-21T20:22:59+00:00,2026-08-18,119,S100YX9C,E26362,,,エヌビディアコーポレーション,,010,102100,180,,,2026-08-18 14:00,外国会社臨時報告書,,,,,,,0,0,0,0,1,1,1,0
2026-08-21T20:22:59+00:00,2026-08-18,118,S100YXBD,E01913,64440,5070001013386,サンデン株式会社,,010,053000,180,,,2026-08-18 14:00,臨時報告書,,,,"第19条第2項第12号,第19条第2項第19号",,,0,0,0,1,1,0,0,1
2026-08-21T20:22:59+00:00,2026-08-18,117,S100YUZD,E38326,,,不二ラテックス共栄会　理事長　田中　眞介,,060,090001,360,,,2026-08-18 13:48,訂正報告書（大量保有報告書・変更報告書）,E01109,,,,S100YTOO,,0,0,0,1,1,0,0,1
2026-08-21T20:22:59+00:00,2026-08-18,116,S100YXF7,E04857,96860,8120001039200,東洋テック株式会社,,010,042100,135,,,2026-08-18 13:30,確認書,,,,,S100YXF2,,0,0,0,0,1,0,0,0
2026-08-21T20:22:59+00:00,2026-08-18,115,S100YXF4,E05274,43500,6430001025872,株式会社　メディカルシステムネットワーク,,010,042100,135,,,2026-08-18 13:29,確認書,,,,,S100YX7Q,,0,0,0,0,1,0,0,0
2026-08-21T20:22:59+00:00,2026-08-18,114,S100YXF2,E04857,96860,8120001039200,東洋テック株式会社,,010,030001,130,,,2026-08-18 13:25,訂正有価証券報告書－第62期(2025/04/01－2026/03/31),,,,,S100YCTH,,0,0,0,1,1,0,0,1
2026-08-21T20:22:59+00:00,2026-08-18,113,S100YX7Q,E05274,43500,6430001025872,株式会社　メディカルシステムネットワーク,,010,030001,130,,,2026-08-18 13:18,訂正有価証券報告書－第28期(2025/04/01－2026/03/31),,,,,S100YDT5,,0,0,0,1,1,0,0,1
2026-08-21T20:22:59+00:00,2026-08-18,112,S100YWG1,E06854,,,福島　裕,,060,010002,350,,,2026-08-18 12:49,変更報告書,E02006,,,,,,0,0,0,1,1,1,0,1
2026-08-21T20:22:59+00:00,2026-08-18,111,S100YXEN,E40648,367A0,2010001214496,プリモグローバルホールディングス株式会社,,010,053000,180,,,2026-08-18 12:31,臨時報告書,,,,第19条第2項第12号,,,0,0,0,1,1,0,0,1
2026-08-21T20:22:59+00:00,2026-08-18,110,S100YXCZ,E42119,,,Ｓｉｔｕａｔｉｏｎａｌ　Ａｗａｒｅｎｅｓｓ　ＬＰ,,060,090001,360,,,2026-08-18 12:08,訂正報告書（大量保有報告書・変更報告書）,E01824,,,,S100YW5A,,0,0,0,1,1,0,0,1
2026-08-21T20:22:59+00:00,2026-08-18,109,S100YSKL,E26195,,,松﨑　隆司,,060,010002,350,,,2026-08-18 11:48,変更報告書,E26086,,,,,,0,0,0,1,1,1,0,1
2026-08-21T20:22:59+00:00,2026-08-18,108,S100YXAG,E34843,,3011603002032,株式会社あっとプラニング,,060,010002,350,,,2026-08-18 11:39,変更報告書,E34722,,,,,,0,0,0,1,1,0,0,1
2026-08-21T20:22:59+00:00,2026-08-18,106,S100YX9F,E02513,80310,1010001008767,三井物産株式会社,,010,110000,080,,,2026-08-18 11:30,発行登録書（株券､社債券等）,,,,,,,0,0,0,1,1,1,0,1
2026-08-21T20:22:59+00:00,2026-08-18,107,S100YXCM,E11943,,,Ｅｖｏ　Ｆｕｎｄ,,060,010002,350,,,2026-08-18 11:30,変更報告書,E35518,,,,S100YEWZ,,0,0,0,1,1,1,0,1
2026-08-21T20:22:59+00:00,2026-08-18,105,S100YX7H,E11943,,,Ｅｖｏ　Ｆｕｎｄ,,060,010002,350,,,2026-08-18 11:13,変更報告書,E36860,,,,S100YRDZ,,0,0,0,1,1,1,0,1
2026-08-21T20:22:59+00:00,2026-08-18,104,S100YVVG,E27604,,8240002017325,山西ワールド株式会社,,060,090001,360,,,2026-08-18 11:12,訂正報告書（大量保有報告書・変更報告書）,E03068,,,,S100YN37,,0,0,0,1,1,1,0,1
2026-08-21T20:22:59+00:00,2026-08-18,103,S100YXCW,E42125,,,樺澤　由加利,,060,010000,350,,,2026-08-18 11:09,大量保有報告書,E36421,,,,,,0,0,0,1,1,0,0,1
2026-08-21T20:22:59+00:00,2026-08-18,102,S100YSKP,E25056,,8020001033576,株式会社前田計画研究所,,060,010000,350,,,2026-08-18 11:02,大量保有報告書,E05215,,,,,,0,2,0,1,1,1,0,1
2026-08-21T20:22:59+00:00,2026-08-18,192,S100YSKP,E25056,,8020001033576,株式会社前田計画研究所,,060,010002,350,,,2026-08-18 11:02,変更報告書,E05215,,,,,2026-08-18 17:28,0,1,0,1,1,1,0,1
2026-08-21T20:22:59+00:00,2026-08-18,101,S100YX31,E04514,95310,6010401020516,東京瓦斯株式会社,,010,110000,080,,,2026-08-18 11:00,発行登録書（株券､社債券等）,,,,,,,0,0,0,1,1,1,0,1
2026-08-21T20:22:59+00:00,2026-08-18,100,S100YXDU,E42077,,,全共連第５回劣後ローン流動化株式会社,G16003,030,052001,040,,,2026-08-18 11:00,訂正有価証券届出書（内国資産流動化証券）,,,,,S100YUNO,,0,0,0,0,1,0,0,0
2026-08-21T20:22:59+00:00,2026-08-18,99,S100YXBR,E15244,,,ナティクシス,,010,150003,100,,,2026-08-18 10:58,発行登録追補書類,,,,,S100Y73G,,0,0,0,0,1,1,0,0
2026-08-21T20:22:59+00:00,2026-08-18,98,S100YS9V,E08292,,,前田眞也,,060,010002,350,,,2026-08-18 10:57,変更報告書,E05215,,,,,,0,0,0,1,1,1,0,1
2026-08-21T20:22:59+00:00,2026-08-18,97,S100YWE0,E03606,83060,4010001073486,株式会社三菱ＵＦＪフィナンシャル・グループ,,060,030002,350,,,2026-08-18 10:53,変更報告書（特例対象株券等）,E13448,,,,,,0,0,0,1,1,1,0,1
2026-08-21T20:22:59+00:00,2026-08-18,96,S100YWDZ,E03606,83060,4010001073486,株式会社三菱ＵＦＪフィナンシャル・グループ,,060,030002,350,,,2026-08-18 10:50,変更報告書（特例対象株券等）,E13410,,,,,,0,0,0,1,1,1,0,1
2026-08-21T20:22:59+00:00,2026-08-18,95,S100YWDY,E03606,83060,4010001073486,株式会社三菱ＵＦＪフィナンシャル・グループ,,060,030002,350,,,2026-08-18 10:47,変更報告書（特例対象株券等）,E13205,,,,,,0,0,0,1,1,1,0,1
2026-08-21T20:22:59+00:00,2026-08-18,94,S100YWDW,E03606,83060,4010001073486,株式会社三菱ＵＦＪフィナンシャル・グループ,,060,030002,350,,,2026-08-18 10:45,変更報告書（特例対象株券等）,E02265,,,,,,0,0,0,1,1,1,0,1
2026-08-21T20:22:59+00:00,2026-08-18,93,S100YWDV,E03606,83060,4010001073486,株式会社三菱ＵＦＪフィナンシャル・グループ,,060,030002,350,,,2026-08-18 10:41,変更報告書（特例対象株券等）,E02043,,,,,,0,0,0,1,1,1,0,1
2026-08-21T20:22:59+00:00,2026-08-18,90,S100YWDT,E03606,83060,4010001073486,株式会社三菱ＵＦＪフィナンシャル・グループ,,060,030000,350,,,2026-08-18 10:33,大量保有報告書（特例対象株券等）,E34083,,,,,,0,0,0,1,1,1,0,1
2026-08-21T20:22:59+00:00,2026-08-18,89,S100YVV0,E27592,,8240001005792,第一不動産株式会社,,060,090001,360,,,2026-08-18 10:32,訂正報告書（大量保有報告書・変更報告書）,E03068,,,,S100YMNT,,0,0,0,1,1,1,0,1
2026-08-21T20:22:59+00:00,2026-08-18,88,S100YX49,E05031,,8010601027383,トヨタファイナンス株式会社,,010,120003,100,,,2026-08-18 10:08,発行登録追補書類（株券､社債券等）,,,,,S100VA8I,,0,0,0,1,1,1,0,1
2026-08-21T20:22:59+00:00,2026-08-18,87,S100YTMR,E06748,,2010001049257,大和アセットマネジメント株式会社,G15122,030,04A000,030,,,2026-08-18 10:07,有価証券届出書（内国投資信託受益証券）,,,,,,,0,0,0,1,1,1,0,1
2026-08-21T20:22:59+00:00,2026-08-18,86,S100YTMQ,E06748,,2010001049257,大和アセットマネジメント株式会社,G15122,030,07A000,120,2025-11-26,2026-05-25,2026-08-18 10:03,有価証券報告書（内国投資信託受益証券）－第5期(2025/11/26－2026/05/25),,,,,,,0,0,0,1,1,1,0,1
2026-08-21T20:22:59+00:00,2026-08-18,85,S100YTMP,E06748,,2010001049257,大和アセットマネジメント株式会社,G15121,030,04A000,030,,,2026-08-18 10:01,有価証券届出書（内国投資信託受益証券）,,,,,,,0,0,0,1,1,1,0,1
2026-08-21T20:22:59+00:00,2026-08-18,84,S100YTMN,E06748,,2010001049257,大和アセットマネジメント株式会社,G15121,030,07A000,120,2025-11-26,2026-05-25,2026-08-18 09:58,有価証券報告書（内国投資信託受益証券）－第5期(2025/11/26－2026/05/25),,,,,,,0,0,0,1,1,1,0,1
2026-08-21T20:22:59+00:00,2026-08-18,83,S100YTML,E06748,,2010001049257,大和アセットマネジメント株式会社,G14852,030,04A000,030,,,2026-08-18 09:53,有価証券届出書（内国投資信託受益証券）,,,,,,,0,0,0,1,1,1,0,1
2026-08-21T20:22:59+00:00,2026-08-18,82,S100YTMI,E06748,,2010001049257,大和アセットマネジメント株式会社,G14852,030,07A000,120,2025-11-26,2026-05-25,2026-08-18 09:51,有価証券報告書（内国投資信託受益証券）－第6期(2025/11/26－2026/05/25),,,,,,,0,0,0,1,1,1,0,1
2026-08-21T20:22:59+00:00,2026-08-18,80,S100YXBT,E03810,,6010001074037,野村證券株式会社,,060,010002,350,,,2026-08-18 09:50,変更報告書,E01162,,,,S100YURJ,,0,0,0,1,1,1,0,1
2026-08-21T20:22:59+00:00,2026-08-18,79,S100YTMH,E06748,,2010001049257,大和アセットマネジメント株式会社,G14851,030,04A000,030,,,2026-08-18 09:49,有価証券届出書（内国投資信託受益証券）,,,,,,,0,0,0,1,1,1,0,1
2026-08-21T20:22:59+00:00,2026-08-18,78,S100YTMF,E06748,,2010001049257,大和アセットマネジメント株式会社,G14851,030,07A000,120,2025-11-26,2026-05-25,2026-08-18 09:47,有価証券報告書（内国投資信託受益証券）－第6期(2025/11/26－2026/05/25),,,,,,,0,0,0,1,1,1,0,1
2026-08-21T20:22:59+00:00,2026-08-18,77,S100YXCK,E05481,94250,2120001072917,ＲｅＹｕｕ　Ｊａｐａｎ株式会社,,010,053000,180,,,2026-08-18 09:46,臨時報告書,,,,第19条第2項第8号の2,,,0,0,0,1,1,0,0,1
2026-08-21T20:22:59+00:00,2026-08-18,76,S100YT6H,E06748,,2010001049257,大和アセットマネジメント株式会社,G13975,030,04A000,030,,,2026-08-18 09:44,有価証券届出書（内国投資信託受益証券）,,,,,,,0,0,0,1,1,1,0,1
2026-08-21T20:22:59+00:00,2026-08-18,75,S100YT6E,E06748,,2010001049257,大和アセットマネジメント株式会社,G13975,030,07A000,120,2025-11-26,2026-05-25,2026-08-18 09:40,有価証券報告書（内国投資信託受益証券）－第11期(2025/11/26－2026/05/25),,,,,,,0,0,0,1,1,1,0,1
2026-08-21T20:22:59+00:00,2026-08-18,74,S100YT6A,E06748,,2010001049257,大和アセットマネジメント株式会社,G12373,030,04A000,030,,,2026-08-18 09:36,有価証券届出書（内国投資信託受益証券）,,,,,,,0,0,0,1,1,1,0,1
2026-08-21T20:22:59+00:00,2026-08-18,73,S100YT64,E06748,,2010001049257,大和アセットマネジメント株式会社,G12373,030,07A000,120,2025-11-26,2026-05-25,2026-08-18 09:28,有価証券報告書（内国投資信託受益証券）－第19期(2025/11/26－2026/05/25),,,,,,,0,0,0,1,1,1,0,1
2026-08-21T20:22:59+00:00,2026-08-18,72,S100YAC0,E12430,,8010401072159,アモーヴァ・アセットマネジメント株式会社,G15222,030,04A000,030,,,2026-08-18 09:24,有価証券届出書（内国投資信託受益証券）,,,,,,,0,0,0,1,1,1,0,1
2026-08-21T20:22:59+00:00,2026-08-18,71,S100YAC2,E12430,,8010401072159,アモーヴァ・アセットマネジメント株式会社,G15222,030,07A000,120,2025-05-17,2026-05-18,2026-08-18 09:23,有価証券報告書（内国投資信託受益証券）－第2期(2025/05/17－2026/05/18),,,,,,,0,0,0,1,1,1,0,1
2026-08-21T20:22:59+00:00,2026-08-18,70,S100YABX,E12430,,8010401072159,アモーヴァ・アセットマネジメント株式会社,G14820,030,04A000,030,,,2026-08-18 09:22,有価証券届出書（内国投資信託受益証券）,,,,,,,0,0,0,1,1,1,0,1
2026-08-21T20:22:59+00:00,2026-08-18,69,S100YO6C,E12460,,7010001054021,野村アセットマネジメント株式会社,G02612,030,10A000,160,2025-11-20,2026-11-19,2026-08-18 09:22,半期報告書（内国投資信託受益証券）－第65期(2025/11/20－2026/11/19),,,,,,,0,0,0,1,1,0,0,1
2026-08-21T20:22:59+00:00,2026-08-18,68,S100YABY,E12430,,8010401072159,アモーヴァ・アセットマネジメント株式会社,G14820,030,07A000,120,2025-05-17,2026-05-18,2026-08-18 09:21,有価証券報告書（内国投資信託受益証券）－第3期(2025/05/17－2026/05/18),,,,,,,0,0,0,1,1,1,0,1
2026-08-21T20:22:59+00:00,2026-08-18,67,S100YO64,E12460,,7010001054021,野村アセットマネジメント株式会社,G02779,030,07A000,120,2025-05-20,2026-05-19,2026-08-18 09:21,有価証券報告書（内国投資信託受益証券）－第65期(2025/05/20－2026/05/19),,,,,,,0,0,0,1,1,1,0,1
2026-08-21T20:22:59+00:00,2026-08-18,66,S100YABV,E12430,,8010401072159,アモーヴァ・アセットマネジメント株式会社,G14819,030,04A000,030,,,2026-08-18 09:20,有価証券届出書（内国投資信託受益証券）,,,,,,,0,0,0,1,1,1,0,1
2026-08-21T20:22:59+00:00,2026-08-18,64,S100YABR,E12430,,8010401072159,アモーヴァ・アセットマネジメント株式会社,G13796,030,04A000,030,,,2026-08-18 09:19,有価証券届出書（内国投資信託受益証券）,,,,,,,0,0,0,1,1,1,0,1
2026-08-21T20:22:59+00:00,2026-08-18,65,S100YABW,E12430,,8010401072159,アモーヴァ・アセットマネジメント株式会社,G14819,030,07A000,120,2025-05-17,2026-05-18,2026-08-18 09:19,有価証券報告書（内国投資信託受益証券）－第3期(2025/05/17－2026/05/18),,,,,,,0,0,0,1,1,1,0,1
2026-08-21T20:22:59+00:00,2026-08-18,63,S100YABT,E12430,,8010401072159,アモーヴァ・アセットマネジメント株式会社,G13796,030,07A000,120,2025-05-20,2026-05-18,2026-08-18 09:18,有価証券報告書（内国投資信託受益証券）－第6期(2025/05/20－2026/05/18),,,,,,,0,0,0,1,1,1,0,1
2026-08-21T20:22:59+00:00,2026-08-18,61,S100YABO,E12430,,8010401072159,アモーヴァ・アセットマネジメント株式会社,G07258,030,04A000,030,,,2026-08-18 09:17,有価証券届出書（内国投資信託受益証券）,,,,,,,0,0,0,1,1,1,0,1
2026-08-21T20:22:59+00:00,2026-08-18,62,S100YT21,E13343,,8010001040648,ＢＮＹメロン・インベストメント・マネジメント・ジャパン株式会社,G12959,030,04A000,030,,,2026-08-18 09:17,有価証券届出書（内国投資信託受益証券）,,,,,,,0,0,0,1,1,1,0,1
2026-08-21T20:22:59+00:00,2026-08-18,59,S100YABQ,E12430,,8010401072159,アモーヴァ・アセットマネジメント株式会社,G07258,030,10A000,160,2025-11-19,2026-11-18,2026-08-18 09:16,半期報告書（内国投資信託受益証券）－第18期(2025/11/19－2026/11/18),,,,,,,0,0,0,1,1,0,0,1
2026-08-21T20:22:59+00:00,2026-08-18,60,S100YT23,E13343,,8010001040648,ＢＮＹメロン・インベストメント・マネジメント・ジャパン株式会社,G12959,030,07A000,120,2025-05-20,2026-05-18,2026-08-18 09:16,有価証券報告書（内国投資信託受益証券）－第8期(2025/05/20－2026/05/18),,,,,,,0,0,0,1,1,1,0,1
2026-08-21T20:22:59+00:00,2026-08-18,57,S100YABJ,E12430,,8010401072159,アモーヴァ・アセットマネジメント株式会社,G04959,030,04A000,030,,,2026-08-18 09:15,有価証券届出書（内国投資信託受益証券）,,,,,,,0,0,0,1,1,1,0,1
2026-08-21T20:22:59+00:00,2026-08-18,58,S100YRL3,E20484,,1010001044390,三光起業株式会社,,060,010002,350,,,2026-08-18 09:15,変更報告書,E02280,,,,,,0,0,0,1,1,1,0,1
2026-08-21T20:22:59+00:00,2026-08-18,56,S100YSJ8,E13343,,8010001040648,ＢＮＹメロン・インベストメント・マネジメント・ジャパン株式会社,G09246,030,04A000,030,,,2026-08-18 09:15,有価証券届出書（内国投資信託受益証券）,,,,,,,0,0,0,1,1,1,0,1
2026-08-21T20:22:59+00:00,2026-08-18,54,S100YW6U,E13447,,2010401045054,ＳＢＩアセットマネジメント株式会社,G15210,030,995000,180,,,2026-08-18 09:15,臨時報告書（内国特定有価証券）,,,,第29条第2項第4号,,,0,0,0,1,1,0,0,1
2026-08-21T20:22:59+00:00,2026-08-18,55,S100YWB8,E02512,80610,6010001008696,西華産業株式会社,,060,010002,350,,,2026-08-18 09:15,変更報告書,E02527,,,,,,0,0,0,1,1,0,0,1
2026-08-21T20:22:59+00:00,2026-08-18,52,S100YABL,E12430,,8010401072159,アモーヴァ・アセットマネジメント株式会社,G04959,030,07A000,120,2025-11-18,2026-05-18,2026-08-18 09:14,有価証券報告書（内国投資信託受益証券）－第40期(2025/11/18－2026/05/18),,,,,,,0,0,0,1,1,1,0,1
2026-08-21T20:22:59+00:00,2026-08-18,53,S100YX8W,E34407,,,寺井　秀藏,,060,090001,360,,,2026-08-18 09:14,訂正報告書（大量保有報告書・変更報告書）,E02767,,,,S100YULV,,0,0,0,1,1,1,0,1
2026-08-21T20:22:59+00:00,2026-08-18,51,S100YABF,E12430,,8010401072159,アモーヴァ・アセットマネジメント株式会社,G04958,030,04A000,030,,,2026-08-18 09:13,有価証券届出書（内国投資信託受益証券）,,,,,,,0,0,0,1,1,1,0,1
2026-08-21T20:22:59+00:00,2026-08-18,50,S100YSJ7,E13343,,8010001040648,ＢＮＹメロン・インベストメント・マネジメント・ジャパン株式会社,G09246,030,07A000,120,2025-05-20,2026-05-18,2026-08-18 09:13,有価証券報告書（内国投資信託受益証券）－第13期(2025/05/20－2026/05/18),,,,,,,0,0,0,1,1,1,0,1
2026-08-21T20:22:59+00:00,2026-08-18,47,S100YABC,E12430,,8010401072159,アモーヴァ・アセットマネジメント株式会社,G04276,030,04A000,030,,,2026-08-18 09:12,有価証券届出書（内国投資信託受益証券）,,,,,,,0,0,0,1,1,1,0,1
2026-08-21T20:22:59+00:00,2026-08-18,49,S100YABG,E12430,,8010401072159,アモーヴァ・アセットマネジメント株式会社,G04958,030,07A000,120,2025-11-18,2026-05-18,2026-08-18 09:12,有価証券報告書（内国投資信託受益証券）－第40期(2025/11/18－2026/05/18),,,,,,,0,0,0,1,1,1,0,1
2026-08-21T20:22:59+00:00,2026-08-18,46,S100YVZF,E12481,,1010401025734,フィデリティ投信株式会社,G12950,030,04A000,030,,,2026-08-18 09:12,有価証券届出書（内国投資信託受益証券）,,,,,,,0,0,0,1,1,1,0,1
2026-08-21T20:22:59+00:00,2026-08-18,48,S100YXBL,E33821,,,森　新平,,060,090001,360,,,2026-08-18 09:12,訂正報告書（大量保有報告書・変更報告書）,E32405,,,,S100YSG8,,0,0,0,1,1,0,0,1
2026-08-21T20:22:59+00:00,2026-08-18,41,S100YABE,E12430,,8010401072159,アモーヴァ・アセットマネジメント株式会社,G04276,030,07A000,120,2025-11-19,2026-05-18,2026-08-18 09:11,有価証券報告書（内国投資信託受益証券）－第43期(2025/11/19－2026/05/18),,,,,,,0,0,0,1,1,1,0,1
2026-08-21T20:22:59+00:00,2026-08-18,43,S100YQLV,E11518,,9010001034450,三菱ＵＦＪアセットマネジメント株式会社,G02785,030,07A000,120,2025-05-20,2026-05-19,2026-08-18 09:11,有価証券報告書（内国投資信託受益証券）－第65期(2025/05/20－2026/05/19),,,,,,,0,0,0,1,1,1,0,1
2026-08-21T20:22:59+00:00,2026-08-18,42,S100YSJ6,E13343,,8010001040648,ＢＮＹメロン・インベストメント・マネジメント・ジャパン株式会社,G05719,030,04A000,030,,,2026-08-18 09:11,有価証券届出書（内国投資信託受益証券）,,,,,,,0,0,0,1,1,1,0,1
2026-08-21T20:22:59+00:00,2026-08-18,40,S100YTSR,E12453,,9010001025953,ニッセイアセットマネジメント株式会社,G14366,030,04A000,030,,,2026-08-18 09:11,有価証券届出書（内国投資信託受益証券）,,,,,,,0,0,0,1,1,1,0,1
2026-08-21T20:22:59+00:00,2026-08-18,45,S100YTX1,E06458,,6010001024529,ドイチェ・アセット・マネジメント株式会社,G04889,030,07A000,120,2025-11-19,2026-05-18,2026-08-18 09:11,有価証券報告書（内国投資信託受益証券）－第40期(2025/11/19－2026/05/18),,,,,,,0,0,0,1,1,1,0,1
2026-08-21T20:22:59+00:00,2026-08-18,44,S100YVHS,E06479,,7010401061146,インベスコ・アセット・マネジメント株式会社,G10690,030,07A000,120,2025-11-21,2026-05-20,2026-08-18 09:11,有価証券報告書（内国投資信託受益証券）－第23期(2025/11/21－2026/05/20),,,,,,,0,0,0,1,1,1,0,1
2026-08-21T20:22:59+00:00,2026-08-18,37,S100YSJ3,E13343,,8010001040648,ＢＮＹメロン・インベストメント・マネジメント・ジャパン株式会社,G05719,030,07A000,120,2025-05-20,2026-05-18,2026-08-18 09:10,有価証券報告書（内国投資信託受益証券）－第19期(2025/05/20－2026/05/18),,,,,,,0,0,0,1,1,1,0,1
2026-08-21T20:22:59+00:00,2026-08-18,36,S100YTT1,E12453,,9010001025953,ニッセイアセットマネジメント株式会社,G14366,030,07A000,120,2025-11-19,2026-05-18,2026-08-18 09:10,有価証券報告書（内国投資信託受益証券）－第9期(2025/11/19－2026/05/18),,,,,,,0,0,0,1,1,1,0,1
2026-08-21T20:22:59+00:00,2026-08-18,39,S100YVHN,E06479,,7010401061146,インベスコ・アセット・マネジメント株式会社,G10690,030,04A000,030,,,2026-08-18 09:10,有価証券届出書（内国投資信託受益証券）,,,,,,,0,0,0,1,1,1,0,1
2026-08-21T20:22:59+00:00,2026-08-18,38,S100YWEY,E12492,,3010001124868,ＨＳＢＣアセットマネジメント株式会社,G08048,030,995000,180,,,2026-08-18 09:10,臨時報告書（内国特定有価証券）,,,,第29条第2項第4号,,,0,0,0,1,1,0,0,1
2026-08-21T20:22:59+00:00,2026-08-18,34,S100YSJ2,E13343,,8010001040648,ＢＮＹメロン・インベストメント・マネジメント・ジャパン株式会社,G05366,030,04A000,030,,,2026-08-18 09:09,有価証券届出書（内国投資信託受益証券）,,,,,,,0,0,0,1,1,1,0,1
2026-08-21T20:22:59+00:00,2026-08-18,33,S100YTBV,E12444,,8010001114914,三井住友トラスト・アセットマネジメント株式会社,G08651,030,04A000,030,,,2026-08-18 09:09,有価証券届出書（内国投資信託受益証券）,,,,,,,0,0,0,1,1,1,0,1
2026-08-21T20:22:59+00:00,2026-08-18,32,S100YTSN,E12453,,9010001025953,ニッセイアセットマネジメント株式会社,G14365,030,04A000,030,,,2026-08-18 09:09,有価証券届出書（内国投資信託受益証券）,,,,,,,0,0,0,1,1,1,0,1
2026-08-21T20:22:59+00:00,2026-08-18,35,S100YVFE,E32011,,5010601048309,りそなアセットマネジメント株式会社,G16018,030,04A000,030,,,2026-08-18 09:09,有価証券届出書（内国投資信託受益証券）,,,,,,,0,0,0,1,1,1,0,1
2026-08-21T20:22:59+00:00,2026-08-18,31,S100YVZ9,E12481,,1010401025734,フィデリティ投信株式会社,G12950,030,07A000,120,2025-11-21,2026-05-20,2026-08-18 09:09,有価証券報告書（内国投資信託受益証券）－第16期(2025/11/21－2026/05/20),,,,,,,0,0,0,1,1,1,0,1
2026-08-21T20:22:59+00:00,2026-08-18,27,S100YS7G,E11518,,9010001034450,三菱ＵＦＪアセットマネジメント株式会社,G02661,030,10A000,160,2025-11-20,2026-11-19,2026-08-18 09:08,半期報告書（内国投資信託受益証券）－第65期(2025/11/20－2026/11/19),,,,,,,0,0,0,1,1,0,0,1
2026-08-21T20:22:59+00:00,2026-08-18,29,S100YSJ1,E13343,,8010001040648,ＢＮＹメロン・インベストメント・マネジメント・ジャパン株式会社,G05366,030,07A000,120,2025-11-18,2026-05-18,2026-08-18 09:08,有価証券報告書（内国投資信託受益証券）－第38期(2025/11/18－2026/05/18),,,,,,,0,0,0,1,1,1,0,1
2026-08-21T20:22:59+00:00,2026-08-18,26,S100YVFG,E32011,,5010601048309,りそなアセットマネジメント株式会社,G16019,030,04A000,030,,,2026-08-18 09:08,有価証券届出書（内国投資信託受益証券）,,,,,,,0,0,0,1,1,1,0,1
2026-08-21T20:22:59+00:00,2026-08-18,30,S100YVFK,E32011,,5010601048309,りそなアセットマネジメント株式会社,G16020,030,04A000,030,,,2026-08-18 09:08,有価証券届出書（内国投資信託受益証券）,,,,,,,0,0,0,1,1,1,0,1
2026-08-21T20:22:59+00:00,2026-08-18,28,S100YVZ6,E12481,,1010401025734,フィデリティ投信株式会社,G04801,030,995000,180,,,2026-08-18 09:08,臨時報告書（内国特定有価証券）,,,,第29条第2項第4号,,,0,0,0,1,1,0,0,1
2026-08-21T20:22:59+00:00,2026-08-18,23,S100YTBU,E12444,,8010001114914,三井住友トラスト・アセットマネジメント株式会社,G08651,030,07A000,120,2025-11-18,2026-05-18,2026-08-18 09:07,有価証券報告書（内国投資信託受益証券）－第43期(2025/11/18－2026/05/18),,,,,,,0,0,0,1,1,1,0,1
2026-08-21T20:22:59+00:00,2026-08-18,25,S100YTIO,E12444,,8010001114914,三井住友トラスト・アセットマネジメント株式会社,G14719,030,04A000,030,,,2026-08-18 09:07,有価証券届出書（内国投資信託受益証券）,,,,,,,0,0,0,1,1,1,0,1
2026-08-21T20:22:59+00:00,2026-08-18,24,S100YTSH,E12453,,9010001025953,ニッセイアセットマネジメント株式会社,G14365,030,10A000,160,2025-11-19,2026-11-18,2026-08-18 09:07,半期報告書（内国投資信託受益証券）－第5期(2025/11/19－2026/11/18),,,,,,,0,0,0,1,1,0,0,1
2026-08-21T20:22:59+00:00,2026-08-18,22,S100YVFA,E32011,,5010601048309,りそなアセットマネジメント株式会社,G16017,030,04A000,030,,,2026-08-18 09:07,有価証券届出書（内国投資信託受益証券）,,,,,,,0,0,0,1,1,1,0,1
2026-08-21T20:22:59+00:00,2026-08-18,20,S100YWAC,E35933,,5010001203678,Ｇｌｏｂａｌ　Ｘ　Ｊａｐａｎ株式会社,G15710,030,04A001,040,,,2026-08-18 09:07,訂正有価証券届出書（内国投資信託受益証券）,,,,,S100WY6Y,,0,0,0,1,1,0,0,1
2026-08-21T20:22:59+00:00,2026-08-18,21,S100YWF1,E12492,,3010001124868,ＨＳＢＣアセットマネジメント株式会社,G05365,030,995000,180,,,2026-08-18 09:07,臨時報告書（内国特定有価証券）,,,,第29条第2項第4号,,,0,0,0,1,1,0,0,1
2026-08-21T20:22:59+00:00,2026-08-18,19,S100YTFA,E13343,,8010001040648,ＢＮＹメロン・インベストメント・マネジメント・ジャパン株式会社,G15790,030,04A001,040,,,2026-08-18 09:06,訂正有価証券届出書（内国投資信託受益証券）,,,,,S100XHMR,,0,0,0,1,1,1,0,1
2026-08-21T20:22:59+00:00,2026-08-18,18,S100YALB,E12450,,6010401037394,ラッセル・インベストメント株式会社,G04872,030,04A000,030,,,2026-08-18 09:05,有価証券届出書（内国投資信託受益証券）,,,,,,,0,0,0,1,1,1,0,1
2026-08-21T20:22:59+00:00,2026-08-18,17,S100YTFD,E13343,,8010001040648,ＢＮＹメロン・インベストメント・マネジメント・ジャパン株式会社,G15790,030,07A000,120,2026-02-17,2026-05-18,2026-08-18 09:05,有価証券報告書（内国投資信託受益証券）－第1期(2026/02/17－2026/05/18),,,,,,,0,0,0,1,1,1,0,1
2026-08-21T20:22:59+00:00,2026-08-18,16,S100YWAB,E35933,,5010001203678,Ｇｌｏｂａｌ　Ｘ　Ｊａｐａｎ株式会社,G15709,030,04A001,040,,,2026-08-18 09:05,訂正有価証券届出書（内国投資信託受益証券）,,,,,S100WY6X,,0,0,0,1,1,0,0,1
2026-08-21T20:22:59+00:00,2026-08-18,15,S100YALD,E12450,,6010401037394,ラッセル・インベストメント株式会社,G04872,030,10A000,160,2025-11-19,2026-11-18,2026-08-18 09:04,半期報告書（内国投資信託受益証券）－第21期(2025/11/19－2026/11/18),,,,,,,0,0,0,1,1,0,0,1
2026-08-21T20:22:59+00:00,2026-08-18,14,S100YTIR,E12444,,8010001114914,三井住友トラスト・アセットマネジメント株式会社,G14719,030,07A000,120,2025-05-20,2026-05-18,2026-08-18 09:04,有価証券報告書（内国投資信託受益証券）－第4期(2025/05/20－2026/05/18),,,,,,,0,0,0,1,1,1,0,1
2026-08-21T20:22:59+00:00,2026-08-18,12,S100YAKJ,E12425,,5010001048652,フランクリン・テンプルトン・ジャパン株式会社,G03335,030,04A000,030,,,2026-08-18 09:03,有価証券届出書（内国投資信託受益証券）,,,,,,,0,0,0,1,1,1,0,1
2026-08-21T20:22:59+00:00,2026-08-18,13,S100YVXQ,E12481,,1010401025734,フィデリティ投信株式会社,G12951,030,04A000,030,,,2026-08-18 09:03,有価証券届出書（内国投資信託受益証券）,,,,,,,0,0,0,1,1,1,0,1
2026-08-21T20:22:59+00:00,2026-08-18,7,S100YAKG,E12425,,5010001048652,フランクリン・テンプルトン・ジャパン株式会社,G03098,030,04A000,030,,,2026-08-18 09:02,有価証券届出書（内国投資信託受益証券）,,,,,,,0,0,0,1,1,1,0,1
2026-08-21T20:22:59+00:00,2026-08-18,11,S100YAKK,E12425,,5010001048652,フランクリン・テンプルトン・ジャパン株式会社,G03335,030,07A000,120,2025-11-19,2026-05-18,2026-08-18 09:02,有価証券報告書（内国投資信託受益証券）－第48期(2025/11/19－2026/05/18),,,,,,,0,0,0,1,1,1,0,1
2026-08-21T20:22:59+00:00,2026-08-18,8,S100YRRZ,E14714,,2010001090483,キャピタル　アセットマネジメント株式会社,G07900,030,04A000,030,,,2026-08-18 09:02,有価証券届出書（内国投資信託受益証券）,,,,,,,0,0,0,1,1,1,0,1
2026-08-21T20:22:59+00:00,2026-08-18,9,S100YS7H,E12460,,7010001054021,野村アセットマネジメント株式会社,G03967,030,995000,180,,,2026-08-18 09:02,臨時報告書（内国特定有価証券）,,,,第29条第2項第4号,,,0,0,0,1,1,0,0,1
2026-08-21T20:22:59+00:00,2026-08-18,10,S100YW9P,E12481,,1010401025734,フィデリティ投信株式会社,G13859,030,04A000,030,,,2026-08-18 09:02,有価証券届出書（内国投資信託受益証券）,,,,,,,0,0,0,1,1,1,0,1
2026-08-21T20:22:59+00:00,2026-08-18,6,S100YAKI,E12425,,5010001048652,フランクリン・テンプルトン・ジャパン株式会社,G03098,030,07A000,120,2025-11-19,2026-05-18,2026-08-18 09:01,有価証券報告書（内国投資信託受益証券）－第49期(2025/11/19－2026/05/18),,,,,,,0,0,0,1,1,1,0,1
2026-08-21T20:22:59+00:00,2026-08-18,5,S100YX6I,E12448,,8010401040306,明治安田アセットマネジメント株式会社,G02750,030,995000,180,,,2026-08-18 09:01,臨時報告書（内国特定有価証券）,,,,第29条第2項第4号,,,0,0,0,1,1,0,0,1
2026-08-21T20:22:59+00:00,2026-08-18,1,S100YRTL,E14714,,2010001090483,キャピタル　アセットマネジメント株式会社,G07900,030,07A000,120,2025-05-20,2026-05-18,2026-08-18 09:00,有価証券報告書（内国投資信託受益証券）－第16期(2025/05/20－2026/05/18),,,,,,,0,0,0,1,1,1,0,1
2026-08-21T20:22:59+00:00,2026-08-18,4,S100YVXN,E12481,,1010401025734,フィデリティ投信株式会社,G12951,030,07A000,120,2025-05-21,2026-05-20,2026-08-18 09:00,有価証券報告書（内国投資信託受益証券）－第8期(2025/05/21－2026/05/20),,,,,,,0,0,0,1,1,1,0,1
2026-08-21T20:22:59+00:00,2026-08-18,2,S100YW9L,E12481,,1010401025734,フィデリティ投信株式会社,G13859,030,07A000,120,2025-11-21,2026-05-20,2026-08-18 09:00,有価証券報告書（内国投資信託受益証券）－第12期(2025/11/21－2026/05/20),,,,,,,0,0,0,1,1,1,0,1
2026-08-21T20:22:59+00:00,2026-08-18,3,S100YX6H,E12448,,8010401040306,明治安田アセットマネジメント株式会社,G02262,030,995000,180,,,2026-08-18 09:00,臨時報告書（内国特定有価証券）,,,,第29条第2項第4号,,,0,0,0,1,1,0,0,1
2026-08-21T20:22:59+00:00,2026-08-17,177,S100YTDT,E42023,,2140001081461,株式会社ケシオン,,060,010000,350,,,2026-08-17 17:07,大量保有報告書,E36464,,,,,,0,0,0,1,1,0,0,1
2026-08-21T20:22:59+00:00,2026-08-17,176,S100YWQ0,E39685,,1011001148909,グロースパートナーズ株式会社,,060,010002,350,,,2026-08-17 17:03,変更報告書,E33825,,,,S100VN4R,,0,0,0,1,1,1,0,1
2026-08-21T20:22:59+00:00,2026-08-17,175,S100YXBC,E01235,54100,6120001049614,合同製鐵株式会社,,010,170000,220,,,2026-08-17 17:02,自己株券買付状況報告書（法２４条の６第１項に基づくもの）,,,,,,,0,0,0,1,1,0,0,1
2026-08-21T20:22:59+00:00,2026-08-17,174,S100YX37,E03810,,6010001074037,野村證券株式会社,,060,010002,350,,,2026-08-17 16:59,変更報告書,E02040,,,,S100TDHS,,0,0,0,1,1,1,0,1
2026-08-21T20:22:59+00:00,2026-08-17,173,S100YX67,E38762,,,ＳＨ　Ｉｎｖｅｓｔｍｅｎｔ，　Ｉｎｃ,,060,020002,350,,,2026-08-17 16:56,変更報告書（短期大量譲渡）,E00780,,,,,,0,0,0,1,1,1,0,1
2026-08-21T20:22:59+00:00,2026-08-17,172,S100YWCL,E24682,45820,1010401057034,シンバイオ製薬株式会社,,010,023000,030,,,2026-08-17 16:53,有価証券届出書（参照方式）,,,,,,,0,0,0,1,1,1,0,1
2026-08-21T20:22:59+00:00,2026-08-17,171,S100YXAP,E04807,97460,5060001002844,株式会社　ＴＫＣ,,010,170000,220,,,2026-08-17 16:42,自己株券買付状況報告書（法２４条の６第１項に基づくもの）,,,,,,,0,0,0,1,1,0,0,1
2026-08-21T20:22:59+00:00,2026-08-17,170,S100YX8G,E30930,78140,9011501020139,株式会社日本創発グループ,,010,053000,180,,,2026-08-17 16:36,臨時報告書,,,,"第19条第2項第3号,第19条第2項第6号の2",,,0,0,0,1,1,0,0,1
2026-08-21T20:22:59+00:00,2026-08-17,169,S100YXA8,E32579,,,五味　大輔,,060,010002,350,,,2026-08-17 16:35,変更報告書,E02131,,,,S100Y4V8,,0,0,0,1,1,0,0,1
2026-08-21T20:22:59+00:00,2026-08-17,168,S100YXAO,E31131,39050,7010401083082,データセクション株式会社,,010,113001,090,,,2026-08-17 16:31,訂正発行登録書,,,,,S100WIKV,,0,0,0,0,1,0,0,0
2026-08-21T20:22:59+00:00,2026-08-17,167,S100YXAM,E31131,39050,7010401083082,データセクション株式会社,,010,053000,180,,,2026-08-17 16:29,臨時報告書,,,,第19条第2項第4号,,,0,0,0,1,1,0,0,1
2026-08-21T20:22:59+00:00,2026-08-17,166,S100YVJ4,E02161,72380,8010001034724,曙ブレーキ工業株式会社,,010,053001,190,,,2026-08-17 16:24,訂正臨時報告書,,,,第19条第2項第2号の2,S100YR56,,0,0,0,1,1,0,0,1
2026-08-21T20:22:59+00:00,2026-08-17,165,S100YXAE,E37907,,,カナメ・キャピタル・エルピー（Ｋａｎａｍｅ　Ｃａｐｉｔａｌ，Ｌ．Ｐ．）,,060,010002,350,,,2026-08-17 16:22,変更報告書,E05149,,,,S100YHFY,,0,0,0,1,1,0,0,1
2026-08-21T20:22:59+00:00,2026-08-17,164,S100YXA4,E39685,,1011001148909,グロースパートナーズ株式会社,,060,090001,360,,,2026-08-17 16:15,訂正報告書（大量保有報告書・変更報告書）,E03304,,,,S100YVBT,,0,0,0,1,1,1,0,1
2026-08-21T20:22:59+00:00,2026-08-17,163,S100YX9Q,E35310,,,河野　恭佑,,060,090001,360,,,2026-08-17 16:10,訂正報告書（大量保有報告書・変更報告書）,E31811,,,,S100YX8A,,0,0,0,1,1,0,0,1
2026-08-21T20:22:59+00:00,2026-08-17,161,S100YX95,E26290,31730,8120001092827,株式会社Ｃｏｍｉｎｉｘ,,010,053000,180,,,2026-08-17 16:08,臨時報告書,,,,第19条第2項第4号,,,0,0,0,1,1,0,0,1
2026-08-21T20:22:59+00:00,2026-08-17,162,S100YXAA,E39685,,1011001148909,グロースパートナーズ株式会社,,060,090001,360,,,2026-08-17 16:08,訂正報告書（大量保有報告書・変更報告書）,E25686,,,,S100YRZD,,0,0,0,1,1,1,0,1
2026-08-21T20:22:59+00:00,2026-08-17,160,S100YWZM,E05156,48190,5011001014966,株式会社デジタルガレージ,,060,010002,350,,,2026-08-17 16:05,変更報告書,E05350,,,,S100Y3OG,,0,0,0,1,1,0,0,1
2026-08-21T20:22:59+00:00,2026-08-17,159,S100YXAC,E36069,,,Ｌｏｎｇ　Ｃｏｒｒｉｄｏｒ　Ａｓｓｅｔ　Ｍａｎａｇｅｍｅｎｔ　Ｌｉｍｉｔｅｄ,,060,010002,350,,,2026-08-17 16:04,変更報告書,E05481,,,,,,0,0,0,1,1,0,0,1
2026-08-21T20:22:59+00:00,2026-08-17,158,S100YW1L,E31883,,,Ｏａｓｉｓ　Ｍａｎａｇｅｍｅｎｔ　Ｃｏｍｐａｎｙ　Ｌｔｄ．,,060,010000,350,,,2026-08-17 16:03,大量保有報告書,E05147,,,,,,0,0,0,1,1,1,0,1
2026-08-21T20:22:59+00:00,2026-08-17,157,S100YXA7,E36069,,,Ｌｏｎｇ　Ｃｏｒｒｉｄｏｒ　Ａｓｓｅｔ　Ｍａｎａｇｅｍｅｎｔ　Ｌｉｍｉｔｅｄ,,060,010002,350,,,2026-08-17 16:03,変更報告書,E26579,,,,,,0,0,0,1,1,0,0,1
2026-08-21T20:22:59+00:00,2026-08-17,156,S100YX7N,E04948,94350,9013301019047,株式会社光通信,,010,170000,220,,,2026-08-17 16:02,自己株券買付状況報告書（法２４条の６第１項に基づくもの）,,,,,,,0,0,0,1,1,0,0,1
2026-08-21T20:22:59+00:00,2026-08-17,155,S100YVUY,E31883,,,Ｏａｓｉｓ　Ｍａｎａｇｅｍｅｎｔ　Ｃｏｍｐａｎｙ　Ｌｔｄ．,,060,010002,350,,,2026-08-17 16:01,変更報告書,E05609,,,,,,0,0,0,1,1,1,0,1
2026-08-21T20:22:59+00:00,2026-08-17,154,S100YWUV,E04917,,2010501012160,株式会社Ｃ＆Ｉ　Ｈｏｌｄｉｎｇｓ,,060,010002,350,,,2026-08-17 16:01,変更報告書,E00784,,,,S100YRU2,,0,0,0,1,1,1,0,1
2026-08-21T20:22:59+00:00,2026-08-17,153,S100YX42,E01726,62680,3010001142283,ナブテスコ株式会社,,010,170000,220,,,2026-08-17 16:00,自己株券買付状況報告書（法２４条の６第１項に基づくもの）,,,,,,,0,0,0,1,1,0,0,1
2026-08-21T20:22:59+00:00,2026-08-17,152,S100YW7M,E09048,,,若山　陽一,,060,010002,350,,,2026-08-17 15:58,変更報告書,E05698,,,,S100AULQ,,0,0,0,1,1,1,0,1
2026-08-21T20:22:59+00:00,2026-08-17,151,S100YX18,E10795,,8010402035726,有限会社キャピタル・マネジメント,,060,010000,350,,,2026-08-17 15:56,大量保有報告書,E04287,,,,,,0,0,0,1,1,0,0,1
2026-08-21T20:22:59+00:00,2026-08-17,150,S100YXA6,E35209,,6010001126515,ニューバーガー・バーマン株式会社,,060,030000,350,,,2026-08-17 15:53,大量保有報告書（特例対象株券等）,E40164,,,,,,0,0,0,1,1,0,0,1
2026-08-21T20:22:59+00:00,2026-08-17,149,S100YWLJ,E35239,,2010001143423,光通信株式会社,,060,010002,350,,,2026-08-17 15:47,変更報告書,E05564,,,,S100UGUC,,0,0,0,1,1,1,0,1
2026-08-21T20:22:59+00:00,2026-08-17,148,S100YVYI,E12460,,7010001054021,野村アセットマネジメント株式会社,G14223,030,995000,180,,,2026-08-17 15:45,臨時報告書（内国特定有価証券）,,,,第29条第2項第14号,,,0,0,0,1,1,0,0,1
2026-08-21T20:22:59+00:00,2026-08-17,147,S100YWL3,E40682,,,Ａｔａｒｉ　Ｃａｐｉｔａｌ　ＬＩＭＩＴＥＤ,,060,010002,350,,,2026-08-17 15:44,変更報告書,E05951,,,,S100Y6UN,,0,0,0,1,1,1,0,1
2026-08-21T20:22:59+00:00,2026-08-17,146,S100YX8N,E36069,,,Ｌｏｎｇ　Ｃｏｒｒｉｄｏｒ　Ａｓｓｅｔ　Ｍａｎａｇｅｍｅｎｔ　Ｌｉｍｉｔｅｄ,,060,010002,350,,,2026-08-17 15:42,変更報告書,E05481,,,,,,0,0,0,1,1,0,0,1
2026-08-21T20:22:59+00:00,2026-08-17,145,S100YX9U,E35209,,6010001126515,ニューバーガー・バーマン株式会社,,060,030002,350,,,2026-08-17 15:42,変更報告書（特例対象株券等）,E40668,,,,,,0,0,0,1,1,0,0,1
2026-08-21T20:22:59+00:00,2026-08-17,144,S100YX9X,E03859,88040,6010001034998,東京建物株式会社,,010,110000,080,,,2026-08-17 15:42,発行登録書（株券､社債券等）,,,,,,,0,0,0,1,1,1,0,1
2026-08-21T20:22:59+00:00,2026-08-17,142,S100YVYL,E34595,,,アセット・バリュー・インベスターズ・リミテッド,,060,010002,350,,,2026-08-17 15:37,変更報告書,E00762,,,,S100YR5Q,,0,0,0,1,1,1,0,1
2026-08-21T20:22:59+00:00,2026-08-17,143,S100YX5Y,E36069,,,Ｌｏｎｇ　Ｃｏｒｒｉｄｏｒ　Ａｓｓｅｔ　Ｍａｎａｇｅｍｅｎｔ　Ｌｉｍｉｔｅｄ,,060,010002,350,,,2026-08-17 15:37,変更報告書,E03740,,,,,,0,0,0,1,1,0,0,1
2026-08-21T20:22:59+00:00,2026-08-17,140,S100YW1P,E39237,,,ダルトン　インベストメンツ　インク,,060,010002,350,,,2026-08-17 15:36,変更報告書,E32189,,,,,,0,0,0,1,1,0,0,1
2026-08-21T20:22:59+00:00,2026-08-17,141,S100YX5X,E36069,,,Ｌｏｎｇ　Ｃｏｒｒｉｄｏｒ　Ａｓｓｅｔ　Ｍａｎａｇｅｍｅｎｔ　Ｌｉｍｉｔｅｄ,,060,010002,350,,,2026-08-17 15:36,変更報告書,E26579,,,,,,0,0,0,1,1,0,0,1
2026-08-21T20:22:59+00:00,2026-08-17,139,S100YXA3,E36431,73630,5010401065685,株式会社ベビーカレンダー,,010,042100,135,,,2026-08-17 15:35,確認書,,,,,S100YX4F,,0,0,0,0,1,0,0,0
2026-08-21T20:22:59+00:00,2026-08-17,138,S100YUTY,E01542,63610,1010801001748,株式会社荏原製作所,,010,170000,220,,,2026-08-17 15:33,自己株券買付状況報告書（法２４条の６第１項に基づくもの）,,,,,,,0,0,0,1,1,0,0,1
2026-08-21T20:22:59+00:00,2026-08-17,137,S100YQPZ,E02529,80580,5010001008771,三菱商事株式会社,,060,020002,350,,,2026-08-17 15:32,変更報告書（短期大量譲渡）,E01090,,,,,,0,0,0,1,1,0,0,1
2026-08-21T20:22:59+00:00,2026-08-17,134,S100YVX2,E23594,,,マッコーリー　バンク　リミテッド,,060,030002,350,,,2026-08-17 15:32,変更報告書（特例対象株券等）,E34318,,,,S100UIT1,,0,0,0,1,1,1,0,1
2026-08-21T20:22:59+00:00,2026-08-17,135,S100YWMX,E36104,,,ＮＩＰＰＯＮ　ＡＣＴＩＶＥ　ＶＡＬＵＥ　ＦＵＮＤ　ＰＬＣ,,060,010002,350,,,2026-08-17 15:32,変更報告書,E01365,,,,,,0,0,0,1,1,1,0,1
2026-08-21T20:22:59+00:00,2026-08-17,136,S100YX9S,E05350,23710,9011001065997,株式会社カカクコム,,040,040001,300,,,2026-08-17 15:32,訂正意見表明報告書,,E41747,,,S100Y3PH,,0,0,0,1,1,0,0,1
2026-08-21T20:22:59+00:00,2026-08-17,133,S100YW9M,E06748,,2010001049257,大和アセットマネジメント株式会社,G16015,030,04A000,030,,,2026-08-17 15:31,有価証券届出書（内国投資信託受益証券）,,,,,,,0,0,0,1,1,1,0,1
2026-08-21T20:22:59+00:00,2026-08-17,130,S100YWL5,E40934,485A0,7010401159056,株式会社パワーエックス,,010,053000,180,,,2026-08-17 15:30,臨時報告書,,,,第19条第2項第12号の4,,,0,0,0,1,1,0,0,1
2026-08-21T20:22:59+00:00,2026-08-17,128,S100YX4F,E36431,73630,5010401065685,株式会社ベビーカレンダー,,010,030001,130,,,2026-08-17 15:30,訂正有価証券報告書－第35期(2025/01/01－2025/12/31),,,,,S100YNQ1,,0,0,0,1,1,1,0,1
2026-08-21T20:22:59+00:00,2026-08-17,132,S100YX5Z,E38700,,,牧　寛之,,060,010002,350,,,2026-08-17 15:30,変更報告書,E31019,,,,S100X528,,0,0,0,1,1,0,0,1
2026-08-21T20:22:59+00:00,2026-08-17,129,S100YX9N,E42058,,9011001119027,株式会社Ｓｋｙｆａｌｌ,,010,024000,030,,,2026-08-17 15:30,有価証券届出書（新規公開時）,,,,,,,0,0,0,1,1,1,0,1
2026-08-21T20:22:59+00:00,2026-08-17,131,S100YX9Y,E37175,44180,6010001193638,株式会社ＪＤＳＣ,,010,053000,180,,,2026-08-17 15:30,臨時報告書,,,,第19条第2項第3号,,,0,0,0,1,1,0,0,1
2026-08-21T20:22:59+00:00,2026-08-17,127,S100YX9M,E01438,59880,7020001030260,株式会社パイオラックス,,010,170000,220,,,2026-08-17 15:07,自己株券買付状況報告書（法２４条の６第１項に基づくもの）,,,,,,,0,0,0,1,1,0,0,1
2026-08-21T20:22:59+00:00,2026-08-17,126,S100YV8Y,E01233,56320,8010001058095,三菱製鋼株式会社,,010,053000,180,,,2026-08-17 15:03,臨時報告書,,,,第19条第2項第12号,,,0,0,0,1,1,0,0,1
2026-08-21T20:22:59+00:00,2026-08-17,125,S100YX85,E36412,50740,7120001138936,テスホールディングス株式会社,,010,053000,180,,,2026-08-17 15:01,臨時報告書,,,,第19条第2項第20号,,,0,0,0,1,1,0,0,1
2026-08-21T20:22:59+00:00,2026-08-17,123,S100YX8B,E36301,,,石井　滋久,,060,010002,350,,,2026-08-17 14:38,変更報告書,E36002,,,,,,0,0,0,1,1,1,0,1
2026-08-21T20:22:59+00:00,2026-08-17,124,S100YX99,E03296,75640,1070001013828,株式会社ワークマン,,010,053000,180,,,2026-08-17 14:38,臨時報告書,,,,第19条第2項第3号,,,0,0,0,1,1,0,0,1
2026-08-21T20:22:59+00:00,2026-08-17,122,S100YX97,E03810,,6010001074037,野村證券株式会社,,060,010002,350,,,2026-08-17 14:17,変更報告書,E01824,,,,S100MO9B,,0,0,0,1,1,1,0,1
2026-08-21T20:22:59+00:00,2026-08-17,121,S100YX8V,E04460,94360,5360001000413,沖縄セルラー電話株式会社,,010,170000,220,,,2026-08-17 13:31,自己株券買付状況報告書（法２４条の６第１項に基づくもの）,,,,,,,0,0,0,1,1,0,0,1
2026-08-21T20:22:59+00:00,2026-08-17,120,S100YX5V,E37674,,,黒澤　弘,,060,010002,350,,,2026-08-17 13:19,変更報告書,E37589,,,,S100NYDA,,0,0,0,1,1,0,0,1
2026-08-21T20:22:59+00:00,2026-08-17,119,S100YX6K,E26472,,,林　祐介,,060,010002,350,,,2026-08-17 13:11,変更報告書,E26290,,,,S1004DIE,,0,0,0,1,1,1,0,1
2026-08-21T20:22:59+00:00,2026-08-17,118,S100YX8A,E35310,,,河野　恭佑,,060,010002,350,,,2026-08-17 12:22,変更報告書,E31811,,,,,,0,0,0,1,1,0,0,1
2026-08-21T20:22:59+00:00,2026-08-17,117,S100YX8H,E05280,87980,9120001073842,株式会社アドバンスクリエイト,,010,053000,180,,,2026-08-17 12:14,臨時報告書,,,,第19条第2項第12号,,,0,0,0,1,1,0,0,1
2026-08-21T20:22:59+00:00,2026-08-17,116,S100YX7V,E36773,,,伊藤　一彦,,060,090001,360,,,2026-08-17 11:48,訂正報告書（大量保有報告書・変更報告書）,E36655,,,,S100YRQU,,0,0,0,1,1,1,0,1
2026-08-21T20:22:59+00:00,2026-08-17,115,S100YX81,E26713,66170,5010601043417,株式会社東光高岳,,010,170000,220,,,2026-08-17 11:39,自己株券買付状況報告書（法２４条の６第１項に基づくもの）,,,,,,,0,0,0,1,1,0,0,1
2026-08-21T20:22:59+00:00,2026-08-17,114,S100YX4Q,E00879,41180,8120001059628,株式会社カネカ,,010,113001,090,,,2026-08-17 11:33,訂正発行登録書,,,,,S100VN9S,,0,0,0,0,1,0,0,0
2026-08-21T20:22:59+00:00,2026-08-17,112,S100YX4D,E40931,,,Ｒａｎｇｅｌｅｙ　Ｃａｐｉｔａｌ，　ＬＬＣ,,060,090001,360,,,2026-08-17 11:17,訂正報告書（大量保有報告書・変更報告書）,E01427,,,,S100YW1Y,,0,0,0,1,1,1,0,1
2026-08-21T20:22:59+00:00,2026-08-17,113,S100YX54,E40931,,,Ｒａｎｇｅｌｅｙ　Ｃａｐｉｔａｌ，　ＬＬＣ,,060,090001,360,,,2026-08-17 11:17,訂正報告書（大量保有報告書・変更報告書）,E25169,,,,S100Y9C2,,0,0,0,1,1,1,0,1
2026-08-21T20:22:59+00:00,2026-08-17,111,S100YX10,E11943,,,Ｅｖｏ　Ｆｕｎｄ,,060,010000,350,,,2026-08-17 11:15,大量保有報告書,E34318,,,,,,0,0,0,1,1,1,0,1
2026-08-21T20:22:59+00:00,2026-08-17,110,S100YX7J,E03259,74940,4020001007344,株式会社コナカ,,010,053000,180,,,2026-08-17 10:53,臨時報告書,,,,第19条第2項第12号,,,0,0,0,1,1,0,0,1
2026-08-21T20:22:59+00:00,2026-08-17,109,S100YVYX,E38506,,,Ｃｈａｒｏｎ　Ｆｉｎａｎｃｅ　ＧｍｂＨ,,060,010002,350,,,2026-08-17 10:34,変更報告書,E32189,,,,S100VTG3,,0,0,0,1,1,1,0,1
2026-08-21T20:22:59+00:00,2026-08-17,108,S100YWWK,E03759,,7010001008687,みずほ証券株式会社,,060,010002,350,,,2026-08-17 10:34,変更報告書,E34289,,,,S100UNEF,,0,0,0,1,1,1,0,1
2026-08-21T20:22:59+00:00,2026-08-17,107,S100YW51,E38506,,,Ｃｈａｒｏｎ　Ｆｉｎａｎｃｅ　ＧｍｂＨ,,060,090001,360,,,2026-08-17 10:28,訂正報告書（大量保有報告書・変更報告書）,E32189,,,,S100YTD1,,0,0,0,1,1,1,0,1
2026-08-21T20:22:59+00:00,2026-08-17,106,S100YW1E,E38506,,,Ｃｈａｒｏｎ　Ｆｉｎａｎｃｅ　ＧｍｂＨ,,060,090001,360,,,2026-08-17 10:27,訂正報告書（大量保有報告書・変更報告書）,E32189,,,,S100YQZ8,,0,0,0,1,1,1,0,1
2026-08-21T20:22:59+00:00,2026-08-17,105,S100YX6F,E01950,68570,9011601000379,株式会社アドバンテスト,,010,170000,220,,,2026-08-17 10:24,自己株券買付状況報告書（法２４条の６第１項に基づくもの）,,,,,,,0,0,0,1,1,0,0,1
2026-08-21T20:22:59+00:00,2026-08-17,104,S100YWEJ,E04122,,1500001000476,株式会社伊予鉄グループ,,060,010002,350,,,2026-08-17 10:18,変更報告書,E04505,,,,,,0,0,0,1,1,0,0,1
2026-08-21T20:22:59+00:00,2026-08-17,103,S100YVRR,E00545,31210,7010001101599,マーチャント・バンカーズ株式会社,,010,170000,220,,,2026-08-17 10:16,自己株券買付状況報告書（法２４条の６第１項に基づくもの）,,,,,,,0,0,0,1,1,0,0,1
2026-08-21T20:22:59+00:00,2026-08-17,102,S100YEYE,E21195,,9430002015060,有限会社日新企興,,060,010002,350,,,2026-08-17 10:02,変更報告書,E03489,,,,,,0,0,0,1,1,1,0,1
2026-08-21T20:22:59+00:00,2026-08-17,101,S100YT8Q,E12882,,7010001054095,農林中金全共連アセットマネジメント株式会社,G15588,030,10A000,160,2025-11-18,2026-11-16,2026-08-17 09:52,半期報告書（内国投資信託受益証券）－第2期(2025/11/18－2026/11/16),,,,,,,0,0,0,1,1,0,0,1
2026-08-21T20:22:59+00:00,2026-08-17,100,S100YT8M,E12882,,7010001054095,農林中金全共連アセットマネジメント株式会社,G15588,030,04A000,030,,,2026-08-17 09:50,有価証券届出書（内国投資信託受益証券）,,,,,,,0,0,0,1,1,1,0,1
2026-08-21T20:22:59+00:00,2026-08-17,99,S100YT8V,E12882,,7010001054095,農林中金全共連アセットマネジメント株式会社,G15587,030,10A000,160,2025-11-18,2026-11-16,2026-08-17 09:49,半期報告書（内国投資信託受益証券）－第2期(2025/11/18－2026/11/16),,,,,,,0,0,0,1,1,0,0,1
2026-08-21T20:22:59+00:00,2026-08-17,98,S100YT84,E12882,,7010001054095,農林中金全共連アセットマネジメント株式会社,G15587,030,04A000,030,,,2026-08-17 09:47,有価証券届出書（内国投資信託受益証券）,,,,,,,0,0,0,1,1,1,0,1
2026-08-21T20:22:59+00:00,2026-08-17,97,S100YX6P,E03810,,6010001074037,野村證券株式会社,,060,010002,350,,,2026-08-17 09:39,変更報告書,E04999,,,,S100QCTB,,0,0,0,1,1,1,0,1
2026-08-21T20:22:59+00:00,2026-08-17,95,S100YSMC,E12882,,7010001054095,農林中金全共連アセットマネジメント株式会社,G12811,030,10A000,160,2025-11-18,2026-11-16,2026-08-17 09:37,半期報告書（内国投資信託受益証券）－第9期(2025/11/18－2026/11/16),,,,,,,0,0,0,1,1,0,0,1
2026-08-21T20:22:59+00:00,2026-08-17,96,S100YX07,E26746,,,グローバル・ファンズ・トラスト・カンパニー,G08851,030,04C001,040,,,2026-08-17 09:37,訂正有価証券届出書（外国投資信託受益証券）,,,,,S100Y3VL,,0,0,0,0,1,0,0,0
2026-08-21T20:22:59+00:00,2026-08-17,94,S100YWZX,E26746,,,グローバル・ファンズ・トラスト・カンパニー,G08851,030,10C000,160,2025-11-18,2026-11-17,2026-08-17 09:36,半期報告書（外国投資信託受益証券）－第15期(2025/11/18－2026/11/17),,,,,,,0,0,0,0,1,1,0,0
2026-08-21T20:22:59+00:00,2026-08-17,93,S100YSMB,E12882,,7010001054095,農林中金全共連アセットマネジメント株式会社,G12811,030,04A000,030,,,2026-08-17 09:35,有価証券届出書（内国投資信託受益証券）,,,,,,,0,0,0,1,1,1,0,1
2026-08-21T20:22:59+00:00,2026-08-17,92,S100YSM8,E12882,,7010001054095,農林中金全共連アセットマネジメント株式会社,G12810,030,10A000,160,2025-11-18,2026-11-16,2026-08-17 09:33,半期報告書（内国投資信託受益証券）－第9期(2025/11/18－2026/11/16),,,,,,,0,0,0,1,1,0,0,1
2026-08-21T20:22:59+00:00,2026-08-17,91,S100YSM5,E12882,,7010001054095,農林中金全共連アセットマネジメント株式会社,G12810,030,04A000,030,,,2026-08-17 09:32,有価証券届出書（内国投資信託受益証券）,,,,,,,0,0,0,1,1,1,0,1
2026-08-21T20:22:59+00:00,2026-08-17,90,S100YAB8,E12430,,8010401072159,アモーヴァ・アセットマネジメント株式会社,G15348,030,04A000,030,,,2026-08-17 09:28,有価証券届出書（内国投資信託受益証券）,,,,,,,0,0,0,1,1,1,0,1
2026-08-21T20:22:59+00:00,2026-08-17,88,S100YABB,E12430,,8010401072159,アモーヴァ・アセットマネジメント株式会社,G15348,030,10A000,160,2025-11-18,2026-11-16,2026-08-17 09:27,半期報告書（内国投資信託受益証券）－第2期(2025/11/18－2026/11/16),,,,,,,0,0,0,1,1,0,0,1
2026-08-21T20:22:59+00:00,2026-08-17,87,S100YV8L,E06479,,7010401061146,インベスコ・アセット・マネジメント株式会社,G15457,030,04A001,040,,,2026-08-17 09:27,訂正有価証券届出書（内国投資信託受益証券）,,,,,S100Y9S5,,0,0,0,1,1,1,0,1
2026-08-21T20:22:59+00:00,2026-08-17,89,S100YVB5,E06479,,7010401061146,インベスコ・アセット・マネジメント株式会社,G15458,030,04A001,040,,,2026-08-17 09:27,訂正有価証券届出書（内国投資信託受益証券）,,,,,S100Y9TL,,0,0,0,1,1,1,0,1
2026-08-21T20:22:59+00:00,2026-08-17,85,S100YAB5,E12430,,8010401072159,アモーヴァ・アセットマネジメント株式会社,G14675,030,04A000,030,,,2026-08-17 09:26,有価証券届出書（内国投資信託受益証券）,,,,,,,0,0,0,1,1,1,0,1
2026-08-21T20:22:59+00:00,2026-08-17,83,S100YAB7,E12430,,8010401072159,アモーヴァ・アセットマネジメント株式会社,G14675,030,10A000,160,2025-11-18,2026-11-16,2026-08-17 09:26,半期報告書（内国投資信託受益証券）－第4期(2025/11/18－2026/11/16),,,,,,,0,0,0,1,1,0,0,1
2026-08-21T20:22:59+00:00,2026-08-17,86,S100YVFL,E12457,,8010401009945,ゴールドマン・サックス・アセット・マネジメント株式会社,G04398,030,07A000,120,2025-11-18,2026-05-18,2026-08-17 09:26,有価証券報告書（内国投資信託受益証券）－第42期(2025/11/18－2026/05/18),,,,,,,0,0,0,1,1,1,0,1
2026-08-21T20:22:59+00:00,2026-08-17,84,S100YX4V,E08957,,4010401049128,三井住友ＤＳアセットマネジメント株式会社,,060,010002,350,,,2026-08-17 09:26,変更報告書,E02869,,,,,,0,0,0,1,1,1,0,1
2026-08-21T20:22:59+00:00,2026-08-17,81,S100YAB0,E12430,,8010401072159,アモーヴァ・アセットマネジメント株式会社,G14395,030,04A000,030,,,2026-08-17 09:25,有価証券届出書（内国投資信託受益証券）,,,,,,,0,0,0,1,1,1,0,1
2026-08-21T20:22:59+00:00,2026-08-17,82,S100YVE2,E12457,,8010401009945,ゴールドマン・サックス・アセット・マネジメント株式会社,G04398,030,04A000,030,,,2026-08-17 09:25,有価証券届出書（内国投資信託受益証券）,,,,,,,0,0,0,1,1,1,0,1
2026-08-21T20:22:59+00:00,2026-08-17,80,S100YAB3,E12430,,8010401072159,アモーヴァ・アセットマネジメント株式会社,G14395,030,10A000,160,2025-11-18,2026-11-16,2026-08-17 09:24,半期報告書（内国投資信託受益証券）－第5期(2025/11/18－2026/11/16),,,,,,,0,0,0,1,1,0,0,1
2026-08-21T20:22:59+00:00,2026-08-17,79,S100YAAW,E12430,,8010401072159,アモーヴァ・アセットマネジメント株式会社,G06822,030,04A000,030,,,2026-08-17 09:23,有価証券届出書（内国投資信託受益証券）,,,,,,,0,0,0,1,1,1,0,1
2026-08-21T20:22:59+00:00,2026-08-17,78,S100YAAZ,E12430,,8010401072159,アモーヴァ・アセットマネジメント株式会社,G06822,030,10A000,160,2025-11-18,2026-11-16,2026-08-17 09:22,半期報告書（内国投資信託受益証券）－第19期(2025/11/18－2026/11/16),,,,,,,0,0,0,1,1,0,0,1
2026-08-21T20:22:59+00:00,2026-08-17,77,S100YAAU,E12430,,8010401072159,アモーヴァ・アセットマネジメント株式会社,G06821,030,04A000,030,,,2026-08-17 09:21,有価証券届出書（内国投資信託受益証券）,,,,,,,0,0,0,1,1,1,0,1
2026-08-21T20:22:59+00:00,2026-08-17,76,S100YVEC,E06479,,7010401061146,インベスコ・アセット・マネジメント株式会社,G07995,030,10A000,160,2025-11-20,2026-05-19,2026-08-17 09:21,半期報告書（内国投資信託受益証券）－第25期(2025/11/20－2026/05/19),,,,,,,0,0,0,1,1,0,0,1
2026-08-21T20:22:59+00:00,2026-08-17,74,S100YAAV,E12430,,8010401072159,アモーヴァ・アセットマネジメント株式会社,G06821,030,10A000,160,2025-11-18,2026-11-16,2026-08-17 09:20,半期報告書（内国投資信託受益証券）－第19期(2025/11/18－2026/11/16),,,,,,,0,0,0,1,1,0,0,1
2026-08-21T20:22:59+00:00,2026-08-17,73,S100YQL5,E11518,,9010001034450,三菱ＵＦＪアセットマネジメント株式会社,G10958,030,04A000,030,,,2026-08-17 09:20,有価証券届出書（内国投資信託受益証券）,,,,,,,0,0,0,1,1,1,0,1
2026-08-21T20:22:59+00:00,2026-08-17,75,S100YVE8,E06479,,7010401061146,インベスコ・アセット・マネジメント株式会社,G07995,030,04A000,030,,,2026-08-17 09:20,有価証券届出書（内国投資信託受益証券）,,,,,,,0,0,0,1,1,1,0,1
2026-08-21T20:22:59+00:00,2026-08-17,72,S100YVDU,E06479,,7010401061146,インベスコ・アセット・マネジメント株式会社,G07993,030,10A000,160,2025-11-20,2026-11-19,2026-08-17 09:19,半期報告書（内国投資信託受益証券）－第29期(2025/11/20－2026/11/19),,,,,,,0,0,0,1,1,0,0,1
2026-08-21T20:22:59+00:00,2026-08-17,69,S100YALK,E12586,,6010001077097,シュローダー・インベストメント・マネジメント株式会社,G14683,030,10A000,160,2025-11-18,2026-11-16,2026-08-17 09:18,半期報告書（内国投資信託受益証券）－第4期(2025/11/18－2026/11/16),,,,,,,0,0,0,1,1,0,0,1
2026-08-21T20:22:59+00:00,2026-08-17,71,S100YRPL,E12586,,6010001077097,シュローダー・インベストメント・マネジメント株式会社,G14683,030,995000,180,,,2026-08-17 09:18,臨時報告書（内国特定有価証券）,,,,第29条第2項第14号,,,0,0,0,1,1,0,0,1
2026-08-21T20:22:59+00:00,2026-08-17,70,S100YVDQ,E06479,,7010401061146,インベスコ・アセット・マネジメント株式会社,G07993,030,04A000,030,,,2026-08-17 09:18,有価証券届出書（内国投資信託受益証券）,,,,,,,0,0,0,1,1,1,0,1
2026-08-21T20:22:59+00:00,2026-08-17,68,S100YAOK,E32011,,5010601048309,りそなアセットマネジメント株式会社,G14700,030,04A000,030,,,2026-08-17 09:16,有価証券届出書（内国投資信託受益証券）,,,,,,,0,0,0,1,1,1,0,1
2026-08-21T20:22:59+00:00,2026-08-17,66,S100Y2IQ,E12441,,3010001062358,ＳＢＩ岡三アセットマネジメント株式会社,G08880,030,04A000,030,,,2026-08-17 09:15,有価証券届出書（内国投資信託受益証券）,,,,,,,0,0,0,1,1,1,0,1
2026-08-21T20:22:59+00:00,2026-08-17,67,S100YAOM,E32011,,5010601048309,りそなアセットマネジメント株式会社,G14700,030,10A000,160,2025-11-18,2026-11-16,2026-08-17 09:15,半期報告書（内国投資信託受益証券）－第4期(2025/11/18－2026/11/16),,,,,,,0,0,0,1,1,0,0,1
2026-08-21T20:22:59+00:00,2026-08-17,65,S100YQ2L,E12460,,7010001054021,野村アセットマネジメント株式会社,G13954,030,04A001,040,,,2026-08-17 09:15,訂正有価証券届出書（内国投資信託受益証券）,,,,,S100XDPM,,0,0,0,1,1,1,0,1
2026-08-21T20:22:59+00:00,2026-08-17,64,S100YAOI,E32011,,5010601048309,りそなアセットマネジメント株式会社,G14396,030,04A000,030,,,2026-08-17 09:14,有価証券届出書（内国投資信託受益証券）,,,,,,,0,0,0,1,1,1,0,1
2026-08-21T20:22:59+00:00,2026-08-17,61,S100YAOJ,E32011,,5010601048309,りそなアセットマネジメント株式会社,G14396,030,10A000,160,2025-11-18,2026-11-16,2026-08-17 09:14,半期報告書（内国投資信託受益証券）－第5期(2025/11/18－2026/11/16),,,,,,,0,0,0,1,1,0,0,1
2026-08-21T20:22:59+00:00,2026-08-17,63,S100YQ2K,E12460,,7010001054021,野村アセットマネジメント株式会社,G13954,030,07A000,120,2025-11-19,2026-05-18,2026-08-17 09:14,有価証券報告書（内国投資信託受益証券）－第11期(2025/11/19－2026/05/18),,,,,,,0,0,0,1,1,1,0,1
2026-08-21T20:22:59+00:00,2026-08-17,62,S100YQL7,E11518,,9010001034450,三菱ＵＦＪアセットマネジメント株式会社,G10958,030,07A000,120,2025-05-20,2026-05-18,2026-08-17 09:14,有価証券報告書（内国投資信託受益証券）－第43期(2025/05/20－2026/05/18),,,,,,,0,0,0,1,1,1,0,1
2026-08-21T20:22:59+00:00,2026-08-17,58,S100YSYP,E12882,,7010001054095,農林中金全共連アセットマネジメント株式会社,G15441,030,04A000,030,,,2026-08-17 09:13,有価証券届出書（内国投資信託受益証券）,,,,,,,0,0,0,1,1,1,0,1
2026-08-21T20:22:59+00:00,2026-08-17,59,S100YSZ3,E12882,,7010001054095,農林中金全共連アセットマネジメント株式会社,G15441,030,10A000,160,2025-11-18,2026-11-16,2026-08-17 09:13,半期報告書（内国投資信託受益証券）－第2期(2025/11/18－2026/11/16),,,,,,,0,0,0,1,1,0,0,1
2026-08-21T20:22:59+00:00,2026-08-17,60,S100YUSP,E10677,,9010001021473,アセットマネジメントＯｎｅ株式会社,G11955,030,04A000,030,,,2026-08-17 09:13,有価証券届出書（内国投資信託受益証券）,,,,,,,0,0,0,1,1,1,0,1
2026-08-21T20:22:59+00:00,2026-08-17,56,S100YAMD,E30994,,8010001036852,いちよしアセットマネジメント株式会社,G15077,030,04A000,030,,,2026-08-17 09:12,有価証券届出書（内国投資信託受益証券）,,,,,,,0,0,0,1,1,1,0,1
2026-08-21T20:22:59+00:00,2026-08-17,57,S100YUSO,E10677,,9010001021473,アセットマネジメントＯｎｅ株式会社,G11955,030,10A000,160,2025-11-18,2026-11-17,2026-08-17 09:12,半期報告書（内国投資信託受益証券）－第39期(2025/11/18－2026/11/17),,,,,,,0,0,0,1,1,0,0,1
2026-08-21T20:22:59+00:00,2026-08-17,55,S100YAME,E30994,,8010001036852,いちよしアセットマネジメント株式会社,G15077,030,10A000,160,2025-11-18,2026-11-16,2026-08-17 09:11,半期報告書（内国投資信託受益証券）－第3期(2025/11/18－2026/11/16),,,,,,,0,0,0,1,1,0,0,1
2026-08-21T20:22:59+00:00,2026-08-17,54,S100YUSI,E10677,,9010001021473,アセットマネジメントＯｎｅ株式会社,G11954,030,04A000,030,,,2026-08-17 09:11,有価証券届出書（内国投資信託受益証券）,,,,,,,0,0,0,1,1,1,0,1
2026-08-21T20:22:59+00:00,2026-08-17,53,S100YAMA,E30994,,8010001036852,いちよしアセットマネジメント株式会社,G15076,030,04A000,030,,,2026-08-17 09:10,有価証券届出書（内国投資信託受益証券）,,,,,,,0,0,0,1,1,1,0,1
2026-08-21T20:22:59+00:00,2026-08-17,50,S100YAMC,E30994,,8010001036852,いちよしアセットマネジメント株式会社,G15076,030,10A000,160,2025-11-18,2026-11-16,2026-08-17 09:10,半期報告書（内国投資信託受益証券）－第3期(2025/11/18－2026/11/16),,,,,,,0,0,0,1,1,0,0,1
2026-08-21T20:22:59+00:00,2026-08-17,51,S100YS62,E12460,,7010001054021,野村アセットマネジメント株式会社,G04282,030,995000,180,,,2026-08-17 09:10,臨時報告書（内国特定有価証券）,,,,第29条第2項第4号,,,0,0,0,1,1,0,0,1
2026-08-21T20:22:59+00:00,2026-08-17,52,S100YSYN,E12882,,7010001054095,農林中金全共連アセットマネジメント株式会社,G12913,030,10A000,160,2025-11-18,2026-11-16,2026-08-17 09:10,半期報告書（内国投資信託受益証券）－第9期(2025/11/18－2026/11/16),,,,,,,0,0,0,1,1,0,0,1
2026-08-21T20:22:59+00:00,2026-08-17,46,S100YAM4,E30994,,8010001036852,いちよしアセットマネジメント株式会社,G15075,030,04A000,030,,,2026-08-17 09:09,有価証券届出書（内国投資信託受益証券）,,,,,,,0,0,0,1,1,1,0,1
2026-08-21T20:22:59+00:00,2026-08-17,47,S100YSYC,E12882,,7010001054095,農林中金全共連アセットマネジメント株式会社,G12913,030,04A000,030,,,2026-08-17 09:09,有価証券届出書（内国投資信託受益証券）,,,,,,,0,0,0,1,1,1,0,1
2026-08-21T20:22:59+00:00,2026-08-17,45,S100YT1Y,E13343,,8010001040648,ＢＮＹメロン・インベストメント・マネジメント・ジャパン株式会社,G15062,030,04A000,030,,,2026-08-17 09:09,有価証券届出書（内国投資信託受益証券）,,,,,,,0,0,0,1,1,1,0,1
2026-08-21T20:22:59+00:00,2026-08-17,49,S100YUSG,E10677,,9010001021473,アセットマネジメントＯｎｅ株式会社,G11954,030,10A000,160,2025-11-18,2026-11-17,2026-08-17 09:09,半期報告書（内国投資信託受益証券）－第39期(2025/11/18－2026/11/17),,,,,,,0,0,0,1,1,0,0,1
2026-08-21T20:22:59+00:00,2026-08-17,48,S100YWFH,E03611,83090,9010001139555,三井住友トラストグループ株式会社,,010,113001,090,,,2026-08-17 09:09,訂正発行登録書,,,,,S100YRQP,,0,0,0,0,1,0,0,0
2026-08-21T20:22:59+00:00,2026-08-17,41,S100Y2IR,E12441,,3010001062358,ＳＢＩ岡三アセットマネジメント株式会社,G08880,030,07A000,120,2025-11-18,2026-05-18,2026-08-17 09:08,有価証券報告書（内国投資信託受益証券）－第28期(2025/11/18－2026/05/18),,,,,,,0,0,0,1,1,1,0,1
2026-08-21T20:22:59+00:00,2026-08-17,40,S100YALZ,E30994,,8010001036852,いちよしアセットマネジメント株式会社,G10844,030,04A000,030,,,2026-08-17 09:08,有価証券届出書（内国投資信託受益証券）,,,,,,,0,0,0,1,1,1,0,1
2026-08-21T20:22:59+00:00,2026-08-17,44,S100YAM8,E30994,,8010001036852,いちよしアセットマネジメント株式会社,G15075,030,10A000,160,2025-11-18,2026-11-16,2026-08-17 09:08,半期報告書（内国投資信託受益証券）－第3期(2025/11/18－2026/11/16),,,,,,,0,0,0,1,1,0,0,1
2026-08-21T20:22:59+00:00,2026-08-17,43,S100YS60,E12460,,7010001054021,野村アセットマネジメント株式会社,G04175,030,995000,180,,,2026-08-17 09:08,臨時報告書（内国特定有価証券）,,,,第29条第2項第4号,,,0,0,0,1,1,0,0,1
2026-08-21T20:22:59+00:00,2026-08-17,39,S100YT1Z,E13343,,8010001040648,ＢＮＹメロン・インベストメント・マネジメント・ジャパン株式会社,G15062,030,07A000,120,2025-11-18,2026-05-18,2026-08-17 09:08,有価証券報告書（内国投資信託受益証券）－第5期(2025/11/18－2026/05/18),,,,,,,0,0,0,1,1,1,0,1
2026-08-21T20:22:59+00:00,2026-08-17,42,S100YUNZ,E10677,,9010001021473,アセットマネジメントＯｎｅ株式会社,G11944,030,04A000,030,,,2026-08-17 09:08,有価証券届出書（内国投資信託受益証券）,,,,,,,0,0,0,1,1,1,0,1
2026-08-21T20:22:59+00:00,2026-08-17,37,S100YAM2,E30994,,8010001036852,いちよしアセットマネジメント株式会社,G10844,030,10A000,160,2025-11-18,2026-11-16,2026-08-17 09:07,半期報告書（内国投資信託受益証券）－第12期(2025/11/18－2026/11/16),,,,,,,0,0,0,1,1,0,0,1
2026-08-21T20:22:59+00:00,2026-08-17,38,S100YS5Y,E12460,,7010001054021,野村アセットマネジメント株式会社,G03726,030,995000,180,,,2026-08-17 09:07,臨時報告書（内国特定有価証券）,,,,第29条第2項第4号,,,0,0,0,1,1,0,0,1
2026-08-21T20:22:59+00:00,2026-08-17,35,S100YSXV,E12882,,7010001054095,農林中金全共連アセットマネジメント株式会社,G02574,030,10A000,160,2025-11-18,2026-11-16,2026-08-17 09:07,半期報告書（内国投資信託受益証券）－第26期(2025/11/18－2026/11/16),,,,,,,0,0,0,1,1,0,0,1
2026-08-21T20:22:59+00:00,2026-08-17,33,S100YT1Q,E13343,,8010001040648,ＢＮＹメロン・インベストメント・マネジメント・ジャパン株式会社,G08789,030,04A000,030,,,2026-08-17 09:07,有価証券届出書（内国投資信託受益証券）,,,,,,,0,0,0,1,1,1,0,1
2026-08-21T20:22:59+00:00,2026-08-17,34,S100YUNU,E10677,,9010001021473,アセットマネジメントＯｎｅ株式会社,G11944,030,10A000,160,2025-11-18,2026-11-16,2026-08-17 09:07,半期報告書（内国投資信託受益証券）－第28期(2025/11/18－2026/11/16),,,,,,,0,0,0,1,1,0,0,1
2026-08-21T20:22:59+00:00,2026-08-17,36,S100YVZV,E35933,,5010001203678,Ｇｌｏｂａｌ　Ｘ　Ｊａｐａｎ株式会社,G15029,030,04A000,030,,,2026-08-17 09:07,有価証券届出書（内国投資信託受益証券）,,,,,,,0,0,0,1,1,1,0,1
2026-08-21T20:22:59+00:00,2026-08-17,32,S100YALW,E30994,,8010001036852,いちよしアセットマネジメント株式会社,G10843,030,04A000,030,,,2026-08-17 09:06,有価証券届出書（内国投資信託受益証券）,,,,,,,0,0,0,1,1,1,0,1
2026-08-21T20:22:59+00:00,2026-08-17,26,S100YALY,E30994,,8010001036852,いちよしアセットマネジメント株式会社,G10843,030,10A000,160,2025-11-18,2026-11-16,2026-08-17 09:06,半期報告書（内国投資信託受益証券）－第12期(2025/11/18－2026/11/16),,,,,,,0,0,0,1,1,0,0,1
2026-08-21T20:22:59+00:00,2026-08-17,31,S100YQ1U,E12444,,8010001114914,三井住友トラスト・アセットマネジメント株式会社,G15069,030,995000,180,,,2026-08-17 09:06,臨時報告書（内国特定有価証券）,,,,第29条第2項第4号,,,0,0,0,1,1,0,0,1
2026-08-21T20:22:59+00:00,2026-08-17,30,S100YS5X,E12460,,7010001054021,野村アセットマネジメント株式会社,G02297,030,995000,180,,,2026-08-17 09:06,臨時報告書（内国特定有価証券）,,,,第29条第2項第4号,,,0,0,0,1,1,0,0,1
2026-08-21T20:22:59+00:00,2026-08-17,27,S100YSW4,E08957,,4010401049128,三井住友ＤＳアセットマネジメント株式会社,G15060,030,04A000,030,,,2026-08-17 09:06,有価証券届出書（内国投資信託受益証券）,,,,,,,0,0,0,1,1,1,0,1
2026-08-21T20:22:59+00:00,2026-08-17,29,S100YSXS,E12882,,7010001054095,農林中金全共連アセットマネジメント株式会社,G02574,030,04A000,030,,,2026-08-17 09:06,有価証券届出書（内国投資信託受益証券）,,,,,,,0,0,0,1,1,1,0,1
2026-08-21T20:22:59+00:00,2026-08-17,24,S100YT1T,E13343,,8010001040648,ＢＮＹメロン・インベストメント・マネジメント・ジャパン株式会社,G08789,030,07A000,120,2025-05-20,2026-05-18,2026-08-17 09:06,有価証券報告書（内国投資信託受益証券）－第14期(2025/05/20－2026/05/18),,,,,,,0,0,0,1,1,1,0,1
2026-08-21T20:22:59+00:00,2026-08-17,25,S100YVZT,E35933,,5010001203678,Ｇｌｏｂａｌ　Ｘ　Ｊａｐａｎ株式会社,G15029,030,07A000,120,2025-11-25,2026-05-24,2026-08-17 09:06,有価証券報告書（内国投資信託受益証券）－第5期(2025/11/25－2026/05/24),,,,,,,0,0,0,1,1,1,0,1
2026-08-21T20:22:59+00:00,2026-08-17,28,S100YWYP,E03810,,6010001074037,野村證券株式会社,,060,010002,350,,,2026-08-17 09:06,変更報告書,E01824,,,,S100MO9B,,0,0,0,1,1,1,0,1
2026-08-21T20:22:59+00:00,2026-08-17,22,S100YALT,E30994,,8010001036852,いちよしアセットマネジメント株式会社,G10842,030,04A000,030,,,2026-08-17 09:05,有価証券届出書（内国投資信託受益証券）,,,,,,,0,0,0,1,1,1,0,1
2026-08-21T20:22:59+00:00,2026-08-17,19,S100YALV,E30994,,8010001036852,いちよしアセットマネジメント株式会社,G10842,030,10A000,160,2025-11-18,2026-11-16,2026-08-17 09:05,半期報告書（内国投資信託受益証券）－第12期(2025/11/18－2026/11/16),,,,,,,0,0,0,1,1,0,0,1
2026-08-21T20:22:59+00:00,2026-08-17,18,S100YQ1D,E12444,,8010001114914,三井住友トラスト・アセットマネジメント株式会社,G10252,030,995000,180,,,2026-08-17 09:05,臨時報告書（内国特定有価証券）,,,,第29条第2項第4号,,,0,0,0,1,1,0,0,1
2026-08-21T20:22:59+00:00,2026-08-17,23,S100YQ1O,E12444,,8010001114914,三井住友トラスト・アセットマネジメント株式会社,G14972,030,995000,180,,,2026-08-17 09:05,臨時報告書（内国特定有価証券）,,,,第29条第2項第4号,,,0,0,0,1,1,0,0,1
2026-08-21T20:22:59+00:00,2026-08-17,21,S100YSW2,E08957,,4010401049128,三井住友ＤＳアセットマネジメント株式会社,G15060,030,07A000,120,2025-11-21,2026-05-20,2026-08-17 09:05,有価証券報告書（内国投資信託受益証券）－第5期(2025/11/21－2026/05/20),,,,,,,0,0,0,1,1,1,0,1
2026-08-21T20:22:59+00:00,2026-08-17,20,S100YVZR,E35933,,5010001203678,Ｇｌｏｂａｌ　Ｘ　Ｊａｐａｎ株式会社,G14726,030,04A000,030,,,2026-08-17 09:05,有価証券届出書（内国投資信託受益証券）,,,,,,,0,0,0,1,1,1,0,1
2026-08-21T20:22:59+00:00,2026-08-17,16,S100YS9Y,E06458,,6010001024529,ドイチェ・アセット・マネジメント株式会社,G02079,030,10A000,160,2025-11-18,2026-11-16,2026-08-17 09:04,半期報告書（内国投資信託受益証券）－第28期(2025/11/18－2026/11/16),,,,,,,0,0,0,1,1,0,0,1
2026-08-21T20:22:59+00:00,2026-08-17,17,S100YSVC,E08957,,4010401049128,三井住友ＤＳアセットマネジメント株式会社,G13847,030,04A000,030,,,2026-08-17 09:04,有価証券届出書（内国投資信託受益証券）,,,,,,,0,0,0,1,1,1,0,1
2026-08-21T20:22:59+00:00,2026-08-17,12,S100YP8O,E12444,,8010001114914,三井住友トラスト・アセットマネジメント株式会社,G14978,030,995000,180,,,2026-08-17 09:03,臨時報告書（内国特定有価証券）,,,,第29条第2項第4号,,,0,0,0,1,1,0,0,1
2026-08-21T20:22:59+00:00,2026-08-17,11,S100YP9H,E01993,69180,6012301000127,株式会社アバールデータ,,010,170000,220,,,2026-08-17 09:03,自己株券買付状況報告書（法２４条の６第１項に基づくもの）,,,,,,,0,0,0,1,1,0,0,1
2026-08-21T20:22:59+00:00,2026-08-17,10,S100YPLN,E12460,,7010001054021,野村アセットマネジメント株式会社,G14533,030,07A000,120,2025-05-20,2026-05-18,2026-08-17 09:03,有価証券報告書（内国投資信託受益証券）－第4期(2025/05/20－2026/05/18),,,,,,,0,0,0,1,1,1,0,1
2026-08-21T20:22:59+00:00,2026-08-17,14,S100YQ1B,E12444,,8010001114914,三井住友トラスト・アセットマネジメント株式会社,G15057,030,995000,180,,,2026-08-17 09:03,臨時報告書（内国特定有価証券）,,,,第29条第2項第4号,,,0,0,0,1,1,0,0,1
2026-08-21T20:22:59+00:00,2026-08-17,13,S100YSVB,E08957,,4010401049128,三井住友ＤＳアセットマネジメント株式会社,G13847,030,10A000,160,2025-11-21,2026-11-20,2026-08-17 09:03,半期報告書（内国投資信託受益証券）－第7期(2025/11/21－2026/11/20),,,,,,,0,0,0,1,1,0,0,1
2026-08-21T20:22:59+00:00,2026-08-17,15,S100YVZN,E35933,,5010001203678,Ｇｌｏｂａｌ　Ｘ　Ｊａｐａｎ株式会社,G14726,030,07A000,120,2025-11-25,2026-05-24,2026-08-17 09:03,有価証券報告書（内国投資信託受益証券）－第7期(2025/11/25－2026/05/24),,,,,,,0,0,0,1,1,1,0,1
2026-08-21T20:22:59+00:00,2026-08-17,9,S100YPNG,E08957,,4010401049128,三井住友ＤＳアセットマネジメント株式会社,G13302,030,04A000,030,,,2026-08-17 09:02,有価証券届出書（内国投資信託受益証券）,,,,,,,0,0,0,1,1,1,0,1
2026-08-21T20:22:59+00:00,2026-08-17,7,S100YQ14,E12444,,8010001114914,三井住友トラスト・アセットマネジメント株式会社,G08681,030,995000,180,,,2026-08-17 09:02,臨時報告書（内国特定有価証券）,,,,第29条第2項第4号,,,0,0,0,1,1,0,0,1
2026-08-21T20:22:59+00:00,2026-08-17,8,S100YX60,E35941,40110,4011101040211,株式会社ヘッドウォータース,,010,042000,135,,,2026-08-17 09:02,確認書,,,,,,,0,0,0,0,1,0,0,0
2026-08-21T20:22:59+00:00,2026-08-17,5,S100YPLP,E12460,,7010001054021,野村アセットマネジメント株式会社,G14533,030,04A000,030,,,2026-08-17 09:01,有価証券届出書（内国投資信託受益証券）,,,,,,,0,0,0,1,1,1,0,1
2026-08-21T20:22:59+00:00,2026-08-17,6,S100YPNF,E08957,,4010401049128,三井住友ＤＳアセットマネジメント株式会社,G13302,030,07A000,120,2025-11-21,2026-05-20,2026-08-17 09:01,有価証券報告書（内国投資信託受益証券）－第27期(2025/11/21－2026/05/20),,,,,,,0,0,0,1,1,1,0,1
2026-08-21T20:22:59+00:00,2026-08-17,4,S100YX64,E35941,40110,4011101040211,株式会社ヘッドウォータース,,010,053000,180,,,2026-08-17 09:01,臨時報告書,,,,第19条第2項第19号,,,0,0,0,1,1,0,0,1
2026-08-21T20:22:59+00:00,2026-08-17,1,S100YQNW,E12444,,8010001114914,三井住友トラスト・アセットマネジメント株式会社,G05088,030,995000,180,,,2026-08-17 09:00,臨時報告書（内国特定有価証券）,,,,第29条第2項第4号,,,0,0,0,1,1,0,0,1
2026-08-21T20:22:59+00:00,2026-08-17,3,S100YVTI,E12448,,8010401040306,明治安田アセットマネジメント株式会社,G03455,030,995000,180,,,2026-08-17 09:00,臨時報告書（内国特定有価証券）,,,,第29条第2項第4号,,,0,0,0,1,1,0,0,1
2026-08-21T20:22:59+00:00,2026-08-17,2,S100YX6B,E35941,40110,4011101040211,株式会社ヘッドウォータース,,010,043A00,160,2026-01-01,2026-12-31,2026-08-17 09:00,半期報告書－第22期(2026/01/01－2026/12/31),,,,,,,0,0,0,1,1,0,0,1
2026-08-21T20:22:59+00:00,2026-08-14,647,S100YWG0,E05280,87980,9120001073842,株式会社アドバンスクリエイト,,010,043A00,160,2025-10-01,2026-09-30,2026-08-14 17:15,半期報告書－第31期(2025/10/01－2026/09/30),,,,,,,0,0,0,1,1,0,0,1
2026-08-21T20:22:59+00:00,2026-08-14,648,S100YWG5,E05280,87980,9120001073842,株式会社アドバンスクリエイト,,010,042000,135,,,2026-08-14 17:15,確認書,,,,,,,0,0,0,0,1,0,0,0
2026-08-21T20:22:59+00:00,2026-08-14,636,S100YWGM,E05280,87980,9120001073842,株式会社アドバンスクリエイト,,015,010001,236,,,2026-08-14 17:15,訂正内部統制報告書－第26期(2020/10/01－2021/09/30),,,,,S100N544,,0,0,0,1,1,0,0,1
2026-08-21T20:22:59+00:00,2026-08-14,638,S100YWH0,E05280,87980,9120001073842,株式会社アドバンスクリエイト,,015,010001,236,,,2026-08-14 17:15,訂正内部統制報告書－第27期(2021/10/01－2022/09/30),,,,,S100PTSC,,0,0,0,1,1,0,0,1
2026-08-21T20:22:59+00:00,2026-08-14,628,S100YWH6,E05280,87980,9120001073842,株式会社アドバンスクリエイト,,010,030001,130,,,2026-08-14 17:15,訂正有価証券報告書－第28期(2022/10/01－2023/09/30),,,,,S100SHE5,,0,0,0,1,1,0,0,1
2026-08-21T20:22:59+00:00,2026-08-14,639,S100YWH9,E05280,87980,9120001073842,株式会社アドバンスクリエイト,,015,010001,236,,,2026-08-14 17:15,訂正内部統制報告書－第28期(2022/10/01－2023/09/30),,,,,S100SHED,,0,0,0,1,1,0,0,1
2026-08-21T20:22:59+00:00,2026-08-14,629,S100YWHD,E05280,87980,9120001073842,株式会社アドバンスクリエイト,,010,043001,150,,,2026-08-14 17:15,訂正四半期報告書－第29期第1四半期(2023/10/01－2023/12/31),,,,,S100STRB,,0,0,0,1,1,0,0,1
2026-08-21T20:22:59+00:00,2026-08-14,631,S100YWHH,E05280,87980,9120001073842,株式会社アドバンスクリエイト,,010,043001,150,,,2026-08-14 17:15,訂正四半期報告書－第29期第2四半期(2024/01/01－2024/03/31),,,,,S100TFVI,,0,0,0,1,1,0,0,1
2026-08-21T20:22:59+00:00,2026-08-14,632,S100YWHN,E05280,87980,9120001073842,株式会社アドバンスクリエイト,,010,030001,130,,,2026-08-14 17:15,訂正有価証券報告書－第29期(2023/10/01－2024/09/30),,,,,S100VBQ5,,0,0,0,1,1,0,0,1
2026-08-21T20:22:59+00:00,2026-08-14,640,S100YWHS,E05280,87980,9120001073842,株式会社アドバンスクリエイト,,015,010001,236,,,2026-08-14 17:15,訂正内部統制報告書－第29期(2023/10/01－2024/09/30),,,,,S100VBQA,,0,0,0,1,1,0,0,1
2026-08-21T20:22:59+00:00,2026-08-14,633,S100YWHY,E05280,87980,9120001073842,株式会社アドバンスクリエイト,,010,043A01,170,,,2026-08-14 17:15,訂正半期報告書－第30期(2024/10/01－2025/09/30),,,,,S100VRK9,,0,0,0,1,1,0,0,1
2026-08-21T20:22:59+00:00,2026-08-14,634,S100YWI3,E05280,87980,9120001073842,株式会社アドバンスクリエイト,,010,030001,130,,,2026-08-14 17:15,訂正有価証券報告書－第30期(2024/10/01－2025/09/30),,,,,S100XB5U,,0,0,0,1,1,0,0,1
2026-08-21T20:22:59+00:00,2026-08-14,641,S100YWI5,E05280,87980,9120001073842,株式会社アドバンスクリエイト,,015,010001,236,,,2026-08-14 17:15,訂正内部統制報告書－第30期(2024/10/01－2025/09/30),,,,,S100XB58,,0,0,0,1,1,0,0,1
2026-08-21T20:22:59+00:00,2026-08-14,630,S100YX4R,E05280,87980,9120001073842,株式会社アドバンスクリエイト,,010,042100,135,,,2026-08-14 17:15,確認書,,,,,S100YWGI,,0,0,0,0,1,0,0,0
2026-08-21T20:22:59+00:00,2026-08-14,635,S100YX4S,E05280,87980,9120001073842,株式会社アドバンスクリエイト,,010,042100,135,,,2026-08-14 17:15,確認書,,,,,S100YWGT,,0,0,0,0,1,0,0,0
2026-08-21T20:22:59+00:00,2026-08-14,637,S100YX4U,E05280,87980,9120001073842,株式会社アドバンスクリエイト,,010,042100,135,,,2026-08-14 17:15,確認書,,,,,S100YWH6,,0,0,0,0,1,0,0,0
2026-08-21T20:22:59+00:00,2026-08-14,642,S100YX4W,E05280,87980,9120001073842,株式会社アドバンスクリエイト,,010,042300,135,,,2026-08-14 17:15,確認書,,,,,S100YWHD,,0,0,0,0,1,0,0,0
2026-08-21T20:22:59+00:00,2026-08-14,643,S100YX4X,E05280,87980,9120001073842,株式会社アドバンスクリエイト,,010,042300,135,,,2026-08-14 17:15,確認書,,,,,S100YWHH,,0,0,0,0,1,0,0,0
2026-08-21T20:22:59+00:00,2026-08-14,644,S100YX4Z,E05280,87980,9120001073842,株式会社アドバンスクリエイト,,010,042100,135,,,2026-08-14 17:15,確認書,,,,,S100YWHN,,0,0,0,0,1,0,0,0
2026-08-21T20:22:59+00:00,2026-08-14,645,S100YX50,E05280,87980,9120001073842,株式会社アドバンスクリエイト,,010,042200,135,,,2026-08-14 17:15,確認書,,,,,S100YWHY,,0,0,0,0,1,0,0,0
2026-08-21T20:22:59+00:00,2026-08-14,646,S100YX51,E05280,87980,9120001073842,株式会社アドバンスクリエイト,,010,042100,135,,,2026-08-14 17:15,確認書,,,,,S100YWI3,,0,0,0,0,1,0,0,0
2026-08-21T20:22:59+00:00,2026-08-14,627,S100YWGT,E05280,87980,9120001073842,株式会社アドバンスクリエイト,,010,030001,130,,,2026-08-14 17:14,訂正有価証券報告書－第27期(2021/10/01－2022/09/30),,,,,S100PTSP,,0,0,0,1,1,0,0,1
2026-08-21T20:22:59+00:00,2026-08-14,626,S100YWGI,E05280,87980,9120001073842,株式会社アドバンスクリエイト,,010,030001,130,,,2026-08-14 17:13,訂正有価証券報告書－第26期(2020/10/01－2021/09/30),,,,,S100N540,,0,0,0,1,1,0,0,1
2026-08-21T20:22:59+00:00,2026-08-14,625,S100YWS2,E00879,41180,8120001059628,株式会社カネカ,,010,113001,090,,,2026-08-14 17:12,訂正発行登録書,,,,,S100VN9S,,0,0,0,0,1,0,0,0
2026-08-21T20:22:59+00:00,2026-08-14,624,S100YX0Q,E00879,41180,8120001059628,株式会社カネカ,,010,053001,190,,,2026-08-14 17:10,訂正臨時報告書,,,,第19条第2項第2号の2,S100YOUT,,0,0,0,1,1,0,0,1
2026-08-21T20:22:59+00:00,2026-08-14,623,S100YX4O,E35563,70960,8010401038548,株式会社ステムセル研究所,,010,053000,180,,,2026-08-14 17:10,臨時報告書,,,,第19条第2項第2号の2,,,0,0,0,1,1,0,0,1
2026-08-21T20:22:59+00:00,2026-08-14,622,S100YX40,E36031,77900,8270001005096,株式会社バルコス,,010,053000,180,,,2026-08-14 17:09,臨時報告書,,,,第19条第2項第19号,,,0,0,0,1,1,0,0,1
2026-08-21T20:22:59+00:00,2026-08-14,621,S100YX44,E36031,77900,8270001005096,株式会社バルコス,,010,042000,135,,,2026-08-14 17:09,確認書,,,,,,,0,0,0,0,1,0,0,0
2026-08-21T20:22:59+00:00,2026-08-14,620,S100YX4E,E36031,77900,8270001005096,株式会社バルコス,,010,043A00,160,2026-01-01,2026-12-31,2026-08-14 17:08,半期報告書－第36期(2026/01/01－2026/12/31),,,,,,,0,0,0,1,1,0,0,1
2026-08-21T20:22:59+00:00,2026-08-14,619,S100YX4M,E05510,37770,9010501033506,株式会社環境フレンドリーホールディングス,,010,042000,135,,,2026-08-14 17:03,確認書,,,,,,,0,0,0,0,1,0,0,0
2026-08-21T20:22:59+00:00,2026-08-14,616,S100YWUE,E37506,50280,1010001176151,セカンドサイトアナリティカ株式会社,,010,043A00,160,2026-01-01,2026-12-31,2026-08-14 17:02,半期報告書－第11期(2026/01/01－2026/12/31),,,,,,,0,0,0,1,1,0,0,1
2026-08-21T20:22:59+00:00,2026-08-14,617,S100YWYG,E37506,50280,1010001176151,セカンドサイトアナリティカ株式会社,,010,042000,135,,,2026-08-14 17:02,確認書,,,,,,,0,0,0,0,1,0,0,0
2026-08-21T20:22:59+00:00,2026-08-14,618,S100YX23,E05301,45630,6120901013446,アンジェス株式会社,,010,042000,135,,,2026-08-14 17:02,確認書,,,,,,,0,0,0,0,1,0,0,0
2026-08-21T20:22:59+00:00,2026-08-14,615,S100YWS4,E05301,45630,6120901013446,アンジェス株式会社,,010,043A00,160,2026-01-01,2026-12-31,2026-08-14 17:01,半期報告書－第28期(2026/01/01－2026/12/31),,,,,,,0,0,0,1,1,0,0,1
2026-08-21T20:22:59+00:00,2026-08-14,614,S100YVH7,E10670,,2010001066608,シンプレクス・アセット・マネジメント株式会社,,060,010002,350,,,2026-08-14 17:00,変更報告書,E02672,,,,S100L6Z6,,0,0,0,1,1,0,0,1
2026-08-21T20:22:59+00:00,2026-08-14,613,S100YVWV,E36422,,,加藤　公一レオ,,060,010002,350,,,2026-08-14 17:00,変更報告書,E36421,,,,,,0,0,0,1,1,1,0,1
2026-08-21T20:22:59+00:00,2026-08-14,612,S100YX4K,E05510,37770,9010501033506,株式会社環境フレンドリーホールディングス,,010,043A00,160,2026-01-01,2026-12-31,2026-08-14 16:59,半期報告書－第33期(2026/01/01－2026/12/31),,,,,,,0,0,0,1,1,0,0,1
2026-08-21T20:22:59+00:00,2026-08-14,610,S100YX4J,E05301,45630,6120901013446,アンジェス株式会社,,010,023000,030,,,2026-08-14 16:56,有価証券届出書（参照方式）,,,,,,,0,0,0,1,1,1,0,1
2026-08-21T20:22:59+00:00,2026-08-14,609,S100YX2Z,E04914,96120,6011101022356,株式会社ラックランド,,010,053000,180,,,2026-08-14 16:52,臨時報告書,,,,第19条第2項第4号,,,0,0,0,1,1,0,0,1
2026-08-21T20:22:59+00:00,2026-08-14,608,S100YWVM,E35514,70930,1010701029988,アディッシュ株式会社,,010,042000,135,,,2026-08-14 16:51,確認書,,,,,,,0,0,0,0,1,0,0,0
2026-08-21T20:22:59+00:00,2026-08-14,607,S100YWVJ,E35514,70930,1010701029988,アディッシュ株式会社,,010,043A00,160,2026-01-01,2026-12-31,2026-08-14 16:49,半期報告書－第13期(2026/01/01－2026/12/31),,,,,,,0,0,0,1,1,0,0,1
2026-08-21T20:22:59+00:00,2026-08-14,605,S100YWV2,E38417,,5010401118682,アースエレメンツ・キャピタル株式会社,,060,010002,350,,,2026-08-14 16:48,変更報告書,E31131,,,,,,0,0,0,1,1,0,0,1
2026-08-21T20:22:59+00:00,2026-08-14,606,S100YWXN,E37985,95630,8012401033578,Ａｔｌａｓ　Ｔｅｃｈｎｏｌｏｇｉｅｓ株式会社,,010,042000,135,,,2026-08-14 16:48,確認書,,,,,,,0,0,0,0,1,0,0,0
2026-08-21T20:22:59+00:00,2026-08-14,603,S100YWUP,E38417,,5010401118682,アースエレメンツ・キャピタル株式会社,,060,010002,350,,,2026-08-14 16:47,変更報告書,E31131,,,,,,0,0,0,1,1,0,0,1
2026-08-21T20:22:59+00:00,2026-08-14,604,S100YWXJ,E37985,95630,8012401033578,Ａｔｌａｓ　Ｔｅｃｈｎｏｌｏｇｉｅｓ株式会社,,010,043A00,160,2026-01-01,2026-12-31,2026-08-14 16:47,半期報告書－第9期(2026/01/01－2026/12/31),,,,,,,0,0,0,1,1,0,0,1
2026-08-21T20:22:59+00:00,2026-08-14,602,S100YWEX,E38373,52410,7010001006022,株式会社日本オーエー研究所,,010,042000,135,,,2026-08-14 16:42,確認書,,,,,,,0,0,0,0,1,0,0,0
2026-08-21T20:22:59+00:00,2026-08-14,600,S100YW2T,E37220,92570,,ＹＣＰホールディングス（グローバル）リミテッド,,010,092000,135,,,2026-08-14 16:40,確認書－第6期(2026/01/01－2026/12/31),,,,,,,0,0,0,0,1,1,0,0
2026-08-21T20:22:59+00:00,2026-08-14,601,S100YWES,E38373,52410,7010001006022,株式会社日本オーエー研究所,,010,043A00,160,2026-01-01,2026-12-31,2026-08-14 16:40,半期報告書－第45期(2026/01/01－2026/12/31),,,,,,,0,0,0,1,1,0,0,1
2026-08-21T20:22:59+00:00,2026-08-14,599,S100YW2N,E37220,92570,,ＹＣＰホールディングス（グローバル）リミテッド,,010,093A00,160,2026-01-01,2026-12-31,2026-08-14 16:38,半期報告書－第6期(2026/01/01－2026/12/31),,,,,,,0,0,0,0,1,1,0,0
2026-08-21T20:22:59+00:00,2026-08-14,598,S100YWZL,E39136,58680,5120001092383,株式会社ロココ,,010,042000,135,,,2026-08-14 16:34,確認書,,,,,,,0,0,0,0,1,0,0,0
2026-08-21T20:22:59+00:00,2026-08-14,597,S100YX2E,E37419,77930,4030001059302,株式会社イメージ・マジック,,010,042000,135,,,2026-08-14 16:34,確認書,,,,,,,0,0,0,0,1,0,0,0
2026-08-21T20:22:59+00:00,2026-08-14,596,S100YWZD,E39136,58680,5120001092383,株式会社ロココ,,010,043A00,160,2026-01-01,2026-12-31,2026-08-14 16:33,半期報告書－第33期(2026/01/01－2026/12/31),,,,,,,0,0,0,1,1,0,0,1
2026-08-21T20:22:59+00:00,2026-08-14,595,S100YX29,E37419,77930,4030001059302,株式会社イメージ・マジック,,010,043A00,160,2026-01-01,2026-12-31,2026-08-14 16:33,半期報告書－第32期(2026/01/01－2026/12/31),,,,,,,0,0,0,1,1,0,0,1
2026-08-21T20:22:59+00:00,2026-08-14,594,S100YX2K,E36431,73630,5010401065685,株式会社ベビーカレンダー,,010,042000,135,,,2026-08-14 16:31,確認書,,,,,,,0,0,0,0,1,0,0,0
2026-08-21T20:22:59+00:00,2026-08-14,593,S100YWZH,E01944,65920,2040001036954,マブチモーター株式会社,,010,042000,135,,,2026-08-14 16:30,確認書,,,,,,,0,0,0,0,1,0,0,0
2026-08-21T20:22:59+00:00,2026-08-14,592,S100YX2J,E36431,73630,5010401065685,株式会社ベビーカレンダー,,010,043A00,160,2026-01-01,2026-12-31,2026-08-14 16:30,半期報告書－第36期(2026/01/01－2026/12/31),,,,,,,0,0,0,1,1,0,0,1
2026-08-21T20:22:59+00:00,2026-08-14,591,S100YWZC,E01944,65920,2040001036954,マブチモーター株式会社,,010,043A00,160,2026-01-01,2026-12-31,2026-08-14 16:29,半期報告書－第86期(2026/01/01－2026/12/31),,,,,,,0,0,0,1,1,0,0,1
2026-08-21T20:22:59+00:00,2026-08-14,589,S100YX12,E41542,590A0,5010701049776,ギフティグループ株式会社,,010,053000,180,,,2026-08-14 16:24,臨時報告書,,,,第19条第2項第3号,,,0,0,0,1,1,0,0,1
2026-08-21T20:22:59+00:00,2026-08-14,590,S100YX48,E36134,73660,4011001133197,株式会社ＬＩＴＡＬＩＣＯ,,010,170000,220,,,2026-08-14 16:24,自己株券買付状況報告書（法２４条の６第１項に基づくもの）,,,,,,,0,0,0,1,1,0,0,1
2026-08-21T20:22:59+00:00,2026-08-14,588,S100YX47,E02083,67210,3020001025396,ウインテスト株式会社,,010,042000,135,,,2026-08-14 16:23,確認書,,,,,,,0,0,0,0,1,0,0,0
2026-08-21T20:22:59+00:00,2026-08-14,587,S100YWRJ,E12328,286A0,8010401056616,株式会社ユカリア,,010,042000,135,,,2026-08-14 16:22,確認書,,,,,,,0,0,0,0,1,0,0,0
2026-08-21T20:22:59+00:00,2026-08-14,585,S100YX17,E41542,590A0,5010701049776,ギフティグループ株式会社,,010,053000,180,,,2026-08-14 16:22,臨時報告書,,,,第19条第2項第7号,,,0,0,0,1,1,0,0,1
2026-08-21T20:22:59+00:00,2026-08-14,586,S100YX46,E02083,67210,3020001025396,ウインテスト株式会社,,010,043A00,160,2026-01-01,2026-12-31,2026-08-14 16:22,半期報告書－第34期(2026/01/01－2026/12/31),,,,,,,0,0,0,1,1,0,0,1
2026-08-21T20:22:59+00:00,2026-08-14,583,S100YWBQ,E38762,,,ＳＨ　Ｉｎｖｅｓｔｍｅｎｔ，　Ｉｎｃ,,060,090001,360,,,2026-08-14 16:21,訂正報告書（大量保有報告書・変更報告書）,E00780,,,,S100YQN2,,0,0,0,1,1,1,0,1
2026-08-21T20:22:59+00:00,2026-08-14,584,S100YWR5,E12328,286A0,8010401056616,株式会社ユカリア,,010,043A00,160,2026-01-01,2026-12-31,2026-08-14 16:21,半期報告書－第22期(2026/01/01－2026/12/31),,,,,,,0,0,0,1,1,0,0,1
2026-08-21T20:22:59+00:00,2026-08-14,582,S100YWBX,E38762,,,ＳＨ　Ｉｎｖｅｓｔｍｅｎｔ，　Ｉｎｃ,,060,090001,360,,,2026-08-14 16:20,訂正報告書（大量保有報告書・変更報告書）,E00780,,,,S100YQYR,,0,0,0,1,1,1,0,1
2026-08-21T20:22:59+00:00,2026-08-14,581,S100YWC0,E38762,,,ＳＨ　Ｉｎｖｅｓｔｍｅｎｔ，　Ｉｎｃ,,060,090001,360,,,2026-08-14 16:20,訂正報告書（大量保有報告書・変更報告書）,E00780,,,,S100YSSH,,0,0,0,1,1,1,0,1
2026-08-21T20:22:59+00:00,2026-08-14,580,S100YWBI,E38762,,,ＳＨ　Ｉｎｖｅｓｔｍｅｎｔ，　Ｉｎｃ,,060,090001,360,,,2026-08-14 16:19,訂正報告書（大量保有報告書・変更報告書）,E00780,,,,S100YNBH,,0,0,0,1,1,1,0,1
2026-08-21T20:22:59+00:00,2026-08-14,579,S100YX3U,E05497,37750,1010701022159,株式会社ガイアックス,,010,042000,135,,,2026-08-14 16:19,確認書,,,,,,,0,0,0,0,1,0,0,0
2026-08-21T20:22:59+00:00,2026-08-14,578,S100YX45,E32855,39760,1010401052638,株式会社シャノン,,010,042000,135,,,2026-08-14 16:19,確認書,,,,,,,0,0,0,0,1,0,0,0
2026-08-21T20:22:59+00:00,2026-08-14,577,S100YX3Y,E32855,39760,1010401052638,株式会社シャノン,,010,043A00,160,2026-01-01,2026-06-30,2026-08-14 16:18,半期報告書－第26期(2026/01/01－2026/06/30),,,,,,,0,2,0,1,1,0,0,1
2026-08-21T20:22:59+00:00,2026-08-18,123,S100YX3Y,E32855,39760,1010401052638,株式会社シャノン,,010,043A00,160,2026-01-01,2026-12-31,2026-08-14 16:18,半期報告書－第26期(2026/01/01－2026/12/31),,,,,,2026-08-18 15:06,0,1,0,1,1,0,0,1
2026-08-21T20:22:59+00:00,2026-08-14,576,S100YWXZ,E02378,79360,8140001005877,株式会社アシックス,,010,113001,090,,,2026-08-14 16:16,訂正発行登録書,,,,,S100XV15,,0,0,0,0,1,0,0,0
2026-08-21T20:22:59+00:00,2026-08-14,574,S100YX3O,E40058,265A0,9020001096754,Ｈｍｃｏｍｍ株式会社,,010,042000,135,,,2026-08-14 16:16,確認書,,,,,,,0,0,0,0,1,0,0,0
2026-08-21T20:22:59+00:00,2026-08-14,575,S100YX3R,E00505,25970,9010401030413,株式会社ユニカフェ,,010,042000,135,,,2026-08-14 16:16,確認書,,,,,,,0,0,0,0,1,0,0,0
2026-08-21T20:22:59+00:00,2026-08-14,573,S100YVFO,E20616,34790,7010001105955,株式会社ＴＫＰ,,010,170000,220,,,2026-08-14 16:15,自己株券買付状況報告書（法２４条の６第１項に基づくもの）,,,,,,,0,0,0,1,1,0,0,1
2026-08-21T20:22:59+00:00,2026-08-14,572,S100YX3S,E01675,62760,3120101005362,シリウスビジョン株式会社,,010,042000,135,,,2026-08-14 16:15,確認書,,,,,,,0,0,0,0,1,0,0,0
2026-08-21T20:22:59+00:00,2026-08-14,571,S100YX3V,E30898,31960,6370301002917,株式会社ホットランドホールディングス,,010,042000,135,,,2026-08-14 16:15,確認書,,,,,,,0,0,0,0,1,0,0,0
2026-08-21T20:22:59+00:00,2026-08-14,570,S100YX3J,E40058,265A0,9020001096754,Ｈｍｃｏｍｍ株式会社,,010,043A00,160,2026-01-01,2026-12-31,2026-08-14 16:14,半期報告書－第15期(2026/01/01－2026/12/31),,,,,,,0,0,0,1,1,0,0,1
2026-08-21T20:22:59+00:00,2026-08-14,569,S100YX3T,E30898,31960,6370301002917,株式会社ホットランドホールディングス,,010,043A00,160,2026-01-01,2026-12-31,2026-08-14 16:14,半期報告書－第36期(2026/01/01－2026/12/31),,,,,,,0,0,0,1,1,0,0,1
2026-08-21T20:22:59+00:00,2026-08-14,568,S100YX3W,E33868,65730,6011001056801,ＣＲＡＶＩＡ株式会社,,010,042000,135,,,2026-08-14 16:14,確認書,,,,,,,0,0,0,0,1,0,0,0
2026-08-21T20:22:59+00:00,2026-08-14,567,S100YX3N,E00505,25970,9010401030413,株式会社ユニカフェ,,010,043A00,160,2026-01-01,2026-12-31,2026-08-14 16:13,半期報告書－第55期(2026/01/01－2026/12/31),,,,,,,0,0,0,1,1,0,0,1
2026-08-21T20:22:59+00:00,2026-08-14,566,S100YX3P,E01675,62760,3120101005362,シリウスビジョン株式会社,,010,043A00,160,2026-01-01,2026-12-31,2026-08-14 16:13,半期報告書－第48期(2026/01/01－2026/12/31),,,,,,,0,0,0,1,1,0,0,1
2026-08-21T20:22:59+00:00,2026-08-14,564,S100YVSS,E40155,,3010401162385,ｆｕｎｄｎｏｔｅ株式会社,,060,010002,350,,,2026-08-14 16:12,変更報告書,E01897,,,,S100XGCZ,,0,0,0,1,1,0,0,1
2026-08-21T20:22:59+00:00,2026-08-14,565,S100YWKL,E33602,65610,3010401058864,株式会社ＨＡＮＡＴＯＵＲ　ＪＡＰＡＮ,,010,042000,135,,,2026-08-14 16:12,確認書,,,,,,,0,0,0,0,1,0,0,0
2026-08-21T20:22:59+00:00,2026-08-14,563,S100YWK7,E33602,65610,3010401058864,株式会社ＨＡＮＡＴＯＵＲ　ＪＡＰＡＮ,,010,043A00,160,2026-01-01,2026-12-31,2026-08-14 16:11,半期報告書－第22期(2026/01/01－2026/12/31),,,,,,,0,0,0,1,1,0,0,1
2026-08-21T20:22:59+00:00,2026-08-14,562,S100YWV7,E38452,93440,5010001078311,アクシスコンサルティング株式会社,,010,053000,180,,,2026-08-14 16:11,臨時報告書,,,,"第19条第2項第12号,第19条第2項第19号",,,0,0,0,1,1,0,0,1
2026-08-21T20:22:59+00:00,2026-08-14,561,S100YWSA,E02378,79360,8140001005877,株式会社アシックス,,010,053000,180,,,2026-08-14 16:10,臨時報告書,,,,第19条第2項第3号,,,0,0,0,1,1,0,0,1
2026-08-21T20:22:59+00:00,2026-08-14,560,S100YX3D,E03478,30530,7010601023532,株式会社ペッパーフードサービス,,010,042000,135,,,2026-08-14 16:10,確認書,,,,,,,0,0,0,0,1,0,0,0
2026-08-21T20:22:59+00:00,2026-08-14,558,S100YX3K,E03478,30530,7010601023532,株式会社ペッパーフードサービス,,010,043A00,160,2026-01-01,2026-12-31,2026-08-14 16:09,半期報告書－第42期(2026/01/01－2026/12/31),,,,,,,0,0,0,1,1,0,0,1
2026-08-21T20:22:59+00:00,2026-08-14,559,S100YX3Q,E40512,377A0,3011101112366,株式会社エージェントＩＧホールディングス,,010,042000,135,,,2026-08-14 16:09,確認書,,,,,,,0,0,0,0,1,0,0,0
2026-08-21T20:22:59+00:00,2026-08-14,555,S100YVYM,E31883,,,Ｏａｓｉｓ　Ｍａｎａｇｅｍｅｎｔ　Ｃｏｍｐａｎｙ　Ｌｔｄ．,,060,010002,350,,,2026-08-14 16:08,変更報告書,E04896,,,,,,0,0,0,1,1,1,0,1
2026-08-21T20:22:59+00:00,2026-08-14,556,S100YWAX,E39685,,1011001148909,グロースパートナーズ株式会社,,060,090001,360,,,2026-08-14 16:08,訂正報告書（大量保有報告書・変更報告書）,E33825,,,,S100YV2N,,0,0,0,1,1,1,0,1
2026-08-21T20:22:59+00:00,2026-08-14,557,S100YWBF,E39685,,1011001148909,グロースパートナーズ株式会社,,060,010002,350,,,2026-08-14 16:08,変更報告書,E33825,,,,S100VN4R,,0,0,0,1,1,1,0,1
2026-08-21T20:22:59+00:00,2026-08-14,554,S100YWS1,E05497,37750,1010701022159,株式会社ガイアックス,,010,043A00,160,2026-01-01,2026-12-31,2026-08-14 16:07,半期報告書－第29期(2026/01/01－2026/12/31),,,,,,,0,0,0,1,1,0,0,1
2026-08-21T20:22:59+00:00,2026-08-14,553,S100YWS8,E02378,79360,8140001005877,株式会社アシックス,,010,042000,135,,,2026-08-14 16:07,確認書,,,,,,,0,0,0,0,1,0,0,0
2026-08-21T20:22:59+00:00,2026-08-14,551,S100YWBH,E04760,43240,4010401048922,株式会社電通グループ,,010,042000,135,,,2026-08-14 16:06,確認書,,,,,,,0,0,0,0,1,0,0,0
2026-08-21T20:22:59+00:00,2026-08-14,547,S100YWR4,E36353,73620,6130001044812,株式会社Ｔ．Ｓ．Ｉ,,010,043A00,160,2026-01-01,2026-12-31,2026-08-14 16:06,半期報告書－第17期(2026/01/01－2026/12/31),,,,,,,0,0,0,1,1,0,0,1
2026-08-21T20:22:59+00:00,2026-08-14,550,S100YWR6,E36353,73620,6130001044812,株式会社Ｔ．Ｓ．Ｉ,,010,042000,135,,,2026-08-14 16:06,確認書,,,,,,,0,0,0,0,1,0,0,0
2026-08-21T20:22:59+00:00,2026-08-14,548,S100YWR7,E35163,44770,7010401103229,ＢＡＳＥ株式会社,,010,170000,220,,,2026-08-14 16:06,自己株券買付状況報告書（法２４条の６第１項に基づくもの）,,,,,,,0,0,0,1,1,0,0,1
2026-08-21T20:22:59+00:00,2026-08-14,549,S100YWYS,E30053,60810,5011001045516,アライドアーキテクツ株式会社,,010,042000,135,,,2026-08-14 16:06,確認書,,,,,,,0,0,0,0,1,0,0,0
2026-08-21T20:22:59+00:00,2026-08-14,552,S100YX3M,E38477,52550,3013201019037,株式会社モンスターラボ,,010,042000,135,,,2026-08-14 16:06,確認書,,,,,,,0,0,0,0,1,0,0,0
2026-08-21T20:22:59+00:00,2026-08-14,546,S100YVLZ,E02652,80350,4010401020757,東京エレクトロン株式会社,,010,170000,220,,,2026-08-14 16:05,自己株券買付状況報告書（法２４条の６第１項に基づくもの）,,,,,,,0,0,0,1,1,0,0,1
2026-08-21T20:22:59+00:00,2026-08-14,543,S100YWAP,E04760,43240,4010401048922,株式会社電通グループ,,010,043A00,160,2026-01-01,2026-12-31,2026-08-14 16:05,半期報告書－第178期(2026/01/01－2026/12/31),,,,,,,0,0,0,1,1,0,0,1
2026-08-21T20:22:59+00:00,2026-08-14,545,S100YWNF,E27047,36670,9011001068959,株式会社ｅｎｉｓｈ,,010,042000,135,,,2026-08-14 16:05,確認書,,,,,,,0,0,0,0,1,0,0,0
2026-08-21T20:22:59+00:00,2026-08-14,542,S100YWS6,E00377,22150,8012701009955,第一屋製パン株式会社,,010,042000,135,,,2026-08-14 16:05,確認書,,,,,,,0,0,0,0,1,0,0,0
2026-08-21T20:22:59+00:00,2026-08-14,544,S100YWYL,E30053,60810,5011001045516,アライドアーキテクツ株式会社,,010,043A00,160,2026-01-01,2026-12-31,2026-08-14 16:05,半期報告書－第22期(2026/01/01－2026/12/31),,,,,,,0,0,0,1,1,0,0,1
2026-08-21T20:22:59+00:00,2026-08-14,536,S100YVNJ,E35116,76850,4010001074187,株式会社ＢｕｙＳｅｌｌ　Ｔｅｃｈｎｏｌｏｇｉｅｓ,,010,042000,135,,,2026-08-14 16:04,確認書,,,,,,,0,0,0,0,1,0,0,0
2026-08-21T20:22:59+00:00,2026-08-14,540,S100YWE9,E32784,77820,5010001121120,株式会社シンシア,,010,042000,135,,,2026-08-14 16:04,確認書,,,,,,,0,0,0,0,1,0,0,0
2026-08-21T20:22:59+00:00,2026-08-14,538,S100YWN8,E27047,36670,9011001068959,株式会社ｅｎｉｓｈ,,010,043A00,160,2026-01-01,2026-12-31,2026-08-14 16:04,半期報告書－第18期(2026/01/01－2026/12/31),,,,,,,0,0,0,1,1,0,0,1
2026-08-21T20:22:59+00:00,2026-08-14,537,S100YWS7,E02378,79360,8140001005877,株式会社アシックス,,010,043A00,160,2026-01-01,2026-06-30,2026-08-14 16:04,半期報告書－第73期(2026/01/01－2026/06/30),,,,,,,0,0,0,1,1,0,0,1
2026-08-21T20:22:59+00:00,2026-08-14,533,S100YX06,E38157,52400,3011101065465,ｍｏｎｏＡＩ　ｔｅｃｈｎｏｌｏｇｙ株式会社,,010,042000,135,,,2026-08-14 16:04,確認書,,,,,,,0,0,0,0,1,0,0,0
2026-08-21T20:22:59+00:00,2026-08-14,539,S100YX0C,E02338,77070,9040001037483,プレシジョン・システム・サイエンス株式会社,,010,053000,180,,,2026-08-14 16:04,臨時報告書,,,,"第19条第2項第12号,第19条第2項第19号",,,0,0,0,1,1,0,0,1
2026-08-21T20:22:59+00:00,2026-08-14,535,S100YX2W,E40512,377A0,3011101112366,株式会社エージェントＩＧホールディングス,,010,043A00,160,2026-01-01,2026-12-31,2026-08-14 16:04,半期報告書－第2期(2026/01/01－2026/12/31),,,,,,,0,0,0,1,1,0,0,1
2026-08-21T20:22:59+00:00,2026-08-14,534,S100YX3C,E37176,92110,7011101050802,株式会社エフ・コード,,010,042000,135,,,2026-08-14 16:04,確認書,,,,,,,0,0,0,0,1,0,0,0
2026-08-21T20:22:59+00:00,2026-08-14,541,S100YX3I,E38477,52550,3013201019037,株式会社モンスターラボ,,010,043A00,160,2026-01-01,2026-12-31,2026-08-14 16:04,半期報告書－第21期(2026/01/01－2026/12/31),,,,,,,0,0,0,1,1,0,0,1
2026-08-21T20:22:59+00:00,2026-08-14,530,S100YVNE,E35116,76850,4010001074187,株式会社ＢｕｙＳｅｌｌ　Ｔｅｃｈｎｏｌｏｇｉｅｓ,,010,043A00,160,2026-01-01,2026-12-31,2026-08-14 16:03,半期報告書－第26期(2026/01/01－2026/12/31),,,,,,,0,0,0,1,1,0,0,1
2026-08-21T20:22:59+00:00,2026-08-14,528,S100YWD6,E30863,,8010701022466,ＪＡ三井リース株式会社,,010,113001,090,,,2026-08-14 16:03,訂正発行登録書,,,,,S100UDWE,,0,0,0,0,1,0,0,0
2026-08-21T20:22:59+00:00,2026-08-14,532,S100YWE7,E32784,77820,5010001121120,株式会社シンシア,,010,043A00,160,2026-01-01,2026-12-31,2026-08-14 16:03,半期報告書－第19期(2026/01/01－2026/12/31),,,,,,,0,0,0,1,1,0,0,1
2026-08-21T20:22:59+00:00,2026-08-14,529,S100YWS3,E00377,22150,8012701009955,第一屋製パン株式会社,,010,043A00,160,2026-01-01,2026-12-31,2026-08-14 16:03,半期報告書－第85期(2026/01/01－2026/12/31),,,,,,,0,0,0,1,1,0,0,1
2026-08-21T20:22:59+00:00,2026-08-14,531,S100YX03,E38157,52400,3011101065465,ｍｏｎｏＡＩ　ｔｅｃｈｎｏｌｏｇｙ株式会社,,010,043A00,160,2026-01-01,2026-12-31,2026-08-14 16:03,半期報告書－第14期(2026/01/01－2026/12/31),,,,,,,0,0,0,1,1,0,0,1
2026-08-21T20:22:59+00:00,2026-08-14,527,S100YX0O,E02775,99730,6012801009114,ＫＯＺＯホールディングス株式会社,,010,042000,135,,,2026-08-14 16:03,確認書,,,,,,,0,0,0,0,1,0,0,0
2026-08-21T20:22:59+00:00,2026-08-14,526,S100YX39,E37176,92110,7011101050802,株式会社エフ・コード,,010,043A00,160,2026-01-01,2026-12-31,2026-08-14 16:03,半期報告書－第21期(2026/01/01－2026/12/31),,,,,,,0,0,0,1,1,0,0,1
2026-08-21T20:22:59+00:00,2026-08-14,523,S100YWRR,E36896,92460,8010401122459,株式会社プロジェクトホールディングス,,010,042000,135,,,2026-08-14 16:02,確認書,,,,,,,0,0,0,0,1,0,0,0
2026-08-21T20:22:59+00:00,2026-08-14,524,S100YWUO,E36897,43710,4010001127738,株式会社コアコンセプト・テクノロジー,,010,042000,135,,,2026-08-14 16:02,確認書,,,,,,,0,0,0,0,1,0,0,0
2026-08-21T20:22:59+00:00,2026-08-14,525,S100YX0M,E02775,99730,6012801009114,ＫＯＺＯホールディングス株式会社,,010,043A00,160,2026-01-01,2026-06-30,2026-08-14 16:02,半期報告書－第59期(2026/01/01－2026/06/30),,,,,,,0,2,0,1,1,0,0,1
2026-08-21T20:22:59+00:00,2026-08-18,81,S100YX0M,E02775,99730,6012801009114,ＫＯＺＯホールディングス株式会社,,010,043A00,160,2026-01-01,2026-12-31,2026-08-14 16:02,半期報告書－第59期(2026/01/01－2026/12/31),,,,,,2026-08-18 09:50,0,1,0,1,1,0,0,1
2026-08-21T20:22:59+00:00,2026-08-14,522,S100YX2N,E05712,21600,4011101053527,株式会社ジーエヌアイグループ,,010,042000,135,,,2026-08-14 16:02,確認書,,,,,,,0,0,0,0,1,0,0,0
2026-08-21T20:22:59+00:00,2026-08-14,512,S100YVWX,E40269,319A0,8010001193280,株式会社技術承継機構,,010,042000,135,,,2026-08-14 16:01,確認書,,,,,,,0,0,0,0,1,0,0,0
2026-08-21T20:22:59+00:00,2026-08-14,513,S100YWCV,E30863,,8010701022466,ＪＡ三井リース株式会社,,010,030001,130,,,2026-08-14 16:01,訂正有価証券報告書－第18期(2025/04/01－2026/03/31),,,,,S100YLRH,,0,0,0,1,1,0,0,1
2026-08-21T20:22:59+00:00,2026-08-14,515,S100YWDH,E05241,27210,2010401083302,株式会社ジェイホールディングス,,010,043A00,160,2026-01-01,2026-12-31,2026-08-14 16:01,半期報告書－第35期(2026/01/01－2026/12/31),,,,,,,0,0,0,1,1,0,0,1
2026-08-21T20:22:59+00:00,2026-08-14,521,S100YWDL,E05241,27210,2010401083302,株式会社ジェイホールディングス,,010,042000,135,,,2026-08-14 16:01,確認書,,,,,,,0,0,0,0,1,0,0,0
2026-08-21T20:22:59+00:00,2026-08-14,517,S100YWN5,E31093,39040,7021001010079,株式会社カヤック,,010,042000,135,,,2026-08-14 16:01,確認書,,,,,,,0,0,0,0,1,0,0,0
2026-08-21T20:22:59+00:00,2026-08-14,514,S100YWO7,E03101,82020,7010401099079,ラオックスホールディングス株式会社,,010,042000,135,,,2026-08-14 16:01,確認書,,,,,,,0,0,0,0,1,0,0,0
2026-08-21T20:22:59+00:00,2026-08-14,519,S100YWP4,E35163,44770,7010401103229,ＢＡＳＥ株式会社,,010,170001,230,,,2026-08-14 16:01,訂正自己株券買付状況報告書（法２４条の６第１項に基づくもの）,,,,,S100YQA6,,0,0,0,1,1,0,0,1
2026-08-21T20:22:59+00:00,2026-08-14,520,S100YWRM,E36896,92460,8010401122459,株式会社プロジェクトホールディングス,,010,043A00,160,2026-01-01,2026-12-31,2026-08-14 16:01,半期報告書－第11期(2026/01/01－2026/12/31),,,,,,,0,0,0,1,1,0,0,1
2026-08-21T20:22:59+00:00,2026-08-14,518,S100YWTW,E36897,43710,4010001127738,株式会社コアコンセプト・テクノロジー,,010,043A00,160,2026-01-01,2026-12-31,2026-08-14 16:01,半期報告書－第18期(2026/01/01－2026/12/31),,,,,,,0,0,0,1,1,0,0,1
2026-08-21T20:22:59+00:00,2026-08-14,516,S100YX24,E05712,21600,4011101053527,株式会社ジーエヌアイグループ,,010,043A00,160,2026-01-01,2026-12-31,2026-08-14 16:01,半期報告書－第26期(2026/01/01－2026/12/31),,,,,,,0,0,0,1,1,0,0,1
2026-08-21T20:22:59+00:00,2026-08-14,497,S100YUCO,E01726,62680,3010001142283,ナブテスコ株式会社,,010,042000,135,,,2026-08-14 16:00,確認書,,,,,,,0,0,0,0,1,0,0,0
2026-08-21T20:22:59+00:00,2026-08-14,504,S100YVRL,E05098,47660,4010001133026,株式会社ピーエイ,,010,043A00,160,2026-01-01,2026-12-31,2026-08-14 16:00,半期報告書－第41期(2026/01/01－2026/12/31),,,,,,,0,0,0,1,1,0,0,1
2026-08-21T20:22:59+00:00,2026-08-14,507,S100YVRQ,E05098,47660,4010001133026,株式会社ピーエイ,,010,042000,135,,,2026-08-14 16:00,確認書,,,,,,,0,0,0,0,1,0,0,0
2026-08-21T20:22:59+00:00,2026-08-14,505,S100YVWW,E40269,319A0,8010001193280,株式会社技術承継機構,,010,043A00,160,2026-01-01,2026-12-31,2026-08-14 16:00,半期報告書－第9期(2026/01/01－2026/12/31),,,,,,,0,0,0,1,1,0,0,1
2026-08-21T20:22:59+00:00,2026-08-14,494,S100YW2M,E01061,42350,8010101002135,ウルトラファブリックス・ホールディングス株式会社,,010,042000,135,,,2026-08-14 16:00,確認書,,,,,,,0,0,0,0,1,0,0,0
2026-08-21T20:22:59+00:00,2026-08-14,492,S100YWEU,E33868,65730,6011001056801,ＣＲＡＶＩＡ株式会社,,010,043A00,160,2026-01-01,2026-12-31,2026-08-14 16:00,半期報告書－第20期(2026/01/01－2026/12/31),,,,,,,0,0,0,1,1,0,0,1
2026-08-21T20:22:59+00:00,2026-08-14,508,S100YWM0,E31093,39040,7021001010079,株式会社カヤック,,010,043A00,160,2026-01-01,2026-12-31,2026-08-14 16:00,半期報告書－第22期(2026/01/01－2026/12/31),,,,,,,0,0,0,1,1,0,0,1
2026-08-21T20:22:59+00:00,2026-08-14,510,S100YWNW,E03101,82020,7010401099079,ラオックスホールディングス株式会社,,010,043A00,160,2026-01-01,2026-12-31,2026-08-14 16:00,半期報告書－第51期(2026/01/01－2026/12/31),,,,,,,0,0,0,1,1,0,0,1
2026-08-21T20:22:59+00:00,2026-08-14,498,S100YWQK,E35163,44770,7010401103229,ＢＡＳＥ株式会社,,010,170001,230,,,2026-08-14 16:00,訂正自己株券買付状況報告書（法２４条の６第１項に基づくもの）,,,,,S100YBUE,,0,0,0,1,1,0,0,1
2026-08-21T20:22:59+00:00,2026-08-14,493,S100YWTA,E39892,268A0,7010001214351,リガク・ホールディングス株式会社,,010,043A00,160,2026-01-01,2026-12-31,2026-08-14 16:00,半期報告書－第6期(2026/01/01－2026/12/31),,,,,,,0,0,0,1,1,0,0,1
2026-08-21T20:22:59+00:00,2026-08-14,503,S100YWTB,E39892,268A0,7010001214351,リガク・ホールディングス株式会社,,010,042000,135,,,2026-08-14 16:00,確認書,,,,,,,0,0,0,0,1,0,0,0
2026-08-21T20:22:59+00:00,2026-08-14,495,S100YWXI,E37960,71120,4011001045995,株式会社キューブ,,010,043A00,160,2026-01-01,2026-12-31,2026-08-14 16:00,半期報告書－第33期(2026/01/01－2026/12/31),,,,,,,0,0,0,1,1,0,0,1
2026-08-21T20:22:59+00:00,2026-08-14,502,S100YWXV,E37960,71120,4011001045995,株式会社キューブ,,010,042000,135,,,2026-08-14 16:00,確認書,,,,,,,0,0,0,0,1,0,0,0
2026-08-21T20:22:59+00:00,2026-08-14,499,S100YX0P,E35124,44480,9120901014004,株式会社ｋｕｂｅｌｌ,,010,043A00,160,2026-01-01,2026-12-31,2026-08-14 16:00,半期報告書－第23期(2026/01/01－2026/12/31),,,,,,,0,0,0,1,1,0,0,1
2026-08-21T20:22:59+00:00,2026-08-14,501,S100YX1X,E31071,60340,3011101059533,ＭＲＴ株式会社,,010,043A00,160,2026-01-01,2026-12-31,2026-08-14 16:00,半期報告書－第28期(2026/01/01－2026/12/31),,,,,,,0,0,0,1,1,0,0,1
2026-08-21T20:22:59+00:00,2026-08-14,511,S100YX1Z,E31071,60340,3011101059533,ＭＲＴ株式会社,,010,042000,135,,,2026-08-14 16:00,確認書,,,,,,,0,0,0,0,1,0,0,0
2026-08-21T20:22:59+00:00,2026-08-14,506,S100YX21,E35124,44480,9120901014004,株式会社ｋｕｂｅｌｌ,,010,042000,135,,,2026-08-14 16:00,確認書,,,,,,,0,0,0,0,1,0,0,0
2026-08-21T20:22:59+00:00,2026-08-14,500,S100YX2O,E35223,,6010401144827,グロース・キャピタル株式会社,,060,010002,350,,,2026-08-14 16:00,変更報告書,E37069,,,,S100VKEJ,,0,0,0,1,1,0,0,1
2026-08-21T20:22:59+00:00,2026-08-14,496,S100YX2X,E35354,44930,9011001066277,株式会社サイバーセキュリティクラウド,,010,043A00,160,2026-01-01,2026-12-31,2026-08-14 16:00,半期報告書－第17期(2026/01/01－2026/12/31),,,,,,,0,0,0,1,1,0,0,1
2026-08-21T20:22:59+00:00,2026-08-14,509,S100YX34,E35354,44930,9011001066277,株式会社サイバーセキュリティクラウド,,010,042000,135,,,2026-08-14 16:00,確認書,,,,,,,0,0,0,0,1,0,0,0
2026-08-21T20:22:59+00:00,2026-08-14,490,S100YWLA,E01726,62680,3010001142283,ナブテスコ株式会社,,010,043A00,160,2026-01-01,2026-06-30,2026-08-14 15:59,半期報告書－第24期(2026/01/01－2026/06/30),,,,,,,0,0,0,1,1,0,0,1
2026-08-21T20:22:59+00:00,2026-08-14,488,S100YWQQ,E35163,44770,7010401103229,ＢＡＳＥ株式会社,,010,170001,230,,,2026-08-14 15:59,訂正自己株券買付状況報告書（法２４条の６第１項に基づくもの）,,,,,S100Y4CO,,0,0,0,1,1,0,0,1
2026-08-21T20:22:59+00:00,2026-08-14,489,S100YWY3,E25269,45790,3180001095399,ラクオリア創薬株式会社,,010,043A00,160,2026-01-01,2026-12-31,2026-08-14 15:59,半期報告書－第19期(2026/01/01－2026/12/31),,,,,,,0,0,0,1,1,0,0,1
2026-08-21T20:22:59+00:00,2026-08-14,491,S100YWYC,E25269,45790,3180001095399,ラクオリア創薬株式会社,,010,042000,135,,,2026-08-14 15:59,確認書,,,,,,,0,0,0,0,1,0,0,0
2026-08-21T20:22:59+00:00,2026-08-14,487,S100YW2Y,E01061,42350,8010101002135,ウルトラファブリックス・ホールディングス株式会社,,010,043A00,160,2026-01-01,2026-06-30,2026-08-14 15:58,半期報告書－第62期(2026/01/01－2026/06/30),,,,,,,0,0,0,1,1,0,0,1
2026-08-21T20:22:59+00:00,2026-08-14,486,S100YWQW,E35163,44770,7010401103229,ＢＡＳＥ株式会社,,010,170001,230,,,2026-08-14 15:57,訂正自己株券買付状況報告書（法２４条の６第１項に基づくもの）,,,,,S100XYON,,0,0,0,1,1,0,0,1
2026-08-21T20:22:59+00:00,2026-08-14,483,S100YWD0,E05041,94490,6011001029526,ＧＭＯインターネットグループ株式会社,,010,042000,135,,,2026-08-14 15:55,確認書,,,,,,,0,0,0,0,1,0,0,0
2026-08-21T20:22:59+00:00,2026-08-14,484,S100YWLX,E40216,290A0,4010001189902,株式会社Ｓｙｎｓｐｅｃｔｉｖｅ,,010,042000,135,,,2026-08-14 15:55,確認書,,,,,,,0,0,0,0,1,0,0,0
2026-08-21T20:22:59+00:00,2026-08-14,485,S100YWR3,E35163,44770,7010401103229,ＢＡＳＥ株式会社,,010,170001,230,,,2026-08-14 15:55,訂正自己株券買付状況報告書（法２４条の６第１項に基づくもの）,,,,,S100XQUK,,0,0,0,1,1,0,0,1
2026-08-21T20:22:59+00:00,2026-08-14,482,S100YWLH,E40216,290A0,4010001189902,株式会社Ｓｙｎｓｐｅｃｔｉｖｅ,,010,043A00,160,2026-01-01,2026-12-31,2026-08-14 15:54,半期報告書－第9期(2026/01/01－2026/12/31),,,,,,,0,0,0,1,1,0,0,1
2026-08-21T20:22:59+00:00,2026-08-14,481,S100YX3E,E38335,52570,8120001046444,ノバシステム株式会社,,010,170000,220,,,2026-08-14 15:54,自己株券買付状況報告書（法２４条の６第１項に基づくもの）,,,,,,,0,0,0,1,1,0,0,1
2026-08-21T20:22:59+00:00,2026-08-14,479,S100YWD4,E05041,94490,6011001029526,ＧＭＯインターネットグループ株式会社,,010,043A00,160,2026-01-01,2026-12-31,2026-08-14 15:53,半期報告書－第36期(2026/01/01－2026/12/31),,,,,,,0,0,0,1,1,0,0,1
2026-08-21T20:22:59+00:00,2026-08-14,480,S100YWJW,E05308,23300,9290001059247,株式会社フォーサイド,,010,042000,135,,,2026-08-14 15:53,確認書,,,,,,,0,0,0,0,1,0,0,0
2026-08-21T20:22:59+00:00,2026-08-14,478,S100YX2T,E01591,63760,7011001017109,日機装株式会社,,010,042000,135,,,2026-08-14 15:53,確認書,,,,,,,0,0,0,0,1,0,0,0
2026-08-21T20:22:59+00:00,2026-08-14,477,S100YWJ5,E05308,23300,9290001059247,株式会社フォーサイド,,010,043A00,160,2026-01-01,2026-12-31,2026-08-14 15:52,半期報告書－第27期(2026/01/01－2026/12/31),,,,,,,0,0,0,1,1,0,0,1
2026-08-21T20:22:59+00:00,2026-08-14,475,S100YVVD,E05453,37580,6010401048805,株式会社アエリア,,010,042000,135,,,2026-08-14 15:51,確認書,,,,,,,0,0,0,0,1,0,0,0
2026-08-21T20:22:59+00:00,2026-08-14,476,S100YX2Y,E01591,63760,7011001017109,日機装株式会社,,010,043A00,160,2026-01-01,2026-12-31,2026-08-14 15:51,半期報告書－第86期(2026/01/01－2026/12/31),,,,,,,0,0,0,1,1,0,0,1
2026-08-21T20:22:59+00:00,2026-08-14,473,S100YVUP,E05453,37580,6010401048805,株式会社アエリア,,010,043A00,160,2026-01-01,2026-12-31,2026-08-14 15:50,半期報告書－第25期(2026/01/01－2026/12/31),,,,,,,0,0,0,1,1,0,0,1
2026-08-21T20:22:59+00:00,2026-08-14,468,S100YWCW,E32992,39810,3010401109114,株式会社ビーグリー,,010,042000,135,,,2026-08-14 15:50,確認書,,,,,,,0,0,0,0,1,0,0,0
2026-08-21T20:22:59+00:00,2026-08-14,469,S100YWSF,E36666,40730,5040001046876,株式会社ジィ・シィ企画,,010,053000,180,,,2026-08-14 15:50,臨時報告書,,,,第19条第2項第12号,,,0,0,0,1,1,0,0,1
2026-08-21T20:22:59+00:00,2026-08-14,474,S100YWSM,E01867,68350,4010701012116,アライドテレシスホールディングス株式会社,,010,042000,135,,,2026-08-14 15:50,確認書,,,,,,,0,0,0,0,1,0,0,0
2026-08-21T20:22:59+00:00,2026-08-14,470,S100YX0Y,E36155,40190,7180001121985,株式会社スタメン,,010,043A00,160,2026-01-01,2026-12-31,2026-08-14 15:50,半期報告書－第11期(2026/01/01－2026/12/31),,,,,,,0,0,0,1,1,0,0,1
2026-08-21T20:22:59+00:00,2026-08-14,472,S100YX0Z,E36155,40190,7180001121985,株式会社スタメン,,010,042000,135,,,2026-08-14 15:50,確認書,,,,,,,0,0,0,0,1,0,0,0
2026-08-21T20:22:59+00:00,2026-08-14,471,S100YX36,E37069,48910,5013401006469,㈱ティムス,,010,042000,135,,,2026-08-14 15:50,確認書,,,,,,,0,0,0,0,1,0,0,0
2026-08-21T20:22:59+00:00,2026-08-14,467,S100YX1H,E31343,60380,5011201013586,株式会社イード,,010,053000,180,,,2026-08-14 15:49,臨時報告書,,,,第19条第2項第3号,,,0,0,0,1,1,0,0,1
2026-08-21T20:22:59+00:00,2026-08-14,466,S100YW00,E33039,39830,7013201012673,株式会社オロ,,010,042000,135,,,2026-08-14 15:48,確認書,,,,,,,0,0,0,0,1,0,0,0
2026-08-21T20:22:59+00:00,2026-08-14,463,S100YWSI,E01867,68350,4010701012116,アライドテレシスホールディングス株式会社,,010,043A00,160,2026-01-01,2026-12-31,2026-08-14 15:48,半期報告書－第40期(2026/01/01－2026/12/31),,,,,,,0,0,0,1,1,0,0,1
2026-08-21T20:22:59+00:00,2026-08-14,464,S100YX0H,E32061,,,清水　祐孝,,060,010002,350,,,2026-08-14 15:48,変更報告書,E31871,,,,,,0,0,0,1,1,1,0,1
2026-08-21T20:22:59+00:00,2026-08-14,465,S100YX35,E35164,44810,9010001063813,ベース株式会社,,010,042000,135,,,2026-08-14 15:48,確認書,,,,,,,0,0,0,0,1,0,0,0
2026-08-21T20:22:59+00:00,2026-08-14,460,S100YU08,E38091,,,岡田　陽介,,060,010002,350,,,2026-08-14 15:47,変更報告書,E38109,,,,,,0,0,0,1,1,0,0,1
2026-08-21T20:22:59+00:00,2026-08-14,458,S100YVZW,E33039,39830,7013201012673,株式会社オロ,,010,043A00,160,2026-01-01,2026-12-31,2026-08-14 15:47,半期報告書－第29期(2026/01/01－2026/12/31),,,,,,,0,0,0,1,1,0,0,1
2026-08-21T20:22:59+00:00,2026-08-14,461,S100YWBL,E32992,39810,3010401109114,株式会社ビーグリー,,010,043A00,160,2026-01-01,2026-12-31,2026-08-14 15:47,半期報告書－第14期(2026/01/01－2026/12/31),,,,,,,0,0,0,1,1,0,0,1
2026-08-21T20:22:59+00:00,2026-08-14,462,S100YWEI,E34721,44380,9011001070865,株式会社Ｗｅｌｂｙ,,010,042000,135,,,2026-08-14 15:47,確認書,,,,,,,0,0,0,0,1,0,0,0
2026-08-21T20:22:59+00:00,2026-08-14,457,S100YX32,E37069,48910,5013401006469,㈱ティムス,,010,043A00,160,2026-01-01,2026-12-31,2026-08-14 15:47,半期報告書－第23期(2026/01/01－2026/12/31),,,,,,,0,0,0,1,1,0,0,1
2026-08-21T20:22:59+00:00,2026-08-14,459,S100YX33,E35164,44810,9010001063813,ベース株式会社,,010,043A00,160,2026-01-01,2026-12-31,2026-08-14 15:47,半期報告書－第30期(2026/01/01－2026/12/31),,,,,,,0,0,0,1,1,0,0,1
2026-08-21T20:22:59+00:00,2026-08-14,456,S100YWLP,E36372,41800,4010403018510,Ａｐｐｉｅｒ　Ｇｒｏｕｐ株式会社,,010,042000,135,,,2026-08-14 15:46,確認書,,,,,,,0,0,0,0,1,0,0,0
2026-08-21T20:22:59+00:00,2026-08-14,453,S100YWEH,E34721,44380,9011001070865,株式会社Ｗｅｌｂｙ,,010,043A00,160,2026-01-01,2026-12-31,2026-08-14 15:45,半期報告書－第16期(2026/01/01－2026/12/31),,,,,,,0,0,0,1,1,0,0,1
2026-08-21T20:22:59+00:00,2026-08-14,455,S100YWLM,E36372,41800,4010403018510,Ａｐｐｉｅｒ　Ｇｒｏｕｐ株式会社,,010,043A00,160,2026-01-01,2026-12-31,2026-08-14 15:45,半期報告書－第9期(2026/01/01－2026/12/31),,,,,,,0,0,0,1,1,0,0,1
2026-08-21T20:22:59+00:00,2026-08-14,454,S100YX2L,E32061,,,清水　祐孝,,060,090001,360,,,2026-08-14 15:45,訂正報告書（大量保有報告書・変更報告書）,E31871,,,,S100YU31,,0,0,0,1,1,1,0,1
2026-08-21T20:22:59+00:00,2026-08-14,451,S100YWSJ,E37466,50270,7010401150205,ＡｎｙＭｉｎｄ　Ｇｒｏｕｐ株式会社,,010,043A00,160,2026-01-01,2026-12-31,2026-08-14 15:44,半期報告書－第8期(2026/01/01－2026/12/31),,,,,,,0,0,0,1,1,0,0,1
2026-08-21T20:22:59+00:00,2026-08-14,452,S100YWSK,E37466,50270,7010401150205,ＡｎｙＭｉｎｄ　Ｇｒｏｕｐ株式会社,,010,042000,135,,,2026-08-14 15:44,確認書,,,,,,,0,0,0,0,1,0,0,0
2026-08-21T20:22:59+00:00,2026-08-14,450,S100YWY0,E02322,77440,9170001002607,ノーリツ鋼機株式会社,,010,042000,135,,,2026-08-14 15:43,確認書,,,,,,,0,0,0,0,1,0,0,0
2026-08-21T20:22:59+00:00,2026-08-14,447,S100YWSN,E01867,68350,4010701012116,アライドテレシスホールディングス株式会社,,010,053000,180,,,2026-08-14 15:42,臨時報告書,,,,第19条第2項第19号,,,0,0,0,1,1,0,0,1
2026-08-21T20:22:59+00:00,2026-08-14,448,S100YX0A,E34508,70480,2011101049188,ベルトラ株式会社,,010,042000,135,,,2026-08-14 15:42,確認書,,,,,,,0,0,0,0,1,0,0,0
2026-08-21T20:22:59+00:00,2026-08-14,449,S100YX30,E05123,47840,1011001032872,ＧＭＯインターネット株式会社,,010,042000,135,,,2026-08-14 15:42,確認書,,,,,,,0,0,0,0,1,0,0,0
2026-08-21T20:22:59+00:00,2026-08-14,442,S100YWQF,E34142,70330,9010401062357,株式会社マネジメントソリューションズ,,010,043A00,160,2026-01-01,2026-12-31,2026-08-14 15:41,半期報告書－第22期(2026/01/01－2026/12/31),,,,,,,0,0,0,1,1,0,0,1
2026-08-21T20:22:59+00:00,2026-08-14,443,S100YWQG,E34142,70330,9010401062357,株式会社マネジメントソリューションズ,,010,042000,135,,,2026-08-14 15:41,確認書,,,,,,,0,0,0,0,1,0,0,0
2026-08-21T20:22:59+00:00,2026-08-14,446,S100YWZ1,E02322,77440,9170001002607,ノーリツ鋼機株式会社,,010,043A00,160,2026-01-01,2026-12-31,2026-08-14 15:41,半期報告書－第72期(2026/01/01－2026/12/31),,,,,,,0,0,0,1,1,0,0,1
2026-08-21T20:22:59+00:00,2026-08-14,445,S100YX08,E34508,70480,2011101049188,ベルトラ株式会社,,010,043A00,160,2026-01-01,2026-12-31,2026-08-14 15:41,半期報告書－第37期(2026/01/01－2026/12/31),,,,,,,0,0,0,1,1,0,0,1
2026-08-21T20:22:59+00:00,2026-08-14,444,S100YX2I,E01005,50100,4010001034983,日本精蝋株式会社,,010,042000,135,,,2026-08-14 15:41,確認書,,,,,,,0,0,0,0,1,0,0,0
2026-08-21T20:22:59+00:00,2026-08-14,440,S100YWND,E35790,73530,2011001066077,ＫＩＹＯラーニング株式会社,,010,042000,135,,,2026-08-14 15:40,確認書,,,,,,,0,0,0,0,1,0,0,0
2026-08-21T20:22:59+00:00,2026-08-14,441,S100YX2V,E37742,95530,5011001052933,株式会社マイクロアド,,010,053000,180,,,2026-08-14 15:40,臨時報告書,,,,第19条第2項第12号,,,0,0,0,1,1,0,0,1
2026-08-21T20:22:59+00:00,2026-08-14,439,S100YUGB,E36122,41700,2010401130731,株式会社Ｋａｉｚｅｎ　Ｐｌａｔｆｏｒｍ,,010,042000,135,,,2026-08-14 15:39,確認書,,,,,,,0,0,0,0,1,0,0,0
2026-08-21T20:22:59+00:00,2026-08-14,437,S100YWGY,E31622,78120,1080401001547,株式会社クレステック,,010,053000,180,,,2026-08-14 15:39,臨時報告書,,,,第19条第2項第12号,,,0,0,0,1,1,0,0,1
2026-08-21T20:22:59+00:00,2026-08-14,438,S100YWN0,E35790,73530,2011001066077,ＫＩＹＯラーニング株式会社,,010,043A00,160,2026-01-01,2026-12-31,2026-08-14 15:39,半期報告書－第17期(2026/01/01－2026/12/31),,,,,,,0,0,0,1,1,0,0,1
2026-08-21T20:22:59+00:00,2026-08-14,434,S100YWRA,E38163,52420,3011001051128,株式会社アイズ,,010,042000,135,,,2026-08-14 15:39,確認書,,,,,,,0,0,0,0,1,0,0,0
2026-08-21T20:22:59+00:00,2026-08-14,435,S100YWWU,E34735,70610,5010001180645,日本ホスピスホールディングス株式会社,,010,042000,135,,,2026-08-14 15:39,確認書,,,,,,,0,0,0,0,1,0,0,0
2026-08-21T20:22:59+00:00,2026-08-14,433,S100YX1S,E36545,62280,1260001018766,株式会社ジェイ・イー・ティ,,010,053000,180,,,2026-08-14 15:39,臨時報告書,,,,第19条第2項第9号,,,0,0,0,1,1,0,0,1
2026-08-21T20:22:59+00:00,2026-08-14,436,S100YX2U,E05123,47840,1011001032872,ＧＭＯインターネット株式会社,,010,043A00,160,2026-01-01,2026-12-31,2026-08-14 15:39,半期報告書－第28期(2026/01/01－2026/12/31),,,,,,,0,0,0,1,1,0,0,1
2026-08-21T20:22:59+00:00,2026-08-14,432,S100YUG7,E36122,41700,2010401130731,株式会社Ｋａｉｚｅｎ　Ｐｌａｔｆｏｒｍ,,010,043A00,160,2026-01-01,2026-12-31,2026-08-14 15:38,半期報告書－第10期(2026/01/01－2026/12/31),,,,,,,0,0,0,1,1,0,0,1
2026-08-21T20:22:59+00:00,2026-08-14,427,S100YWCC,E04048,89960,6120101025572,株式会社ハウスフリーダム,,010,043A00,160,2026-01-01,2026-12-31,2026-08-14 15:38,半期報告書－第32期(2026/01/01－2026/12/31),,,,,,,0,0,0,1,1,0,0,1
2026-08-21T20:22:59+00:00,2026-08-14,431,S100YWCE,E04048,89960,6120101025572,株式会社ハウスフリーダム,,010,042000,135,,,2026-08-14 15:38,確認書,,,,,,,0,0,0,0,1,0,0,0
2026-08-21T20:22:59+00:00,2026-08-14,425,S100YWRT,E36545,62280,1260001018766,株式会社ジェイ・イー・ティ,,010,043A00,160,2026-01-01,2026-12-31,2026-08-14 15:38,半期報告書－第18期(2026/01/01－2026/12/31),,,,,,,0,0,0,1,1,0,0,1
2026-08-21T20:22:59+00:00,2026-08-14,429,S100YWRU,E36545,62280,1260001018766,株式会社ジェイ・イー・ティ,,010,042000,135,,,2026-08-14 15:38,確認書,,,,,,,0,0,0,0,1,0,0,0
2026-08-21T20:22:59+00:00,2026-08-14,428,S100YWWR,E34735,70610,5010001180645,日本ホスピスホールディングス株式会社,,010,043A00,160,2026-01-01,2026-12-31,2026-08-14 15:38,半期報告書－第10期(2026/01/01－2026/12/31),,,,,,,0,0,0,1,1,0,0,1
2026-08-21T20:22:59+00:00,2026-08-14,426,S100YWX4,E03404,27620,8013301027281,株式会社ＳＡＮＫＯ　ＭＡＲＫＥＴＩＮＧ　ＦＯＯＤＳ,,010,053000,180,,,2026-08-14 15:38,臨時報告書,,,,第19条第2項第12号,,,0,0,0,1,1,0,0,1
2026-08-21T20:22:59+00:00,2026-08-14,430,S100YWXU,E34509,44280,2120001132027,株式会社シノプス,,010,042000,135,,,2026-08-14 15:38,確認書,,,,,,,0,0,0,0,1,0,0,0
2026-08-21T20:22:59+00:00,2026-08-14,423,S100YT29,E01542,63610,1010801001748,株式会社荏原製作所,,010,042000,135,,,2026-08-14 15:37,確認書,,,,,,,0,0,0,0,1,0,0,0
2026-08-21T20:22:59+00:00,2026-08-14,419,S100YWAV,E03404,27620,8013301027281,株式会社ＳＡＮＫＯ　ＭＡＲＫＥＴＩＮＧ　ＦＯＯＤＳ,,010,053000,180,,,2026-08-14 15:37,臨時報告書,,,,第19条第2項第12号,,,0,0,0,1,1,0,0,1
2026-08-21T20:22:59+00:00,2026-08-14,418,S100YWKP,E04914,96120,6011101022356,株式会社ラックランド,,010,042000,135,,,2026-08-14 15:37,確認書,,,,,,,0,0,0,0,1,0,0,0
2026-08-21T20:22:59+00:00,2026-08-14,420,S100YWQU,E38163,52420,3011001051128,株式会社アイズ,,010,043A00,160,2026-01-01,2026-12-31,2026-08-14 15:37,半期報告書－第20期(2026/01/01－2026/12/31),,,,,,,0,0,0,1,1,0,0,1
2026-08-21T20:22:59+00:00,2026-08-14,424,S100YWX8,E34509,44280,2120001132027,株式会社シノプス,,010,043A00,160,2026-01-01,2026-12-31,2026-08-14 15:37,半期報告書－第40期(2026/01/01－2026/12/31),,,,,,,0,0,0,1,1,0,0,1
2026-08-21T20:22:59+00:00,2026-08-14,421,S100YWZN,E35330,44870,9011301020099,株式会社スペースマーケット,,010,042000,135,,,2026-08-14 15:37,確認書,,,,,,,0,0,0,0,1,0,0,0
2026-08-21T20:22:59+00:00,2026-08-14,422,S100YX2R,E01005,50100,4010001034983,日本精蝋株式会社,,010,043A00,160,2026-01-01,2026-12-31,2026-08-14 15:37,半期報告書－第100期(2026/01/01－2026/12/31),,,,,,,0,0,0,1,1,0,0,1
2026-08-21T20:22:59+00:00,2026-08-14,417,S100YW7Y,E32601,65330,3011001061184,株式会社Ｏｒｃｈｅｓｔｒａ　Ｈｏｌｄｉｎｇｓ,,010,042000,135,,,2026-08-14 15:36,確認書,,,,,,,0,0,0,0,1,0,0,0
2026-08-21T20:22:59+00:00,2026-08-14,412,S100YW87,E32601,65330,3011001061184,株式会社Ｏｒｃｈｅｓｔｒａ　Ｈｏｌｄｉｎｇｓ,,010,043A00,160,2026-01-01,2026-12-31,2026-08-14 15:36,半期報告書－第18期(2026/01/01－2026/12/31),,,,,,,0,0,0,1,1,0,0,1
2026-08-21T20:22:59+00:00,2026-08-14,414,S100YWAZ,E03404,27620,8013301027281,株式会社ＳＡＮＫＯ　ＭＡＲＫＥＴＩＮＧ　ＦＯＯＤＳ,,010,053000,180,,,2026-08-14 15:36,臨時報告書,,,,第19条第2項第9号,,,0,0,0,1,1,0,0,1
2026-08-21T20:22:59+00:00,2026-08-14,415,S100YWCQ,E05792,,,ドイツ銀行,,010,073000,030,,,2026-08-14 15:36,有価証券届出書（参照方式）,,,,,,,0,0,0,0,1,1,0,0
2026-08-21T20:22:59+00:00,2026-08-14,413,S100YWKH,E04914,96120,6011101022356,株式会社ラックランド,,010,043A00,160,2026-01-01,2026-12-31,2026-08-14 15:36,半期報告書－第57期(2026/01/01－2026/12/31),,,,,,,0,0,0,1,1,0,0,1
2026-08-21T20:22:59+00:00,2026-08-14,416,S100YWYB,E35330,44870,9011301020099,株式会社スペースマーケット,,010,043A00,160,2026-01-01,2026-09-30,2026-08-14 15:36,半期報告書－第13期(2026/01/01－2026/09/30),,,,,,,0,0,0,1,1,0,0,1
2026-08-21T20:22:59+00:00,2026-08-14,409,S100YVX1,E01542,63610,1010801001748,株式会社荏原製作所,,010,043A00,160,2026-01-01,2026-12-31,2026-08-14 15:35,半期報告書－第162期(2026/01/01－2026/12/31),,,,,,,0,0,0,1,1,0,0,1
2026-08-21T20:22:59+00:00,2026-08-14,406,S100YWE3,E26596,36640,4010701024945,株式会社ＷＩＺＥ,,010,042000,135,,,2026-08-14 15:35,確認書,,,,,,,0,0,0,0,1,0,0,0
2026-08-21T20:22:59+00:00,2026-08-14,403,S100YWTG,E35289,70820,3011001068337,株式会社ジモティー,,010,043A00,160,2026-01-01,2026-12-31,2026-08-14 15:35,半期報告書－第16期(2026/01/01－2026/12/31),,,,,,,0,0,0,1,1,0,0,1
2026-08-21T20:22:59+00:00,2026-08-14,411,S100YWTH,E35289,70820,3011001068337,株式会社ジモティー,,010,042000,135,,,2026-08-14 15:35,確認書,,,,,,,0,0,0,0,1,0,0,0
2026-08-21T20:22:59+00:00,2026-08-14,407,S100YWTZ,E36366,41780,5010601039720,株式会社Ｓｈａｒｉｎｇ　Ｉｎｎｏｖａｔｉｏｎｓ,,010,042000,135,,,2026-08-14 15:35,確認書,,,,,,,0,0,0,0,1,0,0,0
2026-08-21T20:22:59+00:00,2026-08-14,404,S100YWX5,E35518,48830,1010001172984,株式会社モダリス,,010,042000,135,,,2026-08-14 15:35,確認書,,,,,,,0,0,0,0,1,0,0,0
2026-08-21T20:22:59+00:00,2026-08-14,405,S100YX26,E37950,50390,6430001072262,株式会社キットアライブ,,010,043A00,160,2026-01-01,2026-12-31,2026-08-14 15:35,半期報告書－第11期(2026/01/01－2026/12/31),,,,,,,0,0,0,1,1,0,0,1
2026-08-21T20:22:59+00:00,2026-08-14,410,S100YX2A,E37950,50390,6430001072262,株式会社キットアライブ,,010,042000,135,,,2026-08-14 15:35,確認書,,,,,,,0,0,0,0,1,0,0,0
2026-08-21T20:22:59+00:00,2026-08-14,408,S100YX2B,E31871,61840,9010001040382,株式会社鎌倉新書,,010,053000,180,,,2026-08-14 15:35,臨時報告書,,,,第19条第2項第4号,,,0,0,0,1,1,0,0,1
2026-08-21T20:22:59+00:00,2026-08-14,402,S100YVN7,E39409,145A0,6010601042541,株式会社Ｌ　ｉｓ　Ｂ,,010,042000,135,,,2026-08-14 15:34,確認書,,,,,,,0,0,0,0,1,0,0,0
2026-08-21T20:22:59+00:00,2026-08-14,397,S100YVRI,E35518,48830,1010001172984,株式会社モダリス,,010,043A00,160,2026-01-01,2026-12-31,2026-08-14 15:34,半期報告書－第11期(2026/01/01－2026/12/31),,,,,,,0,0,0,1,1,0,0,1
2026-08-21T20:22:59+00:00,2026-08-14,401,S100YWFX,E26596,36640,4010701024945,株式会社ＷＩＺＥ,,010,043A00,160,2026-01-01,2026-12-31,2026-08-14 15:34,半期報告書－第23期(2026/01/01－2026/12/31),,,,,,,0,0,0,1,1,0,0,1
2026-08-21T20:22:59+00:00,2026-08-14,398,S100YWT5,E40713,,,ＡＸＩＵＭ　ＣＡＰＩＴＡＬ　ＰＴＥ．ＬＴＤ．,,060,010002,350,,,2026-08-14 15:34,変更報告書,E05233,,,,S100WW36,,0,0,0,1,1,1,0,1
2026-08-21T20:22:59+00:00,2026-08-14,399,S100YWTU,E36366,41780,5010601039720,株式会社Ｓｈａｒｉｎｇ　Ｉｎｎｏｖａｔｉｏｎｓ,,010,043A00,160,2026-01-01,2026-12-31,2026-08-14 15:34,半期報告書－第19期(2026/01/01－2026/12/31),,,,,,,0,0,0,1,1,0,0,1
2026-08-21T20:22:59+00:00,2026-08-14,400,S100YX2Q,E34165,14470,6010001195295,ＳＡＡＦホールディングス株式会社,,010,042100,135,,,2026-08-14 15:34,確認書,,,,,S100YWQ2,,0,0,0,0,1,0,0,0
2026-08-21T20:22:59+00:00,2026-08-14,396,S100YVWN,E40398,325A0,9011001120604,株式会社ＴＥＮＴＩＡＬ,,010,170000,220,,,2026-08-14 15:33,自己株券買付状況報告書（法２４条の６第１項に基づくもの）,,,,,,,0,0,0,1,1,0,0,1
2026-08-21T20:22:59+00:00,2026-08-14,393,S100YW1Y,E40931,,,Ｒａｎｇｅｌｅｙ　Ｃａｐｉｔａｌ，　ＬＬＣ,,060,010002,350,,,2026-08-14 15:33,変更報告書,E01427,,,,,,0,0,0,1,1,0,0,1
2026-08-21T20:22:59+00:00,2026-08-14,395,S100YW9W,E03462,33820,1010001095203,株式会社セブン＆アイ・ホールディングス,,010,170000,220,,,2026-08-14 15:33,自己株券買付状況報告書（法２４条の６第１項に基づくもの）,,,,,,,0,0,0,1,1,0,0,1
2026-08-21T20:22:59+00:00,2026-08-14,391,S100YWCR,E40253,298A0,3011001114347,ＧＶＡ　ＴＥＣＨ株式会社,,010,042000,135,,,2026-08-14 15:33,確認書,,,,,,,0,0,0,0,1,0,0,0
2026-08-21T20:22:59+00:00,2026-08-14,390,S100YWGV,E31024,34520,2010401078582,株式会社ビーロット,,010,043A00,160,2026-01-01,2026-12-31,2026-08-14 15:33,半期報告書－第19期(2026/01/01－2026/12/31),,,,,,,0,0,0,1,1,0,0,1
2026-08-21T20:22:59+00:00,2026-08-14,394,S100YWH3,E31024,34520,2010401078582,株式会社ビーロット,,010,042000,135,,,2026-08-14 15:33,確認書,,,,,,,0,0,0,0,1,0,0,0
2026-08-21T20:22:59+00:00,2026-08-14,392,S100YWJO,E05631,24990,5010001111724,日本和装ホールディングス株式会社,,010,042000,135,,,2026-08-14 15:33,確認書,,,,,,,0,0,0,0,1,0,0,0
2026-08-21T20:22:59+00:00,2026-08-14,383,S100YW64,E05729,21680,6010001114024,株式会社パソナグループ,,015,010000,235,,,2026-08-14 15:32,内部統制報告書－第19期(2025/06/01－2026/05/31),,,,,,,0,0,0,1,1,0,0,1
2026-08-21T20:22:59+00:00,2026-08-14,389,S100YWBZ,E35220,42510,1120001051649,恵和株式会社,,010,042000,135,,,2026-08-14 15:32,確認書,,,,,,,0,0,0,0,1,0,0,0
2026-08-21T20:22:59+00:00,2026-08-14,386,S100YWCH,E40253,298A0,3011001114347,ＧＶＡ　ＴＥＣＨ株式会社,,010,043A00,160,2026-01-01,2026-12-31,2026-08-14 15:32,半期報告書－第10期(2026/01/01－2026/12/31),,,,,,,0,0,0,1,1,0,0,1
2026-08-21T20:22:59+00:00,2026-08-14,388,S100YWIS,E05631,24990,5010001111724,日本和装ホールディングス株式会社,,010,043A00,160,2026-01-01,2026-06-30,2026-08-14 15:32,半期報告書－第41期(2026/01/01－2026/06/30),,,,,,,0,0,0,1,1,0,0,1
2026-08-21T20:22:59+00:00,2026-08-14,382,S100YWR2,E34484,70440,6011001059993,株式会社ピアラ,,010,042000,135,,,2026-08-14 15:32,確認書,,,,,,,0,0,0,0,1,0,0,0
2026-08-21T20:22:59+00:00,2026-08-14,379,S100YWRV,E37131,42610,2010901030183,アジアクエスト株式会社,,010,042000,135,,,2026-08-14 15:32,確認書,,,,,,,0,0,0,0,1,0,0,0
2026-08-21T20:22:59+00:00,2026-08-14,381,S100YWSR,E05114,47770,8011001026934,株式会社ガーラ,,010,042000,135,,,2026-08-14 15:32,確認書,,,,,,,0,0,0,0,1,0,0,0
2026-08-21T20:22:59+00:00,2026-08-14,385,S100YWWV,E34954,70660,8180001056958,株式会社ピアズ,,010,053000,180,,,2026-08-14 15:32,臨時報告書,,,,第19条第2項第3号,,,0,0,0,1,1,0,0,1
2026-08-21T20:22:59+00:00,2026-08-14,384,S100YWYW,E37508,92180,2010701026514,株式会社メンタルヘルステクノロジーズ,,010,043A00,160,2026-01-01,2026-12-31,2026-08-14 15:32,半期報告書－第16期(2026/01/01－2026/12/31),,,,,,,0,0,0,1,1,0,0,1
2026-08-21T20:22:59+00:00,2026-08-14,387,S100YWYY,E37508,92180,2010701026514,株式会社メンタルヘルステクノロジーズ,,010,042000,135,,,2026-08-14 15:32,確認書,,,,,,,0,0,0,0,1,0,0,0
2026-08-21T20:22:59+00:00,2026-08-14,380,S100YX0N,E39487,175A0,3010401103249,株式会社Ｗｉｌｌ　Ｓｍａｒｔ,,010,042000,135,,,2026-08-14 15:32,確認書,,,,,,,0,0,0,0,1,0,0,0
2026-08-21T20:22:59+00:00,2026-08-14,375,S100YW21,E41144,472A0,6010901041557,株式会社ミラティブ,,010,042000,135,,,2026-08-14 15:31,確認書,,,,,,,0,0,0,0,1,0,0,0
2026-08-21T20:22:59+00:00,2026-08-14,369,S100YW6C,E05729,21680,6010001114024,株式会社パソナグループ,,010,042000,135,,,2026-08-14 15:31,確認書,,,,,,,0,0,0,0,1,0,0,0
2026-08-21T20:22:59+00:00,2026-08-14,364,S100YW8S,E23829,66300,5010601020184,ヤーマン株式会社,,010,042000,135,,,2026-08-14 15:31,確認書,,,,,,,0,0,0,0,1,0,0,0
2026-08-21T20:22:59+00:00,2026-08-14,374,S100YWBG,E05114,47770,8011001026934,株式会社ガーラ,,010,053000,180,,,2026-08-14 15:31,臨時報告書,,,,第19条第2項第19号,,,0,0,0,1,1,0,0,1
2026-08-21T20:22:59+00:00,2026-08-14,378,S100YWBN,E35220,42510,1120001051649,恵和株式会社,,010,043A00,160,2026-01-01,2026-12-31,2026-08-14 15:31,半期報告書－第80期(2026/01/01－2026/12/31),,,,,,,0,0,0,1,1,0,0,1
2026-08-21T20:22:59+00:00,2026-08-14,367,S100YWK2,E24994,66270,9020001053623,株式会社テラプローブ,,010,042000,135,,,2026-08-14 15:31,確認書,,,,,,,0,0,0,0,1,0,0,0
2026-08-21T20:22:59+00:00,2026-08-14,373,S100YWOL,E32854,45960,3011001108646,窪田製薬ホールディングス株式会社,,010,043A00,160,2026-01-01,2026-12-31,2026-08-14 15:31,半期報告書－第12期(2026/01/01－2026/12/31),,,,,,,0,0,0,1,1,0,0,1
2026-08-21T20:22:59+00:00,2026-08-14,377,S100YWOP,E32854,45960,3011001108646,窪田製薬ホールディングス株式会社,,010,042000,135,,,2026-08-14 15:31,確認書,,,,,,,0,0,0,0,1,0,0,0
2026-08-21T20:22:59+00:00,2026-08-14,365,S100YWQC,E39009,48110,9011001040835,株式会社ドリーム・アーツ,,010,042000,135,,,2026-08-14 15:31,確認書,,,,,,,0,0,0,0,1,0,0,0
2026-08-21T20:22:59+00:00,2026-08-14,376,S100YWQH,E34290,70380,1010001121867,フロンティア・マネジメント株式会社,,010,042000,135,,,2026-08-14 15:31,確認書,,,,,,,0,0,0,0,1,0,0,0
2026-08-21T20:22:59+00:00,2026-08-14,370,S100YWRO,E37131,42610,2010901030183,アジアクエスト株式会社,,010,043A00,160,2026-01-01,2026-12-31,2026-08-14 15:31,半期報告書－第15期(2026/01/01－2026/12/31),,,,,,,0,0,0,1,1,0,0,1
2026-08-21T20:22:59+00:00,2026-08-14,371,S100YWXE,E38156,48920,1010001140223,株式会社サイフューズ,,010,042000,135,,,2026-08-14 15:31,確認書,,,,,,,0,0,0,0,1,0,0,0
2026-08-21T20:22:59+00:00,2026-08-14,366,S100YWZJ,E39397,153A0,7011101075345,株式会社カウリス,,010,042000,135,,,2026-08-14 15:31,確認書,,,,,,,0,0,0,0,1,0,0,0
2026-08-21T20:22:59+00:00,2026-08-14,372,S100YX0J,E39487,175A0,3010401103249,株式会社Ｗｉｌｌ　Ｓｍａｒｔ,,010,043A00,160,2026-01-01,2026-12-31,2026-08-14 15:31,半期報告書－第15期(2026/01/01－2026/12/31),,,,,,,0,0,0,1,1,0,0,1
2026-08-21T20:22:59+00:00,2026-08-14,368,S100YX2F,E38949,55910,1010501042976,株式会社ＡＶＩＬＥＮ,,010,042000,135,,,2026-08-14 15:31,確認書,,,,,,,0,0,0,0,1,0,0,0
2026-08-21T20:22:59+00:00,2026-08-14,319,S100YVMX,E39409,145A0,6010601042541,株式会社Ｌ　ｉｓ　Ｂ,,010,043A00,160,2026-01-01,2026-12-31,2026-08-14 15:30,半期報告書－第17期(2026/01/01－2026/12/31),,,,,,,0,0,0,1,1,0,0,1
2026-08-21T20:22:59+00:00,2026-08-14,354,S100YW20,E41144,472A0,6010901041557,株式会社ミラティブ,,010,043A00,160,2026-01-01,2026-12-31,2026-08-14 15:30,半期報告書－第9期(2026/01/01－2026/12/31),,,,,,,0,0,0,1,1,0,0,1
2026-08-21T20:22:59+00:00,2026-08-14,322,S100YW74,E37304,92130,6011001043048,株式会社セイファート,,010,043A00,160,2026-01-01,2026-12-31,2026-08-14 15:30,半期報告書－第37期(2026/01/01－2026/12/31),,,,,,,0,0,0,1,1,0,0,1
2026-08-21T20:22:59+00:00,2026-08-14,344,S100YW76,E37304,92130,6011001043048,株式会社セイファート,,010,042000,135,,,2026-08-14 15:30,確認書,,,,,,,0,0,0,0,1,0,0,0
2026-08-21T20:22:59+00:00,2026-08-14,332,S100YW7F,E05729,21680,6010001114024,株式会社パソナグループ,,010,030000,120,2025-06-01,2026-05-31,2026-08-14 15:30,有価証券報告書－第19期(2025/06/01－2026/05/31),,,,,,,0,0,0,1,1,1,0,1
2026-08-21T20:22:59+00:00,2026-08-14,338,S100YW9E,E03856,88020,2010001008774,三菱地所株式会社,,010,170000,220,,,2026-08-14 15:30,自己株券買付状況報告書（法２４条の６第１項に基づくもの）,,,,,,,0,0,0,1,1,0,0,1
2026-08-21T20:22:59+00:00,2026-08-14,330,S100YWAG,E05737,21730,3010001099004,株式会社博展,,010,043A00,160,2026-01-01,2026-12-31,2026-08-14 15:30,半期報告書－第58期(2026/01/01－2026/12/31),,,,,,,0,0,0,1,1,0,0,1
2026-08-21T20:22:59+00:00,2026-08-14,350,S100YWBA,E05114,47770,8011001026934,株式会社ガーラ,,010,043A00,160,2026-01-01,2026-12-31,2026-08-14 15:30,半期報告書－第34期(2026/01/01－2026/12/31),,,,,,,0,0,0,1,1,0,0,1
2026-08-21T20:22:59+00:00,2026-08-14,353,S100YWBT,E05737,21730,3010001099004,株式会社博展,,010,042000,135,,,2026-08-14 15:30,確認書,,,,,,,0,0,0,0,1,0,0,0
2026-08-21T20:22:59+00:00,2026-08-14,339,S100YWEC,E32664,91600,1010001177471,株式会社オンザページ,,010,043A00,160,2026-01-01,2026-12-31,2026-08-14 15:30,半期報告書－第11期(2026/01/01－2026/12/31),,,,,,,0,0,0,1,1,0,0,1
2026-08-21T20:22:59+00:00,2026-08-14,363,S100YWED,E32664,91600,1010001177471,株式会社オンザページ,,010,042000,135,,,2026-08-14 15:30,確認書,,,,,,,0,0,0,0,1,0,0,0
2026-08-21T20:22:59+00:00,2026-08-14,323,S100YWIU,E35117,44760,4010401117090,ＡＩ　ＣＲＯＳＳ株式会社,,010,043A00,160,2026-01-01,2026-12-31,2026-08-14 15:30,半期報告書－第12期(2026/01/01－2026/12/31),,,,,,,0,0,0,1,1,0,0,1
2026-08-21T20:22:59+00:00,2026-08-14,342,S100YWIZ,E35117,44760,4010401117090,ＡＩ　ＣＲＯＳＳ株式会社,,010,042000,135,,,2026-08-14 15:30,確認書,,,,,,,0,0,0,0,1,0,0,0
2026-08-21T20:22:59+00:00,2026-08-14,347,S100YWK0,E24994,66270,9020001053623,株式会社テラプローブ,,010,043A00,160,2026-01-01,2026-12-31,2026-08-14 15:30,半期報告書－第22期(2026/01/01－2026/12/31),,,,,,,0,0,0,1,1,0,0,1
2026-08-21T20:22:59+00:00,2026-08-14,329,S100YWKD,E41959,,1011101058355,株式会社ベルテックス,,010,024000,030,,,2026-08-14 15:30,有価証券届出書（新規公開時）,,,,,,,0,0,0,1,1,1,0,1
2026-08-21T20:22:59+00:00,2026-08-14,320,S100YWKE,E31348,39110,7011101060669,株式会社Ａｉｍｉｎｇ,,010,043A00,160,2026-01-01,2026-12-31,2026-08-14 15:30,半期報告書－第16期(2026/01/01－2026/12/31),,,,,,,0,0,0,1,1,0,0,1
2026-08-21T20:22:59+00:00,2026-08-14,337,S100YWKO,E31348,39110,7011101060669,株式会社Ａｉｍｉｎｇ,,010,042000,135,,,2026-08-14 15:30,確認書,,,,,,,0,0,0,0,1,0,0,0
2026-08-21T20:22:59+00:00,2026-08-14,340,S100YWKQ,E23829,66300,5010601020184,ヤーマン株式会社,,010,043A00,160,2026-01-01,2026-12-31,2026-08-14 15:30,半期報告書－第53期(2026/01/01－2026/12/31),,,,,,,0,0,0,1,1,0,0,1
2026-08-21T20:22:59+00:00,2026-08-14,321,S100YWQ9,E35137,44500,6010001106038,株式会社パワーソリューションズ,,010,043A00,160,2026-01-01,2026-12-31,2026-08-14 15:30,半期報告書－第25期(2026/01/01－2026/12/31),,,,,,,0,0,0,1,1,0,0,1
2026-08-21T20:22:59+00:00,2026-08-14,348,S100YWQA,E39009,48110,9011001040835,株式会社ドリーム・アーツ,,010,043A00,160,2026-01-01,2026-12-31,2026-08-14 15:30,半期報告書－第31期(2026/01/01－2026/12/31),,,,,,,0,0,0,1,1,0,0,1
2026-08-21T20:22:59+00:00,2026-08-14,343,S100YWQB,E35137,44500,6010001106038,株式会社パワーソリューションズ,,010,042000,135,,,2026-08-14 15:30,確認書,,,,,,,0,0,0,0,1,0,0,0
2026-08-21T20:22:59+00:00,2026-08-14,352,S100YWQE,E34290,70380,1010001121867,フロンティア・マネジメント株式会社,,010,043A00,160,2026-01-01,2026-12-31,2026-08-14 15:30,半期報告書－第20期(2026/01/01－2026/12/31),,,,,,,0,0,0,1,1,0,0,1
2026-08-21T20:22:59+00:00,2026-08-14,335,S100YWQT,E04861,96820,9010401018458,株式会社ＤＴＳ,,010,170000,220,,,2026-08-14 15:30,自己株券買付状況報告書（法２４条の６第１項に基づくもの）,,,,,,,0,0,0,1,1,0,0,1
2026-08-21T20:22:59+00:00,2026-08-14,355,S100YWRI,E37733,95520,3011001124759,株式会社クオンツ総研ホールディングス,,010,053000,180,,,2026-08-14 15:30,臨時報告書,,,,第19条第2項第3号,,,0,0,0,1,1,0,0,1
2026-08-21T20:22:59+00:00,2026-08-14,359,S100YWSH,E34484,70440,6011001059993,株式会社ピアラ,,010,043A00,160,2026-01-01,2026-12-31,2026-08-14 15:30,半期報告書－第23期(2026/01/01－2026/12/31),,,,,,,0,0,0,1,1,0,0,1
2026-08-21T20:22:59+00:00,2026-08-14,333,S100YWSO,E34514,62320,9040001083503,株式会社ＡＣＳＬ,,010,043A00,160,2026-01-01,2026-12-31,2026-08-14 15:30,半期報告書－第15期(2026/01/01－2026/12/31),,,,,,,0,0,0,1,1,0,0,1
2026-08-21T20:22:59+00:00,2026-08-14,362,S100YWSQ,E34514,62320,9040001083503,株式会社ＡＣＳＬ,,010,042000,135,,,2026-08-14 15:30,確認書,,,,,,,0,0,0,0,1,0,0,0
2026-08-21T20:22:59+00:00,2026-08-14,349,S100YWVN,E42099,,8110001008288,株式会社テクノクラフト,,010,024000,030,,,2026-08-14 15:30,有価証券届出書（新規公開時）,,,,,,,0,0,0,1,1,1,0,1
2026-08-21T20:22:59+00:00,2026-08-14,360,S100YWXA,E38156,48920,1010001140223,株式会社サイフューズ,,010,043A00,160,2026-01-01,2026-12-31,2026-08-14 15:30,半期報告書－第17期(2026/01/01－2026/12/31),,,,,,,0,0,0,1,1,0,0,1
2026-08-21T20:22:59+00:00,2026-08-14,358,S100YWXC,E39759,219A0,4011001108455,Ｈｅａｒｔｓｅｅｄ株式会社,,010,042000,135,,,2026-08-14 15:30,確認書,,,,,,,0,0,0,0,1,0,0,0
2026-08-21T20:22:59+00:00,2026-08-14,326,S100YWY9,E38450,93450,8010001147872,ビズメイツ株式会社,,010,043A00,160,2026-01-01,2026-12-31,2026-08-14 15:30,半期報告書－第15期(2026/01/01－2026/12/31),,,,,,,0,0,0,1,1,0,0,1
2026-08-21T20:22:59+00:00,2026-08-14,345,S100YWYE,E38450,93450,8010001147872,ビズメイツ株式会社,,010,042000,135,,,2026-08-14 15:30,確認書,,,,,,,0,0,0,0,1,0,0,0
2026-08-21T20:22:59+00:00,2026-08-14,324,S100YWYO,E37979,95610,9120001129165,株式会社グラッドキューブ,,010,043A00,160,2026-01-01,2026-06-30,2026-08-14 15:30,半期報告書－第20期(2026/01/01－2026/06/30),,,,,,,0,2,0,1,1,0,0,1
2026-08-21T20:22:59+00:00,2026-08-18,92,S100YWYO,E37979,95610,9120001129165,株式会社グラッドキューブ,,010,043A00,160,2026-01-01,2026-12-31,2026-08-14 15:30,半期報告書－第20期(2026/01/01－2026/12/31),,,,,,2026-08-18 10:37,0,1,0,1,1,0,0,1
2026-08-21T20:22:59+00:00,2026-08-14,346,S100YWYQ,E37979,95610,9120001129165,株式会社グラッドキューブ,,010,042000,135,,,2026-08-14 15:30,確認書,,,,,,,0,0,0,0,1,0,0,0
2026-08-21T20:22:59+00:00,2026-08-14,341,S100YWYX,E32989,48810,1011001097115,株式会社ファンペップ,,010,042000,135,,,2026-08-14 15:30,確認書,,,,,,,0,0,0,0,1,0,0,0
2026-08-21T20:22:59+00:00,2026-08-14,325,S100YWZ3,E32989,48810,1011001097115,株式会社ファンペップ,,010,043A00,160,2026-01-01,2026-12-31,2026-08-14 15:30,半期報告書－第14期(2026/01/01－2026/12/31),,,,,,,0,0,0,1,1,0,0,1
2026-08-21T20:22:59+00:00,2026-08-14,351,S100YWZI,E39397,153A0,7011101075345,株式会社カウリス,,010,043A00,160,2026-01-01,2026-12-31,2026-08-14 15:30,半期報告書－第12期(2026/01/01－2026/12/31),,,,,,,0,0,0,1,1,0,0,1
2026-08-21T20:22:59+00:00,2026-08-14,327,S100YWZO,E35931,73540,7010001185502,株式会社ダイレクトマーケティングミックス,,010,043A00,160,2026-01-01,2026-12-31,2026-08-14 15:30,半期報告書－第10期(2026/01/01－2026/12/31),,,,,,,0,0,0,1,1,0,0,1
2026-08-21T20:22:59+00:00,2026-08-14,357,S100YWZS,E35931,73540,7010001185502,株式会社ダイレクトマーケティングミックス,,010,042000,135,,,2026-08-14 15:30,確認書,,,,,,,0,0,0,0,1,0,0,0
2026-08-21T20:22:59+00:00,2026-08-14,331,S100YWZT,E40968,,1260001010384,株式会社オーディオストック,,010,024000,030,,,2026-08-14 15:30,有価証券届出書（新規公開時）,,,,,,,0,0,0,1,1,1,0,1
2026-08-21T20:22:59+00:00,2026-08-14,336,S100YX0D,E27066,60710,9010001107009,株式会社ＩＢＪ,,010,043A00,160,2026-01-01,2026-12-31,2026-08-14 15:30,半期報告書－第21期(2026/01/01－2026/12/31),,,,,,,0,0,0,1,1,0,0,1
2026-08-21T20:22:59+00:00,2026-08-14,334,S100YX0K,E39759,219A0,4011001108455,Ｈｅａｒｔｓｅｅｄ株式会社,,010,043A00,160,2026-01-01,2026-12-31,2026-08-14 15:30,半期報告書－第11期(2026/01/01－2026/12/31),,,,,,,0,0,0,1,1,0,0,1
2026-08-21T20:22:59+00:00,2026-08-14,361,S100YX1Q,E27066,60710,9010001107009,株式会社ＩＢＪ,,010,042000,135,,,2026-08-14 15:30,確認書,,,,,,,0,0,0,0,1,0,0,0
2026-08-21T20:22:59+00:00,2026-08-14,328,S100YX1V,E40405,,5011101091121,かがやきホールディングス株式会社,,010,024000,030,,,2026-08-14 15:30,有価証券届出書（新規公開時）,,,,,,,0,0,0,1,1,1,0,1
2026-08-21T20:22:59+00:00,2026-08-14,356,S100YX2D,E38949,55910,1010501042976,株式会社ＡＶＩＬＥＮ,,010,043A00,160,2026-01-01,2026-12-31,2026-08-14 15:30,半期報告書－第9期(2026/01/01－2026/12/31),,,,,,,0,0,0,1,1,0,0,1
2026-08-21T20:22:59+00:00,2026-08-14,318,S100YWUS,E01573,63700,8011101023170,栗田工業株式会社,,010,170000,220,,,2026-08-14 15:22,自己株券買付状況報告書（法２４条の６第１項に基づくもの）,,,,,,,0,0,0,1,1,0,0,1
2026-08-21T20:22:59+00:00,2026-08-14,317,S100YX2G,E00840,41830,4010401052081,三井化学株式会社,,060,010002,350,,,2026-08-14 15:22,変更報告書,E00829,,,,S100SMBL,,0,0,0,1,1,0,0,1
2026-08-21T20:22:59+00:00,2026-08-14,316,S100YWSB,E31817,61770,4021001047248,ＡｐｐＢａｎｋ株式会社,,010,042000,135,,,2026-08-14 15:14,確認書,,,,,,,0,0,0,0,1,0,0,0
2026-08-21T20:22:59+00:00,2026-08-14,314,S100YWS9,E31817,61770,4021001047248,ＡｐｐＢａｎｋ株式会社,,010,043A00,160,2026-01-01,2026-12-31,2026-08-14 15:12,半期報告書－第15期(2026/01/01－2026/12/31),,,,,,,0,0,0,1,1,0,0,1
2026-08-21T20:22:59+00:00,2026-08-14,315,S100YX27,E37147,44170,2010401086255,グローバルセキュリティエキスパート株式会社,,010,053000,180,,,2026-08-14 15:12,臨時報告書,,,,第19条第2項第2号の2,,,0,0,0,1,1,0,0,1
2026-08-21T20:22:59+00:00,2026-08-14,313,S100YWXH,E24872,,,シルチェスター・インターナショナル・インベスターズ・エルエルピー,,060,010002,350,,,2026-08-14 15:07,変更報告書,E01613,,,,,,0,0,0,1,1,1,0,1
2026-08-21T20:22:59+00:00,2026-08-14,312,S100YX1G,E21381,21800,1011001044042,株式会社サニーサイドアップグループ,,010,053000,180,,,2026-08-14 15:04,臨時報告書,,,,"第19条第2項第12号,第19条第2項第19号",,,0,0,0,1,1,0,0,1
2026-08-21T20:22:59+00:00,2026-08-14,311,S100YWDJ,E35307,44860,4011101061083,ユナイトアンドグロウ株式会社,,010,042000,135,,,2026-08-14 15:02,確認書,,,,,,,0,0,0,0,1,0,0,0
2026-08-21T20:22:59+00:00,2026-08-14,309,S100YWDB,E35307,44860,4011101061083,ユナイトアンドグロウ株式会社,,010,043A00,160,2026-01-01,2026-12-31,2026-08-14 15:00,半期報告書－第22期(2026/01/01－2026/12/31),,,,,,,0,0,0,1,1,0,0,1
2026-08-21T20:22:59+00:00,2026-08-14,310,S100YX1N,E33433,,8011105007806,カナディアン・ソーラー・インフラ投資法人,G12678,030,150000,080,,,2026-08-14 15:00,発行登録書（内国投資証券）,,,,,,,0,0,0,1,1,1,0,1
2026-08-21T20:22:59+00:00,2026-08-14,308,S100YWDG,E04324,90650,7290801005328,山九株式会社,,010,170000,220,,,2026-08-14 14:43,自己株券買付状況報告書（法２４条の６第１項に基づくもの）,,,,,,,0,0,0,1,1,0,0,1
2026-08-21T20:22:59+00:00,2026-08-14,306,S100YX1I,E33553,39970,1010001085245,株式会社トレードワークス,,010,043A00,160,2026-01-01,2026-12-31,2026-08-14 14:42,半期報告書－第29期(2026/01/01－2026/12/31),,,,,,,0,0,0,1,1,0,0,1
2026-08-21T20:22:59+00:00,2026-08-14,307,S100YX1K,E33553,39970,1010001085245,株式会社トレードワークス,,010,042000,135,,,2026-08-14 14:42,確認書,,,,,,,0,0,0,0,1,0,0,0
2026-08-21T20:22:59+00:00,2026-08-14,305,S100YWXR,E24747,,,ノムラ・ヨーロッパ・ファイナンス・エヌ・ブイ　（Ｎｏｍｕｒａ　Ｅｕｒｏｐｅ　Ｆｉｎａｎｃｅ　Ｎ．Ｖ．）,,010,072001,040,,,2026-08-14 14:41,訂正有価証券届出書（組込方式）,,,,,S100X9AY,,0,0,0,0,1,1,0,0
2026-08-21T20:22:59+00:00,2026-08-14,304,S100YX1J,E03252,74620,6010001141167,株式会社ＣＡＰＩＴＡ,,040,040000,290,,,2026-08-14 14:40,意見表明報告書,,E40786,,,S100YWPE,,0,0,0,1,1,0,0,1
2026-08-21T20:22:59+00:00,2026-08-14,303,S100YX1B,E02503,80930,2010001014327,極東貿易株式会社,,010,170000,220,,,2026-08-14 14:34,自己株券買付状況報告書（法２４条の６第１項に基づくもの）,,,,,,,0,0,0,1,1,0,0,1
2026-08-21T20:22:59+00:00,2026-08-14,302,S100YWTI,E36140,91450,8220001007865,株式会社ビーイングホールディングス,,010,042000,135,,,2026-08-14 14:32,確認書,,,,,,,0,0,0,0,1,0,0,0
2026-08-21T20:22:59+00:00,2026-08-14,301,S100YX15,E36140,91450,8220001007865,株式会社ビーイングホールディングス,,010,043A00,160,2026-01-01,2026-12-31,2026-08-14 14:31,半期報告書－第41期(2026/01/01－2026/12/31),,,,,,,0,0,0,1,1,0,0,1
2026-08-21T20:22:59+00:00,2026-08-14,299,S100YX0T,E03989,88870,3030001038249,株式会社シーラホールディングス,,010,170000,220,,,2026-08-14 14:30,自己株券買付状況報告書（法２４条の６第１項に基づくもの）,,,,,,,0,0,0,1,1,0,0,1
2026-08-21T20:22:59+00:00,2026-08-14,300,S100YX16,E39407,146A0,8011001094980,コロンビア・ワークス株式会社,,010,042000,135,,,2026-08-14 14:30,確認書,,,,,,,0,0,0,0,1,0,0,0
2026-08-21T20:22:59+00:00,2026-08-14,298,S100YX14,E39407,146A0,8011001094980,コロンビア・ワークス株式会社,,010,043A00,160,2026-01-01,2026-12-31,2026-08-14 14:29,半期報告書－第14期(2026/01/01－2026/12/31),,,,,,,0,0,0,1,1,0,0,1
2026-08-21T20:22:59+00:00,2026-08-14,297,S100YWRW,E04284,93020,2010401046416,三井倉庫ホールディングス株式会社,,010,170000,220,,,2026-08-14 14:17,自己株券買付状況報告書（法２４条の６第１項に基づくもの）,,,,,,,0,0,0,1,1,0,0,1
2026-08-21T20:22:59+00:00,2026-08-14,296,S100YWPE,E40786,,6010401096548,株式会社桃の木,,040,020000,240,,,2026-08-14 14:10,公開買付届出書,,E03252,,,,,0,0,0,1,1,1,0,1
2026-08-21T20:22:59+00:00,2026-08-14,295,S100YX0S,E04999,47040,9011001030704,トレンドマイクロ株式会社,,010,042000,135,,,2026-08-14 14:06,確認書,,,,,,,0,0,0,0,1,0,0,0
2026-08-21T20:22:59+00:00,2026-08-14,294,S100YWRE,E26032,60540,9011001063308,株式会社リブセンス,,010,042000,135,,,2026-08-14 14:05,確認書,,,,,,,0,0,0,0,1,0,0,0
2026-08-21T20:22:59+00:00,2026-08-14,292,S100YWRD,E26032,60540,9011001063308,株式会社リブセンス,,010,043A00,160,2026-01-01,2026-12-31,2026-08-14 14:04,半期報告書－第21期(2026/01/01－2026/12/31),,,,,,,0,0,0,1,1,0,0,1
2026-08-21T20:22:59+00:00,2026-08-14,293,S100YX0R,E04999,47040,9011001030704,トレンドマイクロ株式会社,,010,043A00,160,2026-01-01,2026-12-31,2026-08-14 14:04,半期報告書－第38期(2026/01/01－2026/12/31),,,,,,,0,0,0,1,1,0,0,1
2026-08-21T20:22:59+00:00,2026-08-14,291,S100YWA5,E01906,69770,9230001008820,株式会社日本抵抗器製作所,,010,042000,135,,,2026-08-14 14:03,確認書,,,,,,,0,0,0,0,1,0,0,0
2026-08-21T20:22:59+00:00,2026-08-14,290,S100YWA4,E01906,69770,9230001008820,株式会社日本抵抗器製作所,,010,043A00,160,2026-01-01,2026-12-31,2026-08-14 14:02,半期報告書－第79期(2026/01/01－2026/12/31),,,,,,,0,0,0,1,1,0,0,1
2026-08-21T20:22:59+00:00,2026-08-14,289,S100YVLC,E23202,22700,8430001041570,雪印メグミルク株式会社,,010,170000,220,,,2026-08-14 14:00,自己株券買付状況報告書（法２４条の６第１項に基づくもの）,,,,,,,0,0,0,1,1,0,0,1
2026-08-21T20:22:59+00:00,2026-08-14,288,S100YWXW,E04754,97310,4011001018621,株式会社白洋舍,,010,042000,135,,,2026-08-14 13:59,確認書,,,,,,,0,0,0,0,1,0,0,0
2026-08-21T20:22:59+00:00,2026-08-14,287,S100YWWX,E04754,97310,4011001018621,株式会社白洋舍,,010,043A00,160,2026-01-01,2026-12-31,2026-08-14 13:54,半期報告書－第134期(2026/01/01－2026/12/31),,,,,,,0,0,0,1,1,0,0,1
2026-08-21T20:22:59+00:00,2026-08-14,286,S100YX0B,E41330,,,山本裕治,,060,010002,350,,,2026-08-14 13:43,変更報告書,E02798,,,,,,0,0,0,1,1,0,0,1
2026-08-21T20:22:59+00:00,2026-08-14,285,S100YX0E,E04380,94050,7120001060033,朝日放送グループホールディングス株式会社,,010,170000,220,,,2026-08-14 13:41,自己株券買付状況報告書（法２４条の６第１項に基づくもの）,,,,,,,0,0,0,1,1,0,0,1
2026-08-21T20:22:59+00:00,2026-08-14,284,S100YVQO,E03855,88010,6010001034957,三井不動産株式会社,,010,170000,220,,,2026-08-14 13:35,自己株券買付状況報告書（法２４条の６第１項に基づくもの）,,,,,,,0,0,0,1,1,0,0,1
2026-08-21T20:22:59+00:00,2026-08-14,283,S100YWW6,E02512,80610,6010001008696,西華産業株式会社,,010,170000,220,,,2026-08-14 13:27,自己株券買付状況報告書（法２４条の６第１項に基づくもの）,,,,,,,0,0,0,1,1,0,0,1
2026-08-21T20:22:59+00:00,2026-08-14,282,S100YWV5,E02512,80610,6010001008696,西華産業株式会社,,010,170001,230,,,2026-08-14 13:26,訂正自己株券買付状況報告書（法２４条の６第１項に基づくもの）,,,,,S100YQ5K,,0,0,0,1,1,0,0,1
2026-08-21T20:22:59+00:00,2026-08-14,281,S100YWYT,E41961,,,Ｓａｎｄ　Ｇｒｏｖｅ　Ｃａｐｉｔａｌ　Ｍａｎａｇｅｍｅｎｔ　ＬＬＰ,,060,010002,350,,,2026-08-14 13:24,変更報告書,E02664,,,,S100YBFR,,0,0,0,1,1,1,0,1
2026-08-21T20:22:59+00:00,2026-08-14,280,S100YW8L,E01081,50160,2010001133878,ＪＸ金属株式会社,,010,170000,220,,,2026-08-14 13:14,自己株券買付状況報告書（法２４条の６第１項に基づくもの）,,,,,,,0,0,0,1,1,0,0,1
2026-08-21T20:22:59+00:00,2026-08-14,279,S100YWYM,E30746,71730,9011101071326,株式会社東京きらぼしフィナンシャルグループ,,010,053001,190,,,2026-08-14 13:05,訂正臨時報告書,,,,第19条第2項第9号の2,S100YN22,,0,0,0,1,1,0,0,1
2026-08-21T20:22:59+00:00,2026-08-14,278,S100YWQZ,E36108,40200,7010401054521,ビートレンド株式会社,,010,042000,135,,,2026-08-14 13:02,確認書,,,,,,,0,0,0,0,1,0,0,0
2026-08-21T20:22:59+00:00,2026-08-14,277,S100YWQO,E36108,40200,7010401054521,ビートレンド株式会社,,010,043A00,160,2026-01-01,2026-12-31,2026-08-14 13:01,半期報告書－第28期(2026/01/01－2026/12/31),,,,,,,0,0,0,1,1,0,0,1
2026-08-21T20:22:59+00:00,2026-08-14,276,S100YWZU,E31454,60470,5010401102810,株式会社Ｇｕｎｏｓｙ,,010,053000,180,,,2026-08-14 13:00,臨時報告書,,,,第19条第2項第2号の2,,,0,0,0,1,1,0,0,1
2026-08-21T20:22:59+00:00,2026-08-14,275,S100YWGQ,E30919,36960,1010401073460,株式会社セレス,,010,042000,135,,,2026-08-14 12:58,確認書,,,,,,,0,0,0,0,1,0,0,0
2026-08-21T20:22:59+00:00,2026-08-14,274,S100YWDR,E30919,36960,1010401073460,株式会社セレス,,010,043A00,160,2026-01-01,2026-12-31,2026-08-14 12:57,半期報告書－第22期(2026/01/01－2026/12/31),,,,,,,0,0,0,1,1,0,0,1
2026-08-21T20:22:59+00:00,2026-08-14,271,S100YSM3,E31991,39280,7010001100444,株式会社マイネット,,010,042000,135,,,2026-08-14 12:33,確認書,,,,,,,0,0,0,0,1,0,0,0
2026-08-21T20:22:59+00:00,2026-08-14,273,S100YWZ4,E38948,55880,7010401125256,ファーストアカウンティング株式会社,,010,042000,135,,,2026-08-14 12:33,確認書,,,,,,,0,0,0,0,1,0,0,0
2026-08-21T20:22:59+00:00,2026-08-14,272,S100YWZV,E30930,78140,9011501020139,株式会社日本創発グループ,,010,042000,135,,,2026-08-14 12:33,確認書,,,,,,,0,0,0,0,1,0,0,0
2026-08-21T20:22:59+00:00,2026-08-14,270,S100YS45,E31991,39280,7010001100444,株式会社マイネット,,010,043A00,160,2026-01-01,2026-12-31,2026-08-14 12:32,半期報告書－第21期(2026/01/01－2026/12/31),,,,,,,0,0,0,1,1,0,0,1
2026-08-21T20:22:59+00:00,2026-08-14,269,S100YWZ0,E38948,55880,7010401125256,ファーストアカウンティング株式会社,,010,043A00,160,2026-01-01,2026-12-31,2026-08-14 12:32,半期報告書－第11期(2026/01/01－2026/12/31),,,,,,,0,0,0,1,1,0,0,1
2026-08-21T20:22:59+00:00,2026-08-14,267,S100YWL6,E05645,38250,3010001110827,株式会社リミックスポイント,,010,053000,180,,,2026-08-14 12:31,臨時報告書,,,,第19条第2項第12号,,,0,0,0,1,1,0,0,1
2026-08-21T20:22:59+00:00,2026-08-14,268,S100YWLE,E05645,38250,3010001110827,株式会社リミックスポイント,,010,053000,180,,,2026-08-14 12:31,臨時報告書,,,,第19条第2項第3号,,,0,0,0,1,1,0,0,1
2026-08-21T20:22:59+00:00,2026-08-14,266,S100YWTK,E30930,78140,9011501020139,株式会社日本創発グループ,,010,043A00,160,2026-01-01,2026-12-31,2026-08-14 12:29,半期報告書－第12期(2026/01/01－2026/12/31),,,,,,,0,0,0,1,1,0,0,1
2026-08-21T20:22:59+00:00,2026-08-14,265,S100YWHU,E34102,92780,4021001065745,ブックオフグループホールディングス株式会社,,015,010000,235,,,2026-08-14 12:21,内部統制報告書－第8期(2025/06/01－2026/05/31),,,,,,,0,0,0,1,1,0,0,1
2026-08-21T20:22:59+00:00,2026-08-14,264,S100YWHL,E34102,92780,4021001065745,ブックオフグループホールディングス株式会社,,010,042000,135,,,2026-08-14 12:19,確認書,,,,,,,0,0,0,0,1,0,0,0
2026-08-21T20:22:59+00:00,2026-08-14,263,S100YWGX,E34102,92780,4021001065745,ブックオフグループホールディングス株式会社,,010,030000,120,2025-06-01,2026-05-31,2026-08-14 12:17,有価証券報告書－第8期(2025/06/01－2026/05/31),,,,,,,0,0,0,1,1,1,0,1
2026-08-21T20:22:59+00:00,2026-08-14,262,S100YWZG,E05369,37270,6011101001194,株式会社アプリックス,,010,042000,135,,,2026-08-14 12:12,確認書,,,,,,,0,0,0,0,1,0,0,0
2026-08-21T20:22:59+00:00,2026-08-14,261,S100YWE5,E39171,56190,9010401116526,マーソ株式会社,,010,042000,135,,,2026-08-14 12:07,確認書,,,,,,,0,0,0,0,1,0,0,0
2026-08-21T20:22:59+00:00,2026-08-14,260,S100YWZ7,E05369,37270,6011101001194,株式会社アプリックス,,010,043A00,160,2026-01-01,2026-12-31,2026-08-14 12:07,半期報告書－第42期(2026/01/01－2026/12/31),,,,,,,0,0,0,1,1,0,0,1
2026-08-21T20:22:59+00:00,2026-08-14,259,S100YWE2,E39171,56190,9010401116526,マーソ株式会社,,010,043A00,160,2026-01-01,2026-12-31,2026-08-14 12:06,半期報告書－第12期(2026/01/01－2026/12/31),,,,,,,0,0,0,1,1,0,0,1
2026-08-21T20:22:59+00:00,2026-08-14,257,S100YWJH,E11943,,,Ｅｖｏ　Ｆｕｎｄ,,060,010002,350,,,2026-08-14 12:03,変更報告書,E03313,,,,S100XPIO,,0,0,0,1,1,1,0,1
2026-08-21T20:22:59+00:00,2026-08-14,258,S100YWZF,E03235,74190,4021001013588,株式会社ノジマ,,010,170000,220,,,2026-08-14 12:03,自己株券買付状況報告書（法２４条の６第１項に基づくもの）,,,,,,,0,0,0,1,1,0,0,1
2026-08-21T20:22:59+00:00,2026-08-14,255,S100YWC6,E37902,50380,1120001171257,株式会社ｅＷｅＬＬ,,010,043A00,160,2026-01-01,2026-12-31,2026-08-14 12:02,半期報告書－第15期(2026/01/01－2026/12/31),,,,,,,0,0,0,1,1,0,0,1
2026-08-21T20:22:59+00:00,2026-08-14,256,S100YWC9,E37902,50380,1120001171257,株式会社ｅＷｅＬＬ,,010,042000,135,,,2026-08-14 12:02,確認書,,,,,,,0,0,0,0,1,0,0,0
2026-08-21T20:22:59+00:00,2026-08-14,254,S100YWZA,E40019,261A0,3011101015783,株式会社日水コン,,010,042000,135,,,2026-08-14 12:01,確認書,,,,,,,0,0,0,0,1,0,0,0
2026-08-21T20:22:59+00:00,2026-08-14,253,S100YWL7,E39162,56160,7400001010018,株式会社雨風太陽,,010,042000,135,,,2026-08-14 12:00,確認書,,,,,,,0,0,0,0,1,0,0,0
2026-08-21T20:22:59+00:00,2026-08-14,251,S100YWVE,E39162,56160,7400001010018,株式会社雨風太陽,,010,043A00,160,2026-01-01,2026-12-31,2026-08-14 12:00,半期報告書－第12期(2026/01/01－2026/12/31),,,,,,,0,0,0,1,1,0,0,1
2026-08-21T20:22:59+00:00,2026-08-14,249,S100YWWC,E34331,70390,2010901015622,ブリッジインターナショナル株式会社,,010,043A00,160,2026-01-01,2026-12-31,2026-08-14 12:00,半期報告書－第25期(2026/01/01－2026/12/31),,,,,,,0,0,0,1,1,0,0,1
2026-08-21T20:22:59+00:00,2026-08-14,252,S100YWWO,E34331,70390,2010901015622,ブリッジインターナショナル株式会社,,010,042000,135,,,2026-08-14 12:00,確認書,,,,,,,0,0,0,0,1,0,0,0
2026-08-21T20:22:59+00:00,2026-08-14,250,S100YWZ8,E40019,261A0,3011101015783,株式会社日水コン,,010,043A00,160,2026-01-01,2026-12-31,2026-08-14 12:00,半期報告書－第69期(2026/01/01－2026/12/31),,,,,,,0,0,0,1,1,0,0,1
2026-08-21T20:22:59+00:00,2026-08-14,248,S100YV9W,E05198,42840,2010401068617,株式会社　ソルクシーズ,,010,042000,135,,,2026-08-14 11:58,確認書,,,,,,,0,0,0,0,1,0,0,0
2026-08-21T20:22:59+00:00,2026-08-14,247,S100YWZ2,E05198,42840,2010401068617,株式会社　ソルクシーズ,,010,043A00,160,2026-01-01,2026-12-31,2026-08-14 11:57,半期報告書－第47期(2026/01/01－2026/12/31),,,,,,,0,0,0,1,1,0,0,1
2026-08-21T20:22:59+00:00,2026-08-14,245,S100YVQK,E09164,,,須田　忠雄,,060,010002,350,,,2026-08-14 11:50,変更報告書,E36405,,,,,,0,0,0,1,1,0,0,1
2026-08-21T20:22:59+00:00,2026-08-14,246,S100YWZ6,E01944,65920,2040001036954,マブチモーター株式会社,,010,170000,220,,,2026-08-14 11:50,自己株券買付状況報告書（法２４条の６第１項に基づくもの）,,,,,,,0,0,0,1,1,0,0,1
2026-08-21T20:22:59+00:00,2026-08-14,244,S100YVTV,E35810,73370,6240001056714,株式会社ひろぎんホールディングス,,010,170000,220,,,2026-08-14 11:42,自己株券買付状況報告書（法２４条の６第１項に基づくもの）,,,,,,,0,0,0,1,1,0,0,1
2026-08-21T20:22:59+00:00,2026-08-14,243,S100YWYU,E31624,34170,2010001170789,大木ヘルスケアホールディングス株式会社,,010,053000,180,,,2026-08-14 11:39,臨時報告書,,,,第19条第2項第4号,,,0,0,0,1,1,0,0,1
2026-08-21T20:22:59+00:00,2026-08-14,239,S100YUEA,E36905,43720,3011001034545,ユミルリンク株式会社,,010,043A00,160,2026-01-01,2026-12-31,2026-08-14 11:30,半期報告書－第29期(2026/01/01－2026/12/31),,,,,,,0,0,0,1,1,0,0,1
2026-08-21T20:22:59+00:00,2026-08-14,242,S100YUED,E36905,43720,3011001034545,ユミルリンク株式会社,,010,042000,135,,,2026-08-14 11:30,確認書,,,,,,,0,0,0,0,1,0,0,0
2026-08-21T20:22:59+00:00,2026-08-14,240,S100YWKK,E00394,25020,6010601036386,アサヒグループホールディングス株式会社,,010,043A00,160,2026-01-01,2026-12-31,2026-08-14 11:30,半期報告書－第103期(2026/01/01－2026/12/31),,,,,,,0,0,0,1,1,0,0,1
2026-08-21T20:22:59+00:00,2026-08-14,241,S100YWKX,E00394,25020,6010601036386,アサヒグループホールディングス株式会社,,010,042000,135,,,2026-08-14 11:30,確認書,,,,,,,0,0,0,0,1,0,0,0
2026-08-21T20:22:59+00:00,2026-08-14,238,S100YVOU,E04538,97040,5010401020095,株式会社アゴーラホスピタリティーグループ,,010,042000,135,,,2026-08-14 11:25,確認書,,,,,,,0,0,0,0,1,0,0,0
2026-08-21T20:22:59+00:00,2026-08-14,237,S100YW92,E30857,36950,6011001038345,ＧＭＯプロダクトプラットフォーム株式会社,,010,042000,135,,,2026-08-14 11:24,確認書,,,,,,,0,0,0,0,1,0,0,0
2026-08-21T20:22:59+00:00,2026-08-14,236,S100YWQ3,E04603,96720,9010001034995,東京都競馬株式会社,,010,042000,135,,,2026-08-14 11:24,確認書,,,,,,,0,0,0,0,1,0,0,0
2026-08-21T20:22:59+00:00,2026-08-14,235,S100YVOO,E04538,97040,5010401020095,株式会社アゴーラホスピタリティーグループ,,010,043A00,160,2026-01-01,2026-06-30,2026-08-14 11:23,半期報告書－第89期(2026/01/01－2026/06/30),,,,,,,0,2,0,1,1,0,0,1
2026-08-21T20:22:59+00:00,2026-08-18,159,S100YVOO,E04538,97040,5010401020095,株式会社アゴーラホスピタリティーグループ,,010,043A00,160,2026-01-01,2026-12-31,2026-08-14 11:23,半期報告書－第89期(2026/01/01－2026/12/31),,,,,,2026-08-18 16:28,0,1,0,1,1,0,0,1
2026-08-21T20:22:59+00:00,2026-08-14,234,S100YW93,E30857,36950,6011001038345,ＧＭＯプロダクトプラットフォーム株式会社,,010,043A00,160,2026-01-01,2026-12-31,2026-08-14 11:22,半期報告書－第25期(2026/01/01－2026/12/31),,,,,,,0,0,0,1,1,0,0,1
2026-08-21T20:22:59+00:00,2026-08-14,233,S100YWPR,E04603,96720,9010001034995,東京都競馬株式会社,,010,043A00,160,2026-01-01,2026-12-31,2026-08-14 11:22,半期報告書－第103期(2026/01/01－2026/12/31),,,,,,,0,0,0,1,1,0,0,1
2026-08-21T20:22:59+00:00,2026-08-14,232,S100YTKM,E05309,23310,3010401016070,ＡＬＳＯＫ株式会社,,010,170000,220,,,2026-08-14 11:18,自己株券買付状況報告書（法２４条の６第１項に基づくもの）,,,,,,,0,0,0,1,1,0,0,1
2026-08-21T20:22:59+00:00,2026-08-14,231,S100YWYF,E24158,77760,9011101031759,株式会社セルシード,,010,042000,135,,,2026-08-14 11:15,確認書,,,,,,,0,0,0,0,1,0,0,0
2026-08-21T20:22:59+00:00,2026-08-14,230,S100YWY6,E00442,28920,8010001133971,日本食品化工株式会社,,010,170000,220,,,2026-08-14 11:07,自己株券買付状況報告書（法２４条の６第１項に基づくもの）,,,,,,,0,0,0,1,1,0,0,1
2026-08-21T20:22:59+00:00,2026-08-14,229,S100YWYA,E02174,72560,5021001006269,河西工業株式会社,,010,042100,135,,,2026-08-14 11:06,確認書,,,,,S100YWM7,,0,0,0,0,1,0,0,0
2026-08-21T20:22:59+00:00,2026-08-14,228,S100YWY7,E02174,72560,5021001006269,河西工業株式会社,,010,042200,135,,,2026-08-14 11:05,確認書,,,,,S100YWLW,,0,0,0,0,1,0,0,0
2026-08-21T20:22:59+00:00,2026-08-14,227,S100YWQY,E24158,77760,9011101031759,株式会社セルシード,,010,043A00,160,2026-01-01,2026-12-31,2026-08-14 11:04,半期報告書－第26期(2026/01/01－2026/12/31),,,,,,,0,0,0,1,1,0,0,1
2026-08-21T20:22:59+00:00,2026-08-14,226,S100YWY4,E02174,72560,5021001006269,河西工業株式会社,,010,042100,135,,,2026-08-14 11:04,確認書,,,,,S100YWLG,,0,0,0,0,1,0,0,0
2026-08-21T20:22:59+00:00,2026-08-14,222,S100YWLG,E02174,72560,5021001006269,河西工業株式会社,,010,030001,130,,,2026-08-14 11:00,訂正有価証券報告書－第94期(2024/04/01－2025/03/31),,,,,S100WU0J,,0,0,0,1,1,0,0,1
2026-08-21T20:22:59+00:00,2026-08-14,224,S100YWLW,E02174,72560,5021001006269,河西工業株式会社,,010,043A01,170,,,2026-08-14 11:00,訂正半期報告書－第95期(2025/04/01－2026/03/31),,,,,S100X4JX,,0,0,0,1,1,0,0,1
2026-08-21T20:22:59+00:00,2026-08-14,225,S100YWM7,E02174,72560,5021001006269,河西工業株式会社,,010,030001,130,,,2026-08-14 11:00,訂正有価証券報告書－第95期(2025/04/01－2026/03/31),,,,,S100YNJP,,0,0,0,1,1,0,0,1
2026-08-21T20:22:59+00:00,2026-08-14,221,S100YWOI,E05033,47220,6010701018466,フューチャー株式会社,,010,043A00,160,2026-01-01,2026-12-31,2026-08-14 11:00,半期報告書－第38期(2026/01/01－2026/12/31),,,,,,,0,0,0,1,1,0,0,1
2026-08-21T20:22:59+00:00,2026-08-14,223,S100YWOR,E05033,47220,6010701018466,フューチャー株式会社,,010,042000,135,,,2026-08-14 11:00,確認書,,,,,,,0,0,0,0,1,0,0,0
2026-08-21T20:22:59+00:00,2026-08-14,220,S100YWBK,E11943,,,Ｅｖｏ　Ｆｕｎｄ,,060,010002,350,,,2026-08-14 10:56,変更報告書,E33868,,,,S100XX1H,,0,0,0,1,1,1,0,1
2026-08-21T20:22:59+00:00,2026-08-14,219,S100YWX6,E36107,41680,6010401104203,株式会社ヤプリ,,010,042000,135,,,2026-08-14 10:44,確認書,,,,,,,0,0,0,0,1,0,0,0
2026-08-21T20:22:59+00:00,2026-08-14,218,S100YWX3,E36107,41680,6010401104203,株式会社ヤプリ,,010,043A00,160,2026-01-01,2026-12-31,2026-08-14 10:43,半期報告書－第14期(2026/01/01－2026/12/31),,,,,,,0,0,0,1,1,0,0,1
2026-08-21T20:22:59+00:00,2026-08-14,217,S100YWDI,E26837,,6010001145977,株式会社国際協力銀行,,010,110000,080,,,2026-08-14 10:39,発行登録書（株券､社債券等）,,,,,,,0,0,0,1,1,1,0,1
2026-08-21T20:22:59+00:00,2026-08-14,216,S100YWVL,E05017,47090,7010001011096,株式会社ＩＤホールディングス,,010,170000,220,,,2026-08-14 10:34,自己株券買付状況報告書（法２４条の６第１項に基づくもの）,,,,,,,0,0,0,1,1,0,0,1
2026-08-21T20:22:59+00:00,2026-08-14,215,S100YWNA,E25850,36590,6010001081280,株式会社ネクソン,,010,042000,135,,,2026-08-14 10:32,確認書,,,,,,,0,0,0,0,1,0,0,0
2026-08-21T20:22:59+00:00,2026-08-14,214,S100YWN3,E25850,36590,6010001081280,株式会社ネクソン,,010,043A00,160,2026-01-01,2026-12-31,2026-08-14 10:31,半期報告書－第25期(2026/01/01－2026/12/31),,,,,,,0,0,0,1,1,0,0,1
2026-08-21T20:22:59+00:00,2026-08-14,213,S100YWWB,E05713,38560,9010501023597,Ａｂａｌａｎｃｅ株式会社,,010,170000,220,,,2026-08-14 10:29,自己株券買付状況報告書（法２４条の６第１項に基づくもの）,,,,,,,0,0,0,1,1,0,0,1
2026-08-21T20:22:59+00:00,2026-08-14,211,S100YU6F,E00877,34070,5120001059606,旭化成株式会社,,010,170000,220,,,2026-08-14 10:22,自己株券買付状況報告書（法２４条の６第１項に基づくもの）,,,,,,,0,0,0,1,1,0,0,1
2026-08-21T20:22:59+00:00,2026-08-14,212,S100YVBK,E04788,85930,4010001049866,三菱ＨＣキャピタル株式会社,,010,113001,090,,,2026-08-14 10:22,訂正発行登録書,,,,,S100WL5U,,0,0,0,0,1,0,0,0
2026-08-21T20:22:59+00:00,2026-08-14,210,S100YWW4,E04903,96210,7010001042703,株式会社建設技術研究所,,010,042000,135,,,2026-08-14 10:20,確認書,,,,,,,0,0,0,0,1,0,0,0
2026-08-21T20:22:59+00:00,2026-08-14,209,S100YWVR,E04903,96210,7010001042703,株式会社建設技術研究所,,010,043A00,160,2026-01-01,2026-12-31,2026-08-14 10:16,半期報告書－第64期(2026/01/01－2026/12/31),,,,,,,0,0,0,1,1,0,0,1
2026-08-21T20:22:59+00:00,2026-08-14,208,S100YVS9,E40507,,7021001057797,ソニーセミコンダクタソリューションズ株式会社,,060,010002,350,,,2026-08-14 10:09,変更報告書,E40400,,,,,,0,0,0,1,1,0,0,1
2026-08-21T20:22:59+00:00,2026-08-14,207,S100YWTN,E04903,96210,7010001042703,株式会社建設技術研究所,,010,170000,220,,,2026-08-14 10:05,自己株券買付状況報告書（法２４条の６第１項に基づくもの）,,,,,,,0,0,0,1,1,0,0,1
2026-08-21T20:22:59+00:00,2026-08-14,206,S100YWVC,E03752,86040,7010001034881,野村ホールディングス株式会社,,010,110000,080,,,2026-08-14 10:04,発行登録書（株券､社債券等）,,,,,,,0,0,0,1,1,1,0,1
2026-08-21T20:22:59+00:00,2026-08-14,205,S100YU8S,E04285,93030,7120001049002,株式会社住友倉庫,,010,170000,220,,,2026-08-14 10:03,自己株券買付状況報告書（法２４条の６第１項に基づくもの）,,,,,,,0,0,0,1,1,0,0,1
2026-08-21T20:22:59+00:00,2026-08-14,203,S100YTDB,E33958,,2010001185795,ティー・ロウ・プライス・ジャパン株式会社,G13623,030,04A000,030,,,2026-08-14 10:00,有価証券届出書（内国投資信託受益証券）,,,,,,,0,0,0,1,1,1,0,1
2026-08-21T20:22:59+00:00,2026-08-14,202,S100YVR7,E34565,76750,2180001135998,セントラルフォレストグループ株式会社,,010,043A00,160,2026-01-01,2026-12-31,2026-08-14 10:00,半期報告書－第8期(2026/01/01－2026/12/31),,,,,,,0,0,0,1,1,0,0,1
2026-08-21T20:22:59+00:00,2026-08-14,204,S100YVRA,E34565,76750,2180001135998,セントラルフォレストグループ株式会社,,010,042000,135,,,2026-08-14 10:00,確認書,,,,,,,0,0,0,0,1,0,0,0
2026-08-21T20:22:59+00:00,2026-08-14,201,S100YTD9,E33958,,2010001185795,ティー・ロウ・プライス・ジャパン株式会社,G13623,030,10A000,160,2025-11-18,2026-11-16,2026-08-14 09:58,半期報告書（内国投資信託受益証券）－第7期(2025/11/18－2026/11/16),,,,,,,0,0,0,1,1,0,0,1
2026-08-21T20:22:59+00:00,2026-08-14,200,S100YTCY,E33958,,2010001185795,ティー・ロウ・プライス・ジャパン株式会社,G15615,030,04A000,030,,,2026-08-14 09:56,有価証券届出書（内国投資信託受益証券）,,,,,,,0,0,0,1,1,1,0,1
2026-08-21T20:22:59+00:00,2026-08-14,199,S100YW2J,E03814,86970,9120001098575,株式会社日本取引所グループ,,010,170000,220,,,2026-08-14 09:56,自己株券買付状況報告書（法２４条の６第１項に基づくもの）,,,,,,,0,0,0,1,1,0,0,1
2026-08-21T20:22:59+00:00,2026-08-14,198,S100YTCR,E33958,,2010001185795,ティー・ロウ・プライス・ジャパン株式会社,G15615,030,07A000,120,2025-11-18,2026-05-15,2026-08-14 09:54,有価証券報告書（内国投資信託受益証券）－第2期(2025/11/18－2026/05/15),,,,,,,0,0,0,1,1,1,0,1
2026-08-21T20:22:59+00:00,2026-08-14,197,S100YTCM,E33958,,2010001185795,ティー・ロウ・プライス・ジャパン株式会社,G14677,030,04A000,030,,,2026-08-14 09:51,有価証券届出書（内国投資信託受益証券）,,,,,,,0,0,0,1,1,1,0,1
2026-08-21T20:22:59+00:00,2026-08-14,195,S100YRFM,E31533,,1020001108566,スカイオーシャン・アセットマネジメント株式会社,G12449,030,04A000,030,,,2026-08-14 09:50,有価証券届出書（内国投資信託受益証券）,,,,,,,0,0,0,1,1,1,0,1
2026-08-21T20:22:59+00:00,2026-08-14,196,S100YRFP,E31533,,1020001108566,スカイオーシャン・アセットマネジメント株式会社,G12449,030,07A000,120,2025-11-18,2026-05-15,2026-08-14 09:50,有価証券報告書（内国投資信託受益証券）－第19期(2025/11/18－2026/05/15),,,,,,,0,0,0,1,1,1,0,1
2026-08-21T20:22:59+00:00,2026-08-14,194,S100YWSG,E40133,,6010403033219,Ａｐｒｉｃｕｓ　Ｐａｒｔｎｅｒｓ合同会社,,060,010002,350,,,2026-08-14 09:50,変更報告書,E01308,,,,,,0,0,0,1,1,0,0,1
2026-08-21T20:22:59+00:00,2026-08-14,193,S100YTCJ,E33958,,2010001185795,ティー・ロウ・プライス・ジャパン株式会社,G14677,030,07A000,120,2025-05-16,2026-05-15,2026-08-14 09:49,有価証券報告書（内国投資信託受益証券）－第4期(2025/05/16－2026/05/15),,,,,,,0,0,0,1,1,1,0,1
2026-08-21T20:22:59+00:00,2026-08-14,192,S100YTC2,E33958,,2010001185795,ティー・ロウ・プライス・ジャパン株式会社,G15616,030,04A000,030,,,2026-08-14 09:47,有価証券届出書（内国投資信託受益証券）,,,,,,,0,0,0,1,1,1,0,1
2026-08-21T20:22:59+00:00,2026-08-14,191,S100YTBF,E33958,,2010001185795,ティー・ロウ・プライス・ジャパン株式会社,G15616,030,07A000,120,2025-11-18,2026-05-15,2026-08-14 09:44,有価証券報告書（内国投資信託受益証券）－第2期(2025/11/18－2026/05/15),,,,,,,0,0,0,1,1,1,0,1
2026-08-21T20:22:59+00:00,2026-08-14,190,S100YPPK,E12422,,4010001046310,しんきんアセットマネジメント投信株式会社,G14456,030,04A000,030,,,2026-08-14 09:43,有価証券届出書（内国投資信託受益証券）,,,,,,,0,0,0,1,1,1,0,1
2026-08-21T20:22:59+00:00,2026-08-14,188,S100YSLY,E12882,,7010001054095,農林中金全共連アセットマネジメント株式会社,G14953,030,07A000,120,2025-11-16,2026-05-15,2026-08-14 09:41,有価証券報告書（内国投資信託受益証券）－第6期(2025/11/16－2026/05/15),,,,,,,0,0,0,1,1,1,0,1
2026-08-21T20:22:59+00:00,2026-08-14,189,S100YWU9,E00473,29030,2120001049881,シノブフーズ株式会社,,010,170000,220,,,2026-08-14 09:41,自己株券買付状況報告書（法２４条の６第１項に基づくもの）,,,,,,,0,0,0,1,1,0,0,1
2026-08-21T20:22:59+00:00,2026-08-14,187,S100YVTA,E31037,42480,9010501007633,竹本容器株式会社,,010,042000,135,,,2026-08-14 09:40,確認書,,,,,,,0,0,0,0,1,0,0,0
2026-08-21T20:22:59+00:00,2026-08-14,185,S100YSLW,E12882,,7010001054095,農林中金全共連アセットマネジメント株式会社,G14953,030,04A000,030,,,2026-08-14 09:39,有価証券届出書（内国投資信託受益証券）,,,,,,,0,0,0,1,1,1,0,1
2026-08-21T20:22:59+00:00,2026-08-14,186,S100YVT5,E31037,42480,9010501007633,竹本容器株式会社,,010,043A00,160,2026-01-01,2026-12-31,2026-08-14 09:39,半期報告書－第76期(2026/01/01－2026/12/31),,,,,,,0,0,0,1,1,0,0,1
2026-08-21T20:22:59+00:00,2026-08-14,184,S100YSLS,E12882,,7010001054095,農林中金全共連アセットマネジメント株式会社,G14950,030,10A000,160,2025-11-16,2026-11-15,2026-08-14 09:36,半期報告書（内国投資信託受益証券）－第4期(2025/11/16－2026/11/15),,,,,,,0,0,0,1,1,0,0,1
2026-08-21T20:22:59+00:00,2026-08-14,183,S100YVZI,E02770,99620,6010601006372,株式会社　ミスミグループ本社,,010,170000,220,,,2026-08-14 09:36,自己株券買付状況報告書（法２４条の６第１項に基づくもの）,,,,,,,0,0,0,1,1,0,0,1
2026-08-21T20:22:59+00:00,2026-08-14,182,S100YPPH,E12422,,4010001046310,しんきんアセットマネジメント投信株式会社,G14456,030,10A000,160,2025-11-21,2026-11-20,2026-08-14 09:35,半期報告書（内国投資信託受益証券）－第5期(2025/11/21－2026/11/20),,,,,,,0,0,0,1,1,0,0,1
2026-08-21T20:22:59+00:00,2026-08-14,181,S100YSLO,E12882,,7010001054095,農林中金全共連アセットマネジメント株式会社,G14950,030,04A000,030,,,2026-08-14 09:34,有価証券届出書（内国投資信託受益証券）,,,,,,,0,0,0,1,1,1,0,1
2026-08-21T20:22:59+00:00,2026-08-14,180,S100YWBB,E04345,93640,6140001006951,株式会社上組,,010,170000,220,,,2026-08-14 09:32,自己株券買付状況報告書（法２４条の６第１項に基づくもの）,,,,,,,0,0,0,1,1,0,0,1
2026-08-21T20:22:59+00:00,2026-08-14,176,S100YO5B,E12460,,7010001054021,野村アセットマネジメント株式会社,G14704,030,04A001,040,,,2026-08-14 09:31,訂正有価証券届出書（内国投資信託受益証券）,,,,,S100XDQD,,0,0,0,1,1,1,0,1
2026-08-21T20:22:59+00:00,2026-08-14,178,S100YPPB,E12422,,4010001046310,しんきんアセットマネジメント投信株式会社,G14455,030,04A000,030,,,2026-08-14 09:31,有価証券届出書（内国投資信託受益証券）,,,,,,,0,0,0,1,1,1,0,1
2026-08-21T20:22:59+00:00,2026-08-14,179,S100YR6K,E12447,,9011301011486,朝日ライフ　アセットマネジメント株式会社,G04239,030,04A000,030,,,2026-08-14 09:31,有価証券届出書（内国投資信託受益証券）,,,,,,,0,0,0,1,1,1,0,1
2026-08-21T20:22:59+00:00,2026-08-14,177,S100YSOJ,E06433,,3010001034076,東京海上アセットマネジメント株式会社,G14690,030,04A000,030,,,2026-08-14 09:31,有価証券届出書（内国投資信託受益証券）,,,,,,,0,0,0,1,1,1,0,1
2026-08-21T20:22:59+00:00,2026-08-14,174,S100YAAQ,E12430,,8010401072159,アモーヴァ・アセットマネジメント株式会社,G13469,030,04A000,030,,,2026-08-14 09:30,有価証券届出書（内国投資信託受益証券）,,,,,,,0,0,0,1,1,1,0,1
2026-08-21T20:22:59+00:00,2026-08-14,173,S100YO59,E12460,,7010001054021,野村アセットマネジメント株式会社,G14704,030,07A000,120,2025-11-18,2026-05-15,2026-08-14 09:30,有価証券報告書（内国投資信託受益証券）－第7期(2025/11/18－2026/05/15),,,,,,,0,0,0,1,1,1,0,1
2026-08-21T20:22:59+00:00,2026-08-14,175,S100YSOI,E06433,,3010001034076,東京海上アセットマネジメント株式会社,G14690,030,10A000,160,2025-11-18,2026-11-16,2026-08-14 09:30,半期報告書（内国投資信託受益証券）－第4期(2025/11/18－2026/11/16),,,,,,,0,0,0,1,1,0,0,1
2026-08-21T20:22:59+00:00,2026-08-14,171,S100YAAS,E12430,,8010401072159,アモーヴァ・アセットマネジメント株式会社,G13469,030,07A000,120,2025-11-18,2026-05-15,2026-08-14 09:29,有価証券報告書（内国投資信託受益証券）－第14期(2025/11/18－2026/05/15),,,,,,,0,0,0,1,1,1,0,1
2026-08-21T20:22:59+00:00,2026-08-14,170,S100YR6M,E12447,,9011301011486,朝日ライフ　アセットマネジメント株式会社,G04239,030,10A000,160,2025-11-18,2026-11-16,2026-08-14 09:29,半期報告書（内国投資信託受益証券）－第22期(2025/11/18－2026/11/16),,,,,,,0,0,0,1,1,0,0,1
2026-08-21T20:22:59+00:00,2026-08-14,169,S100YSNX,E06433,,3010001034076,東京海上アセットマネジメント株式会社,G14691,030,04A000,030,,,2026-08-14 09:29,有価証券届出書（内国投資信託受益証券）,,,,,,,0,0,0,1,1,1,0,1
2026-08-21T20:22:59+00:00,2026-08-14,172,S100YSO2,E06433,,3010001034076,東京海上アセットマネジメント株式会社,G14691,030,07A000,120,2025-11-18,2026-05-15,2026-08-14 09:29,有価証券報告書（内国投資信託受益証券）－第7期(2025/11/18－2026/05/15),,,,,,,0,0,0,1,1,1,0,1
2026-08-21T20:22:59+00:00,2026-08-14,168,S100YAAN,E12430,,8010401072159,アモーヴァ・アセットマネジメント株式会社,G09386,030,04A000,030,,,2026-08-14 09:28,有価証券届出書（内国投資信託受益証券）,,,,,,,0,0,0,1,1,1,0,1
2026-08-21T20:22:59+00:00,2026-08-14,166,S100YSVY,E12447,,9011301011486,朝日ライフ　アセットマネジメント株式会社,G01514,030,04A000,030,,,2026-08-14 09:28,有価証券届出書（内国投資信託受益証券）,,,,,,,0,0,0,1,1,1,0,1
2026-08-21T20:22:59+00:00,2026-08-14,167,S100YWA0,E05533,24610,7011001035606,株式会社ファンコミュニケーションズ,,010,042000,135,,,2026-08-14 09:28,確認書,,,,,,,0,0,0,0,1,0,0,0
2026-08-21T20:22:59+00:00,2026-08-14,165,S100YAAO,E12430,,8010401072159,アモーヴァ・アセットマネジメント株式会社,G09386,030,07A000,120,2025-11-18,2026-05-15,2026-08-14 09:27,有価証券報告書（内国投資信託受益証券）－第26期(2025/11/18－2026/05/15),,,,,,,0,0,0,1,1,1,0,1
2026-08-21T20:22:59+00:00,2026-08-14,164,S100YW9Y,E05533,24610,7011001035606,株式会社ファンコミュニケーションズ,,010,043A00,160,2026-01-01,2026-12-31,2026-08-14 09:27,半期報告書－第28期(2026/01/01－2026/12/31),,,,,,,0,0,0,1,1,0,0,1
2026-08-21T20:22:59+00:00,2026-08-14,162,S100YPP8,E12422,,4010001046310,しんきんアセットマネジメント投信株式会社,G14455,030,10A000,160,2025-11-21,2026-11-20,2026-08-14 09:26,半期報告書（内国投資信託受益証券）－第5期(2025/11/21－2026/11/20),,,,,,,0,0,0,1,1,0,0,1
2026-08-21T20:22:59+00:00,2026-08-14,163,S100YQV4,E11518,,9010001034450,三菱ＵＦＪアセットマネジメント株式会社,G12649,030,04A000,030,,,2026-08-14 09:26,有価証券届出書（内国投資信託受益証券）,,,,,,,0,0,0,1,1,1,0,1
2026-08-21T20:22:59+00:00,2026-08-14,158,S100YSVM,E12447,,9011301011486,朝日ライフ　アセットマネジメント株式会社,G01514,030,10A000,160,2025-11-18,2026-11-16,2026-08-14 09:25,半期報告書（内国投資信託受益証券）－第26期(2025/11/18－2026/11/16),,,,,,,0,0,0,1,1,0,0,1
2026-08-21T20:22:59+00:00,2026-08-14,160,S100YTNW,E15787,,1010701021680,楽天投信投資顧問株式会社,G15518,030,995000,180,,,2026-08-14 09:25,臨時報告書（内国特定有価証券）,,,,第29条第2項第4号,,,0,0,0,1,1,0,0,1
2026-08-21T20:22:59+00:00,2026-08-14,161,S100YU15,E10677,,9010001021473,アセットマネジメントＯｎｅ株式会社,G15357,030,04A000,030,,,2026-08-14 09:25,有価証券届出書（内国投資信託受益証券）,,,,,,,0,0,0,1,1,1,0,1
2026-08-21T20:22:59+00:00,2026-08-14,159,S100YW16,E04256,91730,3010401020097,東海汽船株式会社,,010,042000,135,,,2026-08-14 09:25,確認書,,,,,,,0,0,0,0,1,0,0,0
2026-08-21T20:22:59+00:00,2026-08-14,154,S100YF1V,E12473,,4010001031576,ＵＢＳアセット・マネジメント株式会社,G06988,030,04A000,030,,,2026-08-14 09:24,有価証券届出書（内国投資信託受益証券）,,,,,,,0,0,0,1,1,1,0,1
2026-08-21T20:22:59+00:00,2026-08-14,155,S100YQV3,E11518,,9010001034450,三菱ＵＦＪアセットマネジメント株式会社,G12649,030,07A000,120,2025-05-16,2026-05-15,2026-08-14 09:24,有価証券報告書（内国投資信託受益証券）－第9期(2025/05/16－2026/05/15),,,,,,,0,0,0,1,1,1,0,1
2026-08-21T20:22:59+00:00,2026-08-14,157,S100YU14,E10677,,9010001021473,アセットマネジメントＯｎｅ株式会社,G15357,030,10A000,160,2025-11-15,2026-11-16,2026-08-14 09:24,半期報告書（内国投資信託受益証券）－第2期(2025/11/15－2026/11/16),,,,,,,0,0,0,1,1,0,0,1
2026-08-21T20:22:59+00:00,2026-08-14,153,S100YU1D,E10677,,9010001021473,アセットマネジメントＯｎｅ株式会社,G15454,030,04A000,030,,,2026-08-14 09:24,有価証券届出書（内国投資信託受益証券）,,,,,,,0,0,0,1,1,1,0,1
2026-08-21T20:22:59+00:00,2026-08-14,156,S100YW15,E04256,91730,3010401020097,東海汽船株式会社,,010,043A00,160,2026-01-01,2026-12-31,2026-08-14 09:24,半期報告書－第202期(2026/01/01－2026/12/31),,,,,,,0,0,0,1,1,0,0,1
2026-08-21T20:22:59+00:00,2026-08-14,151,S100YF1U,E12473,,4010001031576,ＵＢＳアセット・マネジメント株式会社,G06988,030,07A000,120,2025-11-21,2026-05-20,2026-08-14 09:23,有価証券報告書（内国投資信託受益証券）－第36期(2025/11/21－2026/05/20),,,,,,,0,0,0,1,1,1,0,1
2026-08-21T20:22:59+00:00,2026-08-14,150,S100YSFI,E12882,,7010001054095,農林中金全共連アセットマネジメント株式会社,G14952,030,04A000,030,,,2026-08-14 09:23,有価証券届出書（内国投資信託受益証券）,,,,,,,0,0,0,1,1,1,0,1
2026-08-21T20:22:59+00:00,2026-08-14,152,S100YSFK,E12882,,7010001054095,農林中金全共連アセットマネジメント株式会社,G14952,030,07A000,120,2025-11-16,2026-05-15,2026-08-14 09:23,有価証券報告書（内国投資信託受益証券）－第6期(2025/11/16－2026/05/15),,,,,,,0,0,0,1,1,1,0,1
2026-08-21T20:22:59+00:00,2026-08-14,149,S100YSL3,E12963,,2010401034817,ステート・ストリート・グローバル・アドバイザーズ株式会社,G15671,030,04A001,040,,,2026-08-14 09:23,訂正有価証券届出書（内国投資信託受益証券）,,,,,S100WTK4,,0,0,0,1,1,1,0,1
2026-08-21T20:22:59+00:00,2026-08-14,148,S100YWTM,E31612,71800,2340001018765,株式会社九州フィナンシャルグループ,,010,170000,220,,,2026-08-14 09:23,自己株券買付状況報告書（法２４条の６第１項に基づくもの）,,,,,,,0,0,0,1,1,0,0,1
2026-08-21T20:22:59+00:00,2026-08-14,147,S100YU1F,E10677,,9010001021473,アセットマネジメントＯｎｅ株式会社,G15454,030,07A000,120,2025-11-15,2026-05-14,2026-08-14 09:22,有価証券報告書（内国投資信託受益証券）－第3期(2025/11/15－2026/05/14),,,,,,,0,0,0,1,1,1,0,1
2026-08-21T20:22:59+00:00,2026-08-14,146,S100YPP4,E12422,,4010001046310,しんきんアセットマネジメント投信株式会社,G14454,030,04A000,030,,,2026-08-14 09:21,有価証券届出書（内国投資信託受益証券）,,,,,,,0,0,0,1,1,1,0,1
2026-08-21T20:22:59+00:00,2026-08-14,143,S100YQHH,E11518,,9010001034450,三菱ＵＦＪアセットマネジメント株式会社,G15704,030,10A000,160,2025-11-18,2026-11-17,2026-08-14 09:21,半期報告書（内国投資信託受益証券）－第1期(2025/11/18－2026/11/17),,,,,,,0,0,0,1,1,0,0,1
2026-08-21T20:22:59+00:00,2026-08-14,142,S100YSFN,E12882,,7010001054095,農林中金全共連アセットマネジメント株式会社,G14951,030,04A000,030,,,2026-08-14 09:21,有価証券届出書（内国投資信託受益証券）,,,,,,,0,0,0,1,1,1,0,1
2026-08-21T20:22:59+00:00,2026-08-14,145,S100YSFO,E12882,,7010001054095,農林中金全共連アセットマネジメント株式会社,G14951,030,07A000,120,2025-11-16,2026-05-15,2026-08-14 09:21,有価証券報告書（内国投資信託受益証券）－第6期(2025/11/16－2026/05/15),,,,,,,0,0,0,1,1,1,0,1
2026-08-21T20:22:59+00:00,2026-08-14,144,S100YUM5,E14415,,2010001066608,シンプレクス・アセット・マネジメント株式会社,G15740,030,04A001,040,,,2026-08-14 09:21,訂正有価証券届出書（内国投資信託受益証券）,,,,,S100X5YK,,0,0,0,1,1,1,0,1
2026-08-21T20:22:59+00:00,2026-08-14,139,S100YALR,E14415,,2010001066608,シンプレクス・アセット・マネジメント株式会社,G15740,030,07A000,120,2025-12-17,2026-05-15,2026-08-14 09:20,有価証券報告書（内国投資信託受益証券）－第1期(2025/12/17－2026/05/15),,,,,,,0,0,0,1,1,1,0,1
2026-08-21T20:22:59+00:00,2026-08-14,141,S100YQV1,E11518,,9010001034450,三菱ＵＦＪアセットマネジメント株式会社,G03623,030,04A000,030,,,2026-08-14 09:20,有価証券届出書（内国投資信託受益証券）,,,,,,,0,0,0,1,1,1,0,1
2026-08-21T20:22:59+00:00,2026-08-14,138,S100YSKZ,E12963,,2010401034817,ステート・ストリート・グローバル・アドバイザーズ株式会社,G15671,030,10A000,160,2025-11-17,2026-10-20,2026-08-14 09:20,半期報告書（内国投資信託受益証券）－第1期(2025/11/17－2026/10/20),,,,,,,0,0,0,1,1,0,0,1
2026-08-21T20:22:59+00:00,2026-08-14,140,S100YTMT,E11518,,9010001034450,三菱ＵＦＪアセットマネジメント株式会社,G15704,030,04A001,040,,,2026-08-14 09:20,訂正有価証券届出書（内国投資信託受益証券）,,,,,S100WXL6,,0,0,0,1,1,1,0,1
2026-08-21T20:22:59+00:00,2026-08-14,137,S100YWTF,E03614,83160,2010001081053,株式会社三井住友フィナンシャルグループ,,010,170000,220,,,2026-08-14 09:20,自己株券買付状況報告書（法２４条の６第１項に基づくもの）,,,,,,,0,0,0,1,1,0,0,1
2026-08-21T20:22:59+00:00,2026-08-14,135,S100Y2IN,E12441,,3010001062358,ＳＢＩ岡三アセットマネジメント株式会社,G13020,030,04A000,030,,,2026-08-14 09:19,有価証券届出書（内国投資信託受益証券）,,,,,,,0,0,0,1,1,1,0,1
2026-08-21T20:22:59+00:00,2026-08-14,136,S100YQ3B,E11518,,9010001034450,三菱ＵＦＪアセットマネジメント株式会社,G10993,030,10A000,160,2025-11-18,2026-11-17,2026-08-14 09:19,半期報告書（内国投資信託受益証券）－第13期(2025/11/18－2026/11/17),,,,,,,0,0,0,1,1,0,0,1
2026-08-21T20:22:59+00:00,2026-08-14,133,S100YSIX,E11518,,9010001034450,三菱ＵＦＪアセットマネジメント株式会社,G10993,030,04A001,040,,,2026-08-14 09:19,訂正有価証券届出書（内国投資信託受益証券）,,,,,S100XF75,,0,0,0,1,1,1,0,1
2026-08-21T20:22:59+00:00,2026-08-14,132,S100YSKU,E12963,,2010401034817,ステート・ストリート・グローバル・アドバイザーズ株式会社,G15670,030,04A001,040,,,2026-08-14 09:19,訂正有価証券届出書（内国投資信託受益証券）,,,,,S100WTJT,,0,0,0,1,1,1,0,1
2026-08-21T20:22:59+00:00,2026-08-14,134,S100YU9A,E09096,,9010001125976,ブラックロック・ジャパン株式会社,G13460,030,04A000,030,,,2026-08-14 09:19,有価証券届出書（内国投資信託受益証券）,,,,,,,0,0,0,1,1,1,0,1
2026-08-21T20:22:59+00:00,2026-08-14,131,S100YW7G,E04944,97800,6020001024214,株式会社ハリマビステム,,010,170000,220,,,2026-08-14 09:19,自己株券買付状況報告書（法２４条の６第１項に基づくもの）,,,,,,,0,0,0,1,1,0,0,1
2026-08-21T20:22:59+00:00,2026-08-14,129,S100YALH,E12586,,6010001077097,シュローダー・インベストメント・マネジメント株式会社,G05344,030,04A000,030,,,2026-08-14 09:18,有価証券届出書（内国投資信託受益証券）,,,,,,,0,0,0,1,1,1,0,1
2026-08-21T20:22:59+00:00,2026-08-14,125,S100YALI,E12586,,6010001077097,シュローダー・インベストメント・マネジメント株式会社,G05344,030,07A000,120,2025-11-18,2026-05-15,2026-08-14 09:18,有価証券報告書（内国投資信託受益証券）－第39期(2025/11/18－2026/05/15),,,,,,,0,0,0,1,1,1,0,1
2026-08-21T20:22:59+00:00,2026-08-14,127,S100YQV0,E11518,,9010001034450,三菱ＵＦＪアセットマネジメント株式会社,G03623,030,07A000,120,2025-11-18,2026-05-15,2026-08-14 09:18,有価証券報告書（内国投資信託受益証券）－第46期(2025/11/18－2026/05/15),,,,,,,0,0,0,1,1,1,0,1
2026-08-21T20:22:59+00:00,2026-08-14,126,S100YST4,E12444,,8010001114914,三井住友トラスト・アセットマネジメント株式会社,G11499,030,04A000,030,,,2026-08-14 09:18,有価証券届出書（内国投資信託受益証券）,,,,,,,0,0,0,1,1,1,0,1
2026-08-21T20:22:59+00:00,2026-08-14,128,S100YTDK,E12444,,8010001114914,三井住友トラスト・アセットマネジメント株式会社,G04917,030,04A000,030,,,2026-08-14 09:18,有価証券届出書（内国投資信託受益証券）,,,,,,,0,0,0,1,1,1,0,1
2026-08-21T20:22:59+00:00,2026-08-14,130,S100YU9H,E09096,,9010001125976,ブラックロック・ジャパン株式会社,G13460,030,07A000,120,2025-05-21,2026-05-20,2026-08-14 09:18,有価証券報告書（内国投資信託受益証券）－第7期(2025/05/21－2026/05/20),,,,,,,0,0,0,1,1,1,0,1
2026-08-21T20:22:59+00:00,2026-08-14,122,S100YALF,E12586,,6010001077097,シュローダー・インベストメント・マネジメント株式会社,G05343,030,04A000,030,,,2026-08-14 09:17,有価証券届出書（内国投資信託受益証券）,,,,,,,0,0,0,1,1,1,0,1
2026-08-21T20:22:59+00:00,2026-08-14,124,S100YQ39,E11518,,9010001034450,三菱ＵＦＪアセットマネジメント株式会社,G10963,030,07A000,120,2025-11-18,2026-05-18,2026-08-14 09:17,有価証券報告書（内国投資信託受益証券）－第57期(2025/11/18－2026/05/18),,,,,,,0,0,0,1,1,1,0,1
2026-08-21T20:22:59+00:00,2026-08-14,121,S100YUSN,E12963,,2010401034817,ステート・ストリート・グローバル・アドバイザーズ株式会社,G15114,030,04A001,040,,,2026-08-14 09:17,訂正有価証券届出書（内国投資信託受益証券）,,,,,S100XJQ7,,0,0,0,1,1,1,0,1
2026-08-21T20:22:59+00:00,2026-08-14,123,S100YWNT,E03810,,6010001074037,野村證券株式会社,,060,010002,350,,,2026-08-14 09:17,変更報告書,E01824,,,,S100MO9B,,0,0,0,1,1,1,0,1
2026-08-21T20:22:59+00:00,2026-08-14,119,S100YALG,E12586,,6010001077097,シュローダー・インベストメント・マネジメント株式会社,G05343,030,10A000,160,2025-11-18,2026-11-16,2026-08-14 09:16,半期報告書（内国投資信託受益証券）－第20期(2025/11/18－2026/11/16),,,,,,,0,0,0,1,1,0,0,1
2026-08-21T20:22:59+00:00,2026-08-14,116,S100YPCO,E14703,,8010001014858,キャピタル・インターナショナル株式会社,G12717,030,04A001,040,,,2026-08-14 09:16,訂正有価証券届出書（内国投資信託受益証券）,,,,,S100XF4X,,0,0,0,1,1,1,0,1
2026-08-21T20:22:59+00:00,2026-08-14,118,S100YPP0,E12422,,4010001046310,しんきんアセットマネジメント投信株式会社,G14454,030,10A000,160,2025-11-21,2026-11-20,2026-08-14 09:16,半期報告書（内国投資信託受益証券）－第5期(2025/11/21－2026/11/20),,,,,,,0,0,0,1,1,0,0,1
2026-08-21T20:22:59+00:00,2026-08-14,120,S100YSIW,E11518,,9010001034450,三菱ＵＦＪアセットマネジメント株式会社,G10963,030,04A001,040,,,2026-08-14 09:16,訂正有価証券届出書（内国投資信託受益証券）,,,,,S100XFJQ,,0,0,0,1,1,1,0,1
2026-08-21T20:22:59+00:00,2026-08-14,117,S100YTDL,E12444,,8010001114914,三井住友トラスト・アセットマネジメント株式会社,G04917,030,07A000,120,2025-11-15,2026-05-14,2026-08-14 09:16,有価証券報告書（内国投資信託受益証券）－第40期(2025/11/15－2026/05/14),,,,,,,0,0,0,1,1,1,0,1
2026-08-21T20:22:59+00:00,2026-08-14,112,S100YPCL,E14703,,8010001014858,キャピタル・インターナショナル株式会社,G12718,030,04A001,040,,,2026-08-14 09:15,訂正有価証券届出書（内国投資信託受益証券）,,,,,S100XF4V,,0,0,0,1,1,1,0,1
2026-08-21T20:22:59+00:00,2026-08-14,113,S100YPCN,E14703,,8010001014858,キャピタル・インターナショナル株式会社,G12717,030,10A000,160,2025-11-21,2026-11-20,2026-08-14 09:15,半期報告書（内国投資信託受益証券）－第10期(2025/11/21－2026/11/20),,,,,,,0,0,0,1,1,0,0,1
2026-08-21T20:22:59+00:00,2026-08-14,114,S100YQLR,E11518,,9010001034450,三菱ＵＦＪアセットマネジメント株式会社,G13583,030,07A000,120,2025-11-18,2026-05-15,2026-08-14 09:15,有価証券報告書（内国投資信託受益証券）－第13期(2025/11/18－2026/05/15),,,,,,,0,0,0,1,1,1,0,1
2026-08-21T20:22:59+00:00,2026-08-14,115,S100YST9,E12444,,8010001114914,三井住友トラスト・アセットマネジメント株式会社,G11499,030,07A000,120,2025-05-16,2026-05-15,2026-08-14 09:15,有価証券報告書（内国投資信託受益証券）－第11期(2025/05/16－2026/05/15),,,,,,,0,0,0,1,1,1,0,1
2026-08-21T20:22:59+00:00,2026-08-14,109,S100YAOF,E32011,,5010601048309,りそなアセットマネジメント株式会社,G15382,030,04A000,030,,,2026-08-14 09:14,有価証券届出書（内国投資信託受益証券）,,,,,,,0,0,0,1,1,1,0,1
2026-08-21T20:22:59+00:00,2026-08-14,110,S100YONV,E11161,,5010701017007,スパークス・アセット・マネジメント株式会社,G14806,030,04A000,030,,,2026-08-14 09:14,有価証券届出書（内国投資信託受益証券）,,,,,,,0,0,0,1,1,1,0,1
2026-08-21T20:22:59+00:00,2026-08-14,106,S100YPCJ,E14703,,8010001014858,キャピタル・インターナショナル株式会社,G12718,030,10A000,160,2025-11-21,2026-11-20,2026-08-14 09:14,半期報告書（内国投資信託受益証券）－第10期(2025/11/21－2026/11/20),,,,,,,0,0,0,1,1,0,0,1
2026-08-21T20:22:59+00:00,2026-08-14,111,S100YQLS,E11518,,9010001034450,三菱ＵＦＪアセットマネジメント株式会社,G13583,030,04A001,040,,,2026-08-14 09:14,訂正有価証券届出書（内国投資信託受益証券）,,,,,S100XFUM,,0,0,0,1,1,1,0,1
2026-08-21T20:22:59+00:00,2026-08-14,105,S100YSSS,E11518,,9010001034450,三菱ＵＦＪアセットマネジメント株式会社,G13584,030,10A000,160,2025-11-18,2026-11-16,2026-08-14 09:14,半期報告書（内国投資信託受益証券）－第7期(2025/11/18－2026/11/16),,,,,,,0,0,0,1,1,0,0,1
2026-08-21T20:22:59+00:00,2026-08-14,107,S100YU2E,E12453,,9010001025953,ニッセイアセットマネジメント株式会社,G03733,030,04A000,030,,,2026-08-14 09:14,有価証券届出書（内国投資信託受益証券）,,,,,,,0,0,0,1,1,1,0,1
2026-08-21T20:22:59+00:00,2026-08-14,108,S100YWSW,E00461,28750,2010401020321,東洋水産株式会社,,010,170000,220,,,2026-08-14 09:14,自己株券買付状況報告書（法２４条の６第１項に基づくもの）,,,,,,,0,0,0,1,1,0,0,1
2026-08-21T20:22:59+00:00,2026-08-14,100,S100Y2IP,E12441,,3010001062358,ＳＢＩ岡三アセットマネジメント株式会社,G13020,030,07A000,120,2025-11-18,2026-05-15,2026-08-14 09:13,有価証券報告書（内国投資信託受益証券）－第16期(2025/11/18－2026/05/15),,,,,,,0,0,0,1,1,1,0,1
2026-08-21T20:22:59+00:00,2026-08-14,97,S100YAOD,E32011,,5010601048309,りそなアセットマネジメント株式会社,G15381,030,04A000,030,,,2026-08-14 09:13,有価証券届出書（内国投資信託受益証券）,,,,,,,0,0,0,1,1,1,0,1
2026-08-21T20:22:59+00:00,2026-08-14,104,S100YAOH,E32011,,5010601048309,りそなアセットマネジメント株式会社,G15382,030,07A000,120,2025-11-18,2026-05-15,2026-08-14 09:13,有価証券報告書（内国投資信託受益証券）－第3期(2025/11/18－2026/05/15),,,,,,,0,0,0,1,1,1,0,1
2026-08-21T20:22:59+00:00,2026-08-14,98,S100YPCE,E14703,,8010001014858,キャピタル・インターナショナル株式会社,G11487,030,10A000,160,2025-11-21,2026-11-20,2026-08-14 09:13,半期報告書（内国投資信託受益証券）－第11期(2025/11/21－2026/11/20),,,,,,,0,0,0,1,1,0,0,1
2026-08-21T20:22:59+00:00,2026-08-14,103,S100YPCF,E14703,,8010001014858,キャピタル・インターナショナル株式会社,G11487,030,04A001,040,,,2026-08-14 09:13,訂正有価証券届出書（内国投資信託受益証券）,,,,,S100XF4S,,0,0,0,1,1,1,0,1
2026-08-21T20:22:59+00:00,2026-08-14,99,S100YQLP,E11518,,9010001034450,三菱ＵＦＪアセットマネジメント株式会社,G13584,030,04A001,040,,,2026-08-14 09:13,訂正有価証券届出書（内国投資信託受益証券）,,,,,S100XFUK,,0,0,0,1,1,1,0,1
2026-08-21T20:22:59+00:00,2026-08-14,102,S100YT60,E06748,,2010001049257,大和アセットマネジメント株式会社,G14828,030,04A000,030,,,2026-08-14 09:13,有価証券届出書（内国投資信託受益証券）,,,,,,,0,0,0,1,1,1,0,1
2026-08-21T20:22:59+00:00,2026-08-14,101,S100YU2I,E12453,,9010001025953,ニッセイアセットマネジメント株式会社,G03733,030,07A000,120,2025-11-18,2026-05-15,2026-08-14 09:13,有価証券報告書（内国投資信託受益証券）－第46期(2025/11/18－2026/05/15),,,,,,,0,0,0,1,1,1,0,1
2026-08-21T20:22:59+00:00,2026-08-14,94,S100YAOE,E32011,,5010601048309,りそなアセットマネジメント株式会社,G15381,030,10A000,160,2025-11-18,2026-11-16,2026-08-14 09:12,半期報告書（内国投資信託受益証券）－第2期(2025/11/18－2026/11/16),,,,,,,0,0,0,1,1,0,0,1
2026-08-21T20:22:59+00:00,2026-08-14,95,S100YOAI,E09666,,9010001062807,アムンディ・ジャパン株式会社,G15482,030,04A000,030,,,2026-08-14 09:12,有価証券届出書（内国投資信託受益証券）,,,,,,,0,0,0,1,1,1,0,1
2026-08-21T20:22:59+00:00,2026-08-14,91,S100YPCD,E14703,,8010001014858,キャピタル・インターナショナル株式会社,G11486,030,04A001,040,,,2026-08-14 09:12,訂正有価証券届出書（内国投資信託受益証券）,,,,,S100XF4K,,0,0,0,1,1,1,0,1
2026-08-21T20:22:59+00:00,2026-08-14,92,S100YPOU,E12422,,4010001046310,しんきんアセットマネジメント投信株式会社,G08353,030,04A000,030,,,2026-08-14 09:12,有価証券届出書（内国投資信託受益証券）,,,,,,,0,0,0,1,1,1,0,1
2026-08-21T20:22:59+00:00,2026-08-14,90,S100YSKT,E12963,,2010401034817,ステート・ストリート・グローバル・アドバイザーズ株式会社,G15670,030,10A000,160,2025-11-17,2026-10-20,2026-08-14 09:12,半期報告書（内国投資信託受益証券）－第1期(2025/11/17－2026/10/20),,,,,,,0,0,0,1,1,0,0,1
2026-08-21T20:22:59+00:00,2026-08-14,96,S100YSZL,E12444,,8010001114914,三井住友トラスト・アセットマネジメント株式会社,G08689,030,04A000,030,,,2026-08-14 09:12,有価証券届出書（内国投資信託受益証券）,,,,,,,0,0,0,1,1,1,0,1
2026-08-21T20:22:59+00:00,2026-08-14,93,S100YWEQ,E04846,97020,4010701000269,株式会社アイ・エス・ビー,,010,042000,135,,,2026-08-14 09:12,確認書,,,,,,,0,0,0,0,1,0,0,0
2026-08-21T20:22:59+00:00,2026-08-14,84,S100YAOA,E32011,,5010601048309,りそなアセットマネジメント株式会社,G15380,030,04A000,030,,,2026-08-14 09:11,有価証券届出書（内国投資信託受益証券）,,,,,,,0,0,0,1,1,1,0,1
2026-08-21T20:22:59+00:00,2026-08-14,82,S100YOAL,E09666,,9010001062807,アムンディ・ジャパン株式会社,G15482,030,07A000,120,2025-11-21,2026-05-20,2026-08-14 09:11,有価証券報告書（内国投資信託受益証券）－第2期(2025/11/21－2026/05/20),,,,,,,0,0,0,1,1,1,0,1
2026-08-21T20:22:59+00:00,2026-08-14,88,S100YONT,E11161,,5010701017007,スパークス・アセット・マネジメント株式会社,G14806,030,07A000,120,2025-05-15,2026-05-14,2026-08-14 09:11,有価証券報告書（内国投資信託受益証券）－第3期(2025/05/15－2026/05/14),,,,,,,0,0,0,1,1,1,0,1
2026-08-21T20:22:59+00:00,2026-08-14,83,S100YPC8,E14703,,8010001014858,キャピタル・インターナショナル株式会社,G11485,030,04A001,040,,,2026-08-14 09:11,訂正有価証券届出書（内国投資信託受益証券）,,,,,S100XF4H,,0,0,0,1,1,1,0,1
2026-08-21T20:22:59+00:00,2026-08-14,85,S100YPCA,E14703,,8010001014858,キャピタル・インターナショナル株式会社,G11486,030,10A000,160,2025-11-21,2026-11-20,2026-08-14 09:11,半期報告書（内国投資信託受益証券）－第11期(2025/11/21－2026/11/20),,,,,,,0,0,0,1,1,0,0,1
2026-08-21T20:22:59+00:00,2026-08-14,86,S100YT5Y,E06748,,2010001049257,大和アセットマネジメント株式会社,G14828,030,07A000,120,2025-11-22,2026-05-21,2026-08-14 09:11,有価証券報告書（内国投資信託受益証券）－第6期(2025/11/22－2026/05/21),,,,,,,0,0,0,1,1,1,0,1
2026-08-21T20:22:59+00:00,2026-08-14,87,S100YU1X,E12453,,9010001025953,ニッセイアセットマネジメント株式会社,G03373,030,04A000,030,,,2026-08-14 09:11,有価証券届出書（内国投資信託受益証券）,,,,,,,0,0,0,1,1,1,0,1
2026-08-21T20:22:59+00:00,2026-08-14,89,S100YWTE,E04982,46710,1130001007154,株式会社ファルコホールディングス,,010,170000,220,,,2026-08-14 09:11,自己株券買付状況報告書（法２４条の６第１項に基づくもの）,,,,,,,0,0,0,1,1,0,0,1
2026-08-21T20:22:59+00:00,2026-08-14,74,S100YAO6,E32011,,5010601048309,りそなアセットマネジメント株式会社,G15379,030,04A000,030,,,2026-08-14 09:10,有価証券届出書（内国投資信託受益証券）,,,,,,,0,0,0,1,1,1,0,1
2026-08-21T20:22:59+00:00,2026-08-14,80,S100YAOC,E32011,,5010601048309,りそなアセットマネジメント株式会社,G15380,030,07A000,120,2025-11-18,2026-05-15,2026-08-14 09:10,有価証券報告書（内国投資信託受益証券）－第3期(2025/11/18－2026/05/15),,,,,,,0,0,0,1,1,1,0,1
2026-08-21T20:22:59+00:00,2026-08-14,78,S100YPC7,E14703,,8010001014858,キャピタル・インターナショナル株式会社,G11485,030,10A000,160,2025-11-21,2026-11-20,2026-08-14 09:10,半期報告書（内国投資信託受益証券）－第11期(2025/11/21－2026/11/20),,,,,,,0,0,0,1,1,0,0,1
2026-08-21T20:22:59+00:00,2026-08-14,75,S100YRZU,E06748,,2010001049257,大和アセットマネジメント株式会社,G09235,030,04A000,030,,,2026-08-14 09:10,有価証券届出書（内国投資信託受益証券）,,,,,,,0,0,0,1,1,1,0,1
2026-08-21T20:22:59+00:00,2026-08-14,79,S100YSZY,E12444,,8010001114914,三井住友トラスト・アセットマネジメント株式会社,G08689,030,07A000,120,2025-11-18,2026-05-15,2026-08-14 09:10,有価証券報告書（内国投資信託受益証券）－第31期(2025/11/18－2026/05/15),,,,,,,0,0,0,1,1,1,0,1
2026-08-21T20:22:59+00:00,2026-08-14,81,S100YU2B,E12453,,9010001025953,ニッセイアセットマネジメント株式会社,G03373,030,07A000,120,2025-11-18,2026-05-15,2026-08-14 09:10,有価証券報告書（内国投資信託受益証券）－第48期(2025/11/18－2026/05/15),,,,,,,0,0,0,1,1,1,0,1
2026-08-21T20:22:59+00:00,2026-08-14,76,S100YVTL,E12963,,2010401034817,ステート・ストリート・グローバル・アドバイザーズ株式会社,G15114,030,10A000,160,2025-11-18,2026-11-16,2026-08-14 09:10,半期報告書（内国投資信託受益証券）－第3期(2025/11/18－2026/11/16),,,,,,,0,0,0,1,1,0,0,1
2026-08-21T20:22:59+00:00,2026-08-14,77,S100YWEO,E04846,97020,4010701000269,株式会社アイ・エス・ビー,,010,043A00,160,2026-01-01,2026-12-31,2026-08-14 09:10,半期報告書－第57期(2026/01/01－2026/12/31),,,,,,,0,0,0,1,1,0,0,1
2026-08-21T20:22:59+00:00,2026-08-14,72,S100YAO9,E32011,,5010601048309,りそなアセットマネジメント株式会社,G15379,030,10A000,160,2025-11-18,2026-11-16,2026-08-14 09:09,半期報告書（内国投資信託受益証券）－第2期(2025/11/18－2026/11/16),,,,,,,0,0,0,1,1,0,0,1
2026-08-21T20:22:59+00:00,2026-08-14,73,S100YOAR,E09666,,9010001062807,アムンディ・ジャパン株式会社,G15250,030,04A000,030,,,2026-08-14 09:09,有価証券届出書（内国投資信託受益証券）,,,,,,,0,0,0,1,1,1,0,1
2026-08-21T20:22:59+00:00,2026-08-14,68,S100YOAG,E09666,,9010001062807,アムンディ・ジャパン株式会社,G15250,030,07A000,120,2025-05-16,2026-05-15,2026-08-14 09:08,有価証券報告書（内国投資信託受益証券）－第2期(2025/05/16－2026/05/15),,,,,,,0,0,0,1,1,1,0,1
2026-08-21T20:22:59+00:00,2026-08-14,71,S100YS5R,E12460,,7010001054021,野村アセットマネジメント株式会社,G08539,030,995000,180,,,2026-08-14 09:08,臨時報告書（内国特定有価証券）,,,,第29条第2項第4号,,,0,0,0,1,1,0,0,1
2026-08-21T20:22:59+00:00,2026-08-14,69,S100YTIL,E12444,,8010001114914,三井住友トラスト・アセットマネジメント株式会社,G08672,030,04A000,030,,,2026-08-14 09:08,有価証券届出書（内国投資信託受益証券）,,,,,,,0,0,0,1,1,1,0,1
2026-08-21T20:22:59+00:00,2026-08-14,70,S100YU9C,E12963,,2010401034817,ステート・ストリート・グローバル・アドバイザーズ株式会社,G15111,030,04A001,040,,,2026-08-14 09:08,訂正有価証券届出書（内国投資信託受益証券）,,,,,S100XK0L,,0,0,0,1,1,1,0,1
2026-08-21T20:22:59+00:00,2026-08-14,62,S100YAL5,E13347,,9010001065462,日立投資顧問株式会社,G03176,030,04A000,030,,,2026-08-14 09:07,有価証券届出書（内国投資信託受益証券）,,,,,,,0,0,0,1,1,1,0,1
2026-08-21T20:22:59+00:00,2026-08-14,64,S100YPC5,E14703,,8010001014858,キャピタル・インターナショナル株式会社,G11484,030,10A000,160,2025-11-21,2026-11-20,2026-08-14 09:07,半期報告書（内国投資信託受益証券）－第11期(2025/11/21－2026/11/20),,,,,,,0,0,0,1,1,0,0,1
2026-08-21T20:22:59+00:00,2026-08-14,67,S100YPC6,E14703,,8010001014858,キャピタル・インターナショナル株式会社,G11484,030,04A001,040,,,2026-08-14 09:07,訂正有価証券届出書（内国投資信託受益証券）,,,,,S100XGTU,,0,0,0,1,1,1,0,1
2026-08-21T20:22:59+00:00,2026-08-14,63,S100YPOS,E12422,,4010001046310,しんきんアセットマネジメント投信株式会社,G08353,030,07A000,120,2025-11-21,2026-05-20,2026-08-14 09:07,有価証券報告書（内国投資信託受益証券）－第30期(2025/11/21－2026/05/20),,,,,,,0,0,0,1,1,1,0,1
2026-08-21T20:22:59+00:00,2026-08-14,66,S100YRZT,E06748,,2010001049257,大和アセットマネジメント株式会社,G09235,030,07A000,120,2025-11-26,2026-05-22,2026-08-14 09:07,有価証券報告書（内国投資信託受益証券）－第26期(2025/11/26－2026/05/22),,,,,,,0,0,0,1,1,1,0,1
2026-08-21T20:22:59+00:00,2026-08-14,65,S100YVTM,E12963,,2010401034817,ステート・ストリート・グローバル・アドバイザーズ株式会社,G15111,030,10A000,160,2025-11-18,2026-11-16,2026-08-14 09:07,半期報告書（内国投資信託受益証券）－第3期(2025/11/18－2026/11/16),,,,,,,0,0,0,1,1,0,0,1
2026-08-21T20:22:59+00:00,2026-08-14,57,S100YAL8,E13347,,9010001065462,日立投資顧問株式会社,G03176,030,07A000,120,2025-05-16,2026-05-15,2026-08-14 09:06,有価証券報告書（内国投資信託受益証券）－第25期(2025/05/16－2026/05/15),,,,,,,0,0,0,1,1,1,0,1
2026-08-21T20:22:59+00:00,2026-08-14,58,S100YPC2,E14703,,8010001014858,キャピタル・インターナショナル株式会社,G11483,030,04A001,040,,,2026-08-14 09:06,訂正有価証券届出書（内国投資信託受益証券）,,,,,S100XF49,,0,0,0,1,1,1,0,1
2026-08-21T20:22:59+00:00,2026-08-14,56,S100YPD2,E00115,19500,6010501016240,日本電設工業株式会社,,060,010002,350,,,2026-08-14 09:06,変更報告書,E01816,,,,,,0,0,0,1,1,0,0,1
2026-08-21T20:22:59+00:00,2026-08-14,61,S100YR43,E12460,,7010001054021,野村アセットマネジメント株式会社,G12809,030,04A001,040,,,2026-08-14 09:06,訂正有価証券届出書（内国投資信託受益証券）,,,,,S100XDSC,,0,0,0,1,1,1,0,1
2026-08-21T20:22:59+00:00,2026-08-14,55,S100YT5W,E06748,,2010001049257,大和アセットマネジメント株式会社,G08575,030,04A000,030,,,2026-08-14 09:06,有価証券届出書（内国投資信託受益証券）,,,,,,,0,0,0,1,1,1,0,1
2026-08-21T20:22:59+00:00,2026-08-14,54,S100YTIM,E12444,,8010001114914,三井住友トラスト・アセットマネジメント株式会社,G08672,030,07A000,120,2025-05-16,2026-05-15,2026-08-14 09:06,有価証券報告書（内国投資信託受益証券）－第17期(2025/05/16－2026/05/15),,,,,,,0,0,0,1,1,1,0,1
2026-08-21T20:22:59+00:00,2026-08-14,59,S100YU04,E10677,,9010001021473,アセットマネジメントＯｎｅ株式会社,G15358,030,04A000,030,,,2026-08-14 09:06,有価証券届出書（内国投資信託受益証券）,,,,,,,0,0,0,1,1,1,0,1
2026-08-21T20:22:59+00:00,2026-08-14,53,S100YU8T,E06433,,3010001034076,東京海上アセットマネジメント株式会社,G14182,030,10A000,160,2025-11-18,2026-11-16,2026-08-14 09:06,半期報告書（内国投資信託受益証券）－第6期(2025/11/18－2026/11/16),,,,,,,0,0,0,1,1,0,0,1
2026-08-21T20:22:59+00:00,2026-08-14,60,S100YWTC,E39349,137A0,4010401129383,Ｃｏｃｏｌｉｖｅ株式会社,,010,170000,220,,,2026-08-14 09:06,自己株券買付状況報告書（法２４条の６第１項に基づくもの）,,,,,,,0,0,0,1,1,0,0,1
2026-08-21T20:22:59+00:00,2026-08-14,47,S100YAL2,E13347,,9010001065462,日立投資顧問株式会社,G03175,030,04A000,030,,,2026-08-14 09:05,有価証券届出書（内国投資信託受益証券）,,,,,,,0,0,0,1,1,1,0,1
2026-08-21T20:22:59+00:00,2026-08-14,49,S100YO49,E12460,,7010001054021,野村アセットマネジメント株式会社,G08539,030,07A000,120,2025-11-18,2026-05-18,2026-08-14 09:05,有価証券報告書（内国投資信託受益証券）－第29期(2025/11/18－2026/05/18),,,,,,,0,0,0,1,1,1,0,1
2026-08-21T20:22:59+00:00,2026-08-14,51,S100YOA2,E09666,,9010001062807,アムンディ・ジャパン株式会社,G07972,030,04A000,030,,,2026-08-14 09:05,有価証券届出書（内国投資信託受益証券）,,,,,,,0,0,0,1,1,1,0,1
2026-08-21T20:22:59+00:00,2026-08-14,52,S100YP6X,E12460,,7010001054021,野村アセットマネジメント株式会社,G03798,030,10A000,160,2025-11-19,2026-11-18,2026-08-14 09:05,半期報告書（内国投資信託受益証券）－第23期(2025/11/19－2026/11/18),,,,,,,0,0,0,1,1,0,0,1
2026-08-21T20:22:59+00:00,2026-08-14,44,S100YPBT,E14703,,8010001014858,キャピタル・インターナショナル株式会社,G11482,030,04A001,040,,,2026-08-14 09:05,訂正有価証券届出書（内国投資信託受益証券）,,,,,S100XF43,,0,0,0,1,1,1,0,1
2026-08-21T20:22:59+00:00,2026-08-14,50,S100YPBW,E14703,,8010001014858,キャピタル・インターナショナル株式会社,G11483,030,10A000,160,2025-11-21,2026-11-20,2026-08-14 09:05,半期報告書（内国投資信託受益証券）－第11期(2025/11/21－2026/11/20),,,,,,,0,0,0,1,1,0,0,1
2026-08-21T20:22:59+00:00,2026-08-14,45,S100YTZU,E10677,,9010001021473,アセットマネジメントＯｎｅ株式会社,G15358,030,07A000,120,2025-11-15,2026-05-14,2026-08-14 09:05,有価証券報告書（内国投資信託受益証券）－第3期(2025/11/15－2026/05/14),,,,,,,0,0,0,1,1,1,0,1
2026-08-21T20:22:59+00:00,2026-08-14,46,S100YU8Q,E06433,,3010001034076,東京海上アセットマネジメント株式会社,G14182,030,04A000,030,,,2026-08-14 09:05,有価証券届出書（内国投資信託受益証券）,,,,,,,0,0,0,1,1,1,0,1
2026-08-21T20:22:59+00:00,2026-08-14,48,S100YUDO,E10677,,9010001021473,アセットマネジメントＯｎｅ株式会社,G09242,030,04A000,030,,,2026-08-14 09:05,有価証券届出書（内国投資信託受益証券）,,,,,,,0,0,0,1,1,1,0,1
2026-08-21T20:22:59+00:00,2026-08-14,37,S100YAL0,E13347,,9010001065462,日立投資顧問株式会社,G03174,030,04A000,030,,,2026-08-14 09:04,有価証券届出書（内国投資信託受益証券）,,,,,,,0,0,0,1,1,1,0,1
2026-08-21T20:22:59+00:00,2026-08-14,43,S100YAL3,E13347,,9010001065462,日立投資顧問株式会社,G03175,030,07A000,120,2025-05-16,2026-05-15,2026-08-14 09:04,有価証券報告書（内国投資信託受益証券）－第25期(2025/05/16－2026/05/15),,,,,,,0,0,0,1,1,1,0,1
2026-08-21T20:22:59+00:00,2026-08-14,40,S100YOA8,E09666,,9010001062807,アムンディ・ジャパン株式会社,G07972,030,07A000,120,2025-11-15,2026-05-14,2026-08-14 09:04,有価証券報告書（内国投資信託受益証券）－第47期(2025/11/15－2026/05/14),,,,,,,0,0,0,1,1,1,0,1
2026-08-21T20:22:59+00:00,2026-08-14,34,S100YPBS,E14703,,8010001014858,キャピタル・インターナショナル株式会社,G11482,030,10A000,160,2025-11-21,2026-11-20,2026-08-14 09:04,半期報告書（内国投資信託受益証券）－第11期(2025/11/21－2026/11/20),,,,,,,0,0,0,1,1,0,0,1
2026-08-21T20:22:59+00:00,2026-08-14,42,S100YRWQ,E26704,,6010001141324,カレラアセットマネジメント株式会社,G11682,030,04A000,030,,,2026-08-14 09:04,有価証券届出書（内国投資信託受益証券）,,,,,,,0,0,0,1,1,1,0,1
2026-08-21T20:22:59+00:00,2026-08-14,36,S100YSKO,E12963,,2010401034817,ステート・ストリート・グローバル・アドバイザーズ株式会社,G11683,030,04A001,040,,,2026-08-14 09:04,訂正有価証券届出書（内国投資信託受益証券）,,,,,S100XINB,,0,0,0,1,1,1,0,1
2026-08-21T20:22:59+00:00,2026-08-14,38,S100YSKQ,E00115,19500,6010501016240,日本電設工業株式会社,,060,090001,360,,,2026-08-14 09:04,訂正報告書（大量保有報告書・変更報告書）,E01816,,,,S100TANX,,0,0,0,1,1,0,0,1
2026-08-21T20:22:59+00:00,2026-08-14,41,S100YT5V,E06748,,2010001049257,大和アセットマネジメント株式会社,G08575,030,07A000,120,2025-11-26,2026-05-22,2026-08-14 09:04,有価証券報告書（内国投資信託受益証券）－第29期(2025/11/26－2026/05/22),,,,,,,0,0,0,1,1,1,0,1
2026-08-21T20:22:59+00:00,2026-08-14,35,S100YU8P,E06433,,3010001034076,東京海上アセットマネジメント株式会社,G14183,030,07A000,120,2025-11-18,2026-05-15,2026-08-14 09:04,有価証券報告書（内国投資信託受益証券）－第10期(2025/11/18－2026/05/15),,,,,,,0,0,0,1,1,1,0,1
2026-08-21T20:22:59+00:00,2026-08-14,39,S100YUD7,E10677,,9010001021473,アセットマネジメントＯｎｅ株式会社,G09242,030,07A000,120,2025-05-16,2026-05-15,2026-08-14 09:04,有価証券報告書（内国投資信託受益証券）－第13期(2025/05/16－2026/05/15),,,,,,,0,0,0,1,1,1,0,1
2026-08-21T20:22:59+00:00,2026-08-14,24,S100YAKT,E13347,,9010001065462,日立投資顧問株式会社,G03173,030,04A000,030,,,2026-08-14 09:03,有価証券届出書（内国投資信託受益証券）,,,,,,,0,0,0,1,1,1,0,1
2026-08-21T20:22:59+00:00,2026-08-14,29,S100YAL1,E13347,,9010001065462,日立投資顧問株式会社,G03174,030,07A000,120,2025-05-16,2026-05-15,2026-08-14 09:03,有価証券報告書（内国投資信託受益証券）－第25期(2025/05/16－2026/05/15),,,,,,,0,0,0,1,1,1,0,1
2026-08-21T20:22:59+00:00,2026-08-14,33,S100YP76,E12460,,7010001054021,野村アセットマネジメント株式会社,G03798,030,04A001,040,,,2026-08-14 09:03,訂正有価証券届出書（内国投資信託受益証券）,,,,,S100XDSA,,0,0,0,1,1,1,0,1
2026-08-21T20:22:59+00:00,2026-08-14,27,S100YPBQ,E14703,,8010001014858,キャピタル・インターナショナル株式会社,G11481,030,04A001,040,,,2026-08-14 09:03,訂正有価証券届出書（内国投資信託受益証券）,,,,,S100XF3Z,,0,0,0,1,1,1,0,1
2026-08-21T20:22:59+00:00,2026-08-14,32,S100YR41,E12460,,7010001054021,野村アセットマネジメント株式会社,G12809,030,07A000,120,2025-11-18,2026-05-18,2026-08-14 09:03,有価証券報告書（内国投資信託受益証券）－第17期(2025/11/18－2026/05/18),,,,,,,0,0,0,1,1,1,0,1
2026-08-21T20:22:59+00:00,2026-08-14,30,S100YRWP,E26704,,6010001141324,カレラアセットマネジメント株式会社,G11682,030,07A000,120,2025-11-18,2026-05-15,2026-08-14 09:03,有価証券報告書（内国投資信託受益証券）－第20期(2025/11/18－2026/05/15),,,,,,,0,0,0,1,1,1,0,1
2026-08-21T20:22:59+00:00,2026-08-14,25,S100YU51,E10677,,9010001021473,アセットマネジメントＯｎｅ株式会社,G11984,030,04A000,030,,,2026-08-14 09:03,有価証券届出書（内国投資信託受益証券）,,,,,,,0,0,0,1,1,1,0,1
2026-08-21T20:22:59+00:00,2026-08-14,26,S100YU8O,E06433,,3010001034076,東京海上アセットマネジメント株式会社,G14183,030,04A000,030,,,2026-08-14 09:03,有価証券届出書（内国投資信託受益証券）,,,,,,,0,0,0,1,1,1,0,1
2026-08-21T20:22:59+00:00,2026-08-14,28,S100YUFS,E10677,,9010001021473,アセットマネジメントＯｎｅ株式会社,G12971,030,04A000,030,,,2026-08-14 09:03,有価証券届出書（内国投資信託受益証券）,,,,,,,0,0,0,1,1,1,0,1
2026-08-21T20:22:59+00:00,2026-08-14,31,S100YUI6,E10677,,9010001021473,アセットマネジメントＯｎｅ株式会社,G15453,030,04A000,030,,,2026-08-14 09:03,有価証券届出書（内国投資信託受益証券）,,,,,,,0,0,0,1,1,1,0,1
2026-08-21T20:22:59+00:00,2026-08-14,19,S100YAKW,E13347,,9010001065462,日立投資顧問株式会社,G03173,030,07A000,120,2025-05-16,2026-05-15,2026-08-14 09:02,有価証券報告書（内国投資信託受益証券）－第25期(2025/05/16－2026/05/15),,,,,,,0,0,0,1,1,1,0,1
2026-08-21T20:22:59+00:00,2026-08-14,18,S100YO4G,E12460,,7010001054021,野村アセットマネジメント株式会社,G08539,030,04A000,030,,,2026-08-14 09:02,有価証券届出書（内国投資信託受益証券）,,,,,,,0,0,0,1,1,1,0,1
2026-08-21T20:22:59+00:00,2026-08-14,21,S100YPBP,E14703,,8010001014858,キャピタル・インターナショナル株式会社,G11481,030,10A000,160,2025-11-21,2026-11-20,2026-08-14 09:02,半期報告書（内国投資信託受益証券）－第11期(2025/11/21－2026/11/20),,,,,,,0,0,0,1,1,0,0,1
2026-08-21T20:22:59+00:00,2026-08-14,23,S100YSKM,E12963,,2010401034817,ステート・ストリート・グローバル・アドバイザーズ株式会社,G11683,030,10A000,160,2025-11-18,2026-11-16,2026-08-14 09:02,半期報告書（内国投資信託受益証券）－第11期(2025/11/18－2026/11/16),,,,,,,0,0,0,1,1,0,0,1
2026-08-21T20:22:59+00:00,2026-08-14,20,S100YTT9,E09096,,9010001125976,ブラックロック・ジャパン株式会社,G07750,030,04A000,030,,,2026-08-14 09:02,有価証券届出書（内国投資信託受益証券）,,,,,,,0,0,0,1,1,1,0,1
2026-08-21T20:22:59+00:00,2026-08-14,16,S100YU4V,E10677,,9010001021473,アセットマネジメントＯｎｅ株式会社,G11984,030,07A000,120,2025-11-18,2026-05-15,2026-08-14 09:02,有価証券報告書（内国投資信託受益証券）－第47期(2025/11/18－2026/05/15),,,,,,,0,0,0,1,1,1,0,1
2026-08-21T20:22:59+00:00,2026-08-14,22,S100YUF7,E10677,,9010001021473,アセットマネジメントＯｎｅ株式会社,G05345,030,04A000,030,,,2026-08-14 09:02,有価証券届出書（内国投資信託受益証券）,,,,,,,0,0,0,1,1,1,0,1
2026-08-21T20:22:59+00:00,2026-08-14,15,S100YUFI,E10677,,9010001021473,アセットマネジメントＯｎｅ株式会社,G12971,030,07A000,120,2025-05-16,2026-05-15,2026-08-14 09:02,有価証券報告書（内国投資信託受益証券）－第8期(2025/05/16－2026/05/15),,,,,,,0,0,0,1,1,1,0,1
2026-08-21T20:22:59+00:00,2026-08-14,17,S100YUI0,E10677,,9010001021473,アセットマネジメントＯｎｅ株式会社,G15453,030,10A000,160,2025-11-15,2026-11-16,2026-08-14 09:02,半期報告書（内国投資信託受益証券）－第2期(2025/11/15－2026/11/16),,,,,,,0,0,0,1,1,0,0,1
2026-08-21T20:22:59+00:00,2026-08-14,13,S100YAKN,E13347,,9010001065462,日立投資顧問株式会社,G03172,030,04A000,030,,,2026-08-14 09:01,有価証券届出書（内国投資信託受益証券）,,,,,,,0,0,0,1,1,1,0,1
2026-08-21T20:22:59+00:00,2026-08-14,9,S100YAKR,E13347,,9010001065462,日立投資顧問株式会社,G03172,030,07A000,120,2025-05-16,2026-05-15,2026-08-14 09:01,有価証券報告書（内国投資信託受益証券）－第25期(2025/05/16－2026/05/15),,,,,,,0,0,0,1,1,1,0,1
2026-08-21T20:22:59+00:00,2026-08-14,10,S100YKJ6,E12448,,8010401040306,明治安田アセットマネジメント株式会社,G08123,030,04A000,030,,,2026-08-14 09:01,有価証券届出書（内国投資信託受益証券）,,,,,,,0,0,0,1,1,1,0,1
2026-08-21T20:22:59+00:00,2026-08-14,14,S100YOMO,E10439,,4010001027269,ピクテ・ジャパン株式会社,G03635,030,07A000,120,2025-11-18,2026-05-15,2026-08-14 09:01,有価証券報告書（内国投資信託受益証券）－第46期(2025/11/18－2026/05/15),,,,,,,0,0,0,1,1,1,0,1
2026-08-21T20:22:59+00:00,2026-08-14,11,S100YOQE,E12460,,7010001054021,野村アセットマネジメント株式会社,G13067,030,07A000,120,2025-05-16,2026-05-15,2026-08-14 09:01,有価証券報告書（内国投資信託受益証券）－第8期(2025/05/16－2026/05/15),,,,,,,0,0,0,1,1,1,0,1
2026-08-21T20:22:59+00:00,2026-08-14,8,S100YTTF,E09096,,9010001125976,ブラックロック・ジャパン株式会社,G07750,030,07A000,120,2025-11-21,2026-05-20,2026-08-14 09:01,有価証券報告書（内国投資信託受益証券）－第37期(2025/11/21－2026/05/20),,,,,,,0,0,0,1,1,1,0,1
2026-08-21T20:22:59+00:00,2026-08-14,12,S100YUE5,E10677,,9010001021473,アセットマネジメントＯｎｅ株式会社,G05345,030,07A000,120,2025-05-16,2026-05-15,2026-08-14 09:01,有価証券報告書（内国投資信託受益証券）－第19期(2025/05/16－2026/05/15),,,,,,,0,0,0,1,1,1,0,1
2026-08-21T20:22:59+00:00,2026-08-14,5,S100YKJ0,E12448,,8010401040306,明治安田アセットマネジメント株式会社,G08123,030,10A000,160,2025-11-18,2026-11-16,2026-08-14 09:00,半期報告書（内国投資信託受益証券）－第21期(2025/11/18－2026/11/16),,,,,,,0,0,0,1,1,0,0,1
2026-08-21T20:22:59+00:00,2026-08-14,6,S100YOMI,E10439,,4010001027269,ピクテ・ジャパン株式会社,G03635,030,04A000,030,,,2026-08-14 09:00,有価証券届出書（内国投資信託受益証券）,,,,,,,0,0,0,1,1,1,0,1
2026-08-21T20:22:59+00:00,2026-08-14,2,S100YOQJ,E12460,,7010001054021,野村アセットマネジメント株式会社,G13067,030,04A000,030,,,2026-08-14 09:00,有価証券届出書（内国投資信託受益証券）,,,,,,,0,0,0,1,1,1,0,1
2026-08-21T20:22:59+00:00,2026-08-14,1,S100YVX9,E40399,330A0,3010001192221,株式会社ＴａｌｅｎｔＸ,,010,170000,220,,,2026-08-14 09:00,自己株券買付状況報告書（法２４条の６第１項に基づくもの）,,,,,,,0,0,0,1,1,0,0,1
2026-08-21T20:22:59+00:00,2026-08-14,4,S100YW2F,E03867,88180,6120001078852,京阪神ビルディング株式会社,,010,110000,080,,,2026-08-14 09:00,発行登録書（株券､社債券等）,,,,,,,0,0,0,1,1,1,0,1
2026-08-21T20:22:59+00:00,2026-08-14,3,S100YW3D,E04149,90220,3180001031569,東海旅客鉄道株式会社,,010,170000,220,,,2026-08-14 09:00,自己株券買付状況報告書（法２４条の６第１項に基づくもの）,,,,,,,0,0,0,1,1,0,0,1
2026-08-21T20:22:59+00:00,2026-08-14,7,S100YWT7,E31042,34450,3010701024500,株式会社ＲＳ　Ｔｅｃｈｎｏｌｏｇｉｅｓ,,010,042000,135,,,2026-08-14 09:00,確認書,,,,,,,0,0,0,0,1,0,0,0
2026-08-21T20:22:59+00:00,2026-08-18,91,S100YUYV,E03092,81650,5120001066081,株式会社千趣会,,010,043A00,160,2026-01-01,2026-12-31,2026-08-10 11:00,半期報告書－第82期(2026/01/01－2026/12/31),,,,,,2026-08-18 10:36,0,1,0,1,1,0,0,1
2026-08-21T20:22:59+00:00,2026-08-14,611,S100YV1J,E05474,37650,8010001082839,ガンホー・オンライン・エンターテイメント株式会社,,010,043A00,160,2026-01-01,2026-12-31,2026-08-07 15:36,半期報告書－第30期(2026/01/01－2026/12/31),,,,,,2026-08-14 16:58,0,1,0,1,1,0,0,1
2026-08-21T20:22:59+00:00,2026-08-19,106,S100YTRE,E31331,39120,9010001145867,株式会社モバイルファクトリー,,010,043A00,160,2026-01-01,2026-12-31,2026-08-07 11:38,半期報告書－第26期(2026/01/01－2026/12/31),,,,,,2026-08-19 09:49,0,1,0,1,1,0,0,1
2026-08-21T20:22:59+00:00,2026-08-19,139,S100YSKI,E34539,,,ハイツ・キャピタル・マネジメント・インク,,060,010002,350,,,2026-07-28 15:34,変更報告書,E27585,,,,S100YS6A,2026-08-19 11:38,0,1,0,1,1,1,0,1
